0.13,0.0,0.13,0.5,0.08,0.08,0.0,0.0,0.0,0.0,0.0,0.0,0.0,0.0,0.0,0.0,0.0,0.0,0.0,0.0,0.0,1.26,1.36,4.8,7.0,0.0,0.0,0.0,1.0520345870375605,528.36,0.18034688,0.735,25.77,2.7,0.4,1.58,0.63,0.46,48.29,0.3,1,20992,520996352,12160,362748,8773,35,35485,6677,0,0,0,31.8,6680.0,2.0,2733.0,6.45,31.73,56.68,0.06603057936555315,1.5104,big_data
0.19,0.0,0.08,0.05,0.09,0.05,0.0,0.0,0.0,0.0,0.0,0.0,0.0,0.0,0.0,0.0,0.0,0.0,0.0,0.0,0.0,0.15,0.55,1.4,2.8,0.0,0.0,0.0,1.058635577663828,525.14,0.17924778666666666,0.8240000000000001,26.28,2.45,0.17,1.78,0.55,0.45,42.54,0.28,0,20992,520981312,12208,364784,216,27,34501,5136,0,0,0,17.0,5137.0,2.0,2733.0,5.93,31.2,56.37,0.06632178368469561,1.6128,big_data
0.03,0.0,0.05,0.0,0.09,0.08,0.0,0.0,0.0,0.0,1.4,0.0,0.01,0.0,0.0,0.0,4.0,0.0,0.14,0.0,0.0,0.13,0.44,1.2,2.4,0.0,0.0,0.0,1.061098249103538,222.34,0.07589205333333332,0.513,26.05,3.29,0.19,1.05,1.11,0.57,57.18,0.13,1,20992,520999232,12224,364804,0,38,34411,4900,0,0,0,20.6,4895.8,1.0,2733.0,5.53,30.7,56.08,0.06629751665810041,1.6128,big_data
0.08,0.0,0.09,0.05,0.07,0.06,0.0,0.0,0.0,2.0,0.0,0.01,0.0,0.0,0.0,4.0,0.0,0.0,0.0,0.08,0.0,3562.3,6.38,93.8,73.4,0.12,0.0,0.0,1.0576893295244318,629.64,0.21491712,0.598,30.7,4.58,0.15,0.99,0.86,0.51,51.01,0.4,0,20992,520973120,12380,401208,203,15,34846,5559,0,0,1,30.4,5560.0,2.0,2744.0,5.09,30.19,55.77,0.06632178368469561,1.6128,big_data
1.42,0.0,0.12,0.3,0.11,0.06,0.0,0.0,0.0,0.0,33.4,0.0,7.0,0.0,24.09,0.0,214.61,0.0,3.72,1.6,0.12,0.59,1.32,4.2,6.8,0.0,0.0,0.0,1.0557422420068283,3186.86,1.0877815466666667,1.01,18.82,1.8,0.37,1.5,0.3,0.3,29.88,1.31,1,20992,520538656,12480,470528,13365,7212,42078,22350,0,1,0,52.0,22308.8,3.0,2871.0,4.84,29.72,55.49,0.06658872097724287,1.6128,big_data
10.88,0.0,4.22,0.05,0.18,0.13,0.0,0.0,35.82,44.4,0.4,0.17,0.02,0.0,92.59,4.0,54.0,0.11,0.5,0.0,0.0,9.81,17.16,15.2,18.4,0.0,0.0,0.0,1.12536730141745,31164.640000000007,10.637530453333332,0.8759999999999999,32.58,3.41,0.42,1.45,0.36,0.32,30.82,1.09,0,20992,515620768,16360,1060812,2515,231,128152,198763,0,16,97,2351.2,196385.8,99.0,8538.0,13.66,31.14,55.81,0.06967063335483392,1.6128,big_data
89.1,0.0,5.35,0.01,0.54,0.11,0.0,0.0,95.10648437500002,74.2,59.2,14.43,4.74,0.0,92.07,199.12,82.01,3.06,1.27,4.72,0.27,15.02,14.98,31.6,44.4,0.0,0.0,0.0,1.9753983824085195,142211.68,48.54158677333333,1.117,45.39,2.84,0.39,1.24,0.25,0.28,29.42,1.17,6,20992,484641440,16684,1170164,15202,5054,98074,522708,0,95,598,3265.2,523232.4,610.0,23859.0,67.42,41.99,59.18,0.21478745239416056,1.92,big_data
93.75,0.0,5.34,0.0,0.54,0.1,0.0,0.0,99.726015625,310.0,10.0,71.06,1.06,0.0,84.23,234.71,108.56,4.77,0.94,15.76,1.33,69.7,34.6,118.76,173.85,0.0,0.0,0.0,7.858394420866379,150271.86000000002,51.29279488,1.19,51.21,2.87,0.31,1.16,0.27,0.32,30.21,1.32,0,20992,445999168,16792,1570172,73990,1336,48013,778206,0,100,468,378.8,770234.6,521.0,24699.0,120.8,53.48,62.81,0.5795208621200937,3.9936,big_data
92.31,0.0,6.15,0.02,0.55,0.17,0.0,0.0,99.174921875,933.2,89.4,217.14,2.1,1.02,73.78,238.27,24.01,12.22,1.62,47.28,7.26,133.6,53.45,191.8,295.4,0.0,0.0,0.0,15.216532926345536,162243.0,55.378944,1.23,53.19,2.75,0.25,1.03,0.31,0.38,32.54,1.72,0,20992,402230112,16868,2702644,223279,2193,51423,820718,0,99,322,241.4,814338.2,438.0,25251.0,139.0,58.37,64.34,0.6002934368855892,4.352,big_data
88.62,0.0,9.61,0.2,0.56,0.2,0.0,0.0,98.99859375000004,1839.0,5.6,446.67,0.6,1.96,84.7,248.71,109.71,112.21,47.32,95.12,29.26,188.43,45.54,117.76,207.78,0.01,0.0,0.0,23.197345167399675,169286.44,57.78310485333333,1.411,53.49,1.92,0.18,0.69,0.28,0.39,29.69,3.75,90,20992,310595424,16900,5137324,487534,694,58874,1019932,0,100,589,127.8,1011683.2,662.0,25279.0,173.03,66.76,67.03,0.6129850917948815,4.4544,big_data
89.59,0.0,9.57,0.05,0.48,0.15,0.0,0.0,99.79210937499998,1889.82,22.36,466.0,2.23,0.01,43.15,252.5,102.14,133.07,58.96,100.12,32.07,14.61,15.29,24.0,37.0,0.0,0.0,0.0,40.59575494735945,144707.98,49.39365717333334,1.6340000000000001,51.59,1.46,0.18,0.59,0.2,0.32,21.5,2.22,117,20992,250774976,16924,7553056,482242,2480,53775,1581090,0,100,1067,41.8,1578394.8,792.0,25282.0,249.74,84.43,72.74,0.6139557728586897,4.5056,big_data
91.24,0.0,8.09,0.02,0.42,0.15,0.0,0.0,99.89773437499996,1885.8,19.8,467.03,2.0,0.16,36.13,253.6,103.47,133.62,60.29,100.16,32.04,2.58,14.33,30.6,50.8,0.0,0.0,0.0,51.09419456673872,137816.52,47.04137216,1.895,56.38,1.15,0.14,0.4,0.16,0.31,16.98,1.63,103,20992,234345312,16940,9934708,476130,2244,53105,2177558,0,100,1022,14.2,2163624.0,1399.0,25190.0,316.07,100.93,78.14,0.6132762961140239,4.5312,big_data
89.48,0.0,9.59,0.08,0.53,0.19,0.0,0.0,99.77828124999996,1876.8,21.0,467.64,2.19,0.05,46.7,255.15,106.59,134.56,52.58,100.48,32.14,2.41,15.04,16.17,21.36,0.0,0.0,0.0,53.59845315724828,168309.91999999998,57.44978602666666,1.598,58.9,1.67,0.24,0.58,0.22,0.36,23.19,2.11,151,20992,228415984,16988,12398136,486682,2548,55143,1371340,0,99,304,19.6,1401404.4,556.0,25053.0,354.9,112.55,82.02,0.6110437296672651,4.5568,big_data
68.37,0.0,5.68,14.85,0.5,0.2,0.0,0.0,74.75460937499999,1897.41,11.78,472.4,0.24,0.02,81.33,254.95,21.15,132.45,52.12,100.76,32.25,3.34,22.76,16.6,18.8,0.0,0.0,0.0,54.32900979567751,141572.78,48.32350890666667,1.545,52.07,1.82,0.27,0.56,0.21,0.32,22.82,1.97,166,20992,234616448,17232,14980676,484272,1295,112140,589408,0,74,148,460.2,585521.0,274.0,24977.0,354.51,116.49,83.46,0.6093693048321959,4.5824,big_data
74.07,0.0,6.41,12.1,0.5,0.16,0.0,0.0,81.14640625,1903.4,11.4,472.91,0.26,0.06,78.57,254.42,23.16,133.06,51.51,101.2,32.39,25.25,26.23,36.2,52.4,0.0,0.0,0.0,52.46915831948302,144192.62,49.21774762666666,1.5930000000000002,51.75,1.66,0.24,0.52,0.2,0.32,22.07,2.0,173,20992,223001536,17356,17506896,488210,1235,106368,722063,0,81,45,268.2,720808.4,198.0,25150.0,351.66,119.85,84.73,0.6040062919546556,4.6080000000000005,big_data
59.66,0.0,5.06,19.9,0.44,0.18,0.0,0.0,65.351875,1878.8,11.6,467.35,2.72,0.02,71.71,254.72,240.41,133.7,53.33,100.88,32.28,21.23,23.64,28.8,40.4,0.0,0.0,0.0,54.28740672243339,129819.28,44.31164757333333,1.584,52.75,1.7,0.26,0.45,0.2,0.32,22.81,2.16,165,20992,221071888,17468,19999952,481954,3021,112470,462041,0,65,48,249.2,462344.2,51.0,24979.0,344.16,122.15,85.66,0.6073308745981988,4.6848,big_data
68.42,0.0,5.77,15.99,0.47,0.2,0.0,0.0,74.86375,1864.8,20.2,464.39,4.26,0.02,70.29,255.01,216.12,136.15,50.88,100.64,32.2,16.59,26.13,29.4,41.0,0.0,0.0,0.0,54.19153995781083,136229.9,46.49980586666666,1.621,50.71,1.52,0.24,0.47,0.19,0.31,21.41,1.79,162,20992,228968800,17704,22557848,474256,3992,120766,606008,0,76,360,429.6,583158.2,150.0,24983.0,338.31,124.62,86.65,0.6041033600610364,4.8896000000000015,big_data
85.43,0.0,7.49,4.03,0.54,0.2,0.0,0.0,93.65968750000003,1911.6,1.2,475.04,0.3,0.09,97.67,254.47,256.0,132.73,42.0,100.96,32.32,28.26,36.42,40.8,58.4,0.0,0.0,0.0,51.915653958116906,156598.26,53.45220608000001,1.6380000000000001,54.44,1.53,0.22,0.46,0.2,0.32,22.74,1.92,127,20992,240453840,18000,25243960,484385,1138,89365,878432,0,94,295,521.2,876112.8,375.0,24331.0,333.24,127.12,87.67,0.6047828368057021,4.9664,big_data
89.99,0.0,8.06,0.52,0.59,0.27,0.0,0.0,98.90843750000003,1798.0,104.99,446.5,14.58,0.11,43.26,254.29,142.19,132.95,18.09,100.68,31.43,14.6,26.48,27.15,38.72,0.0,0.0,0.0,49.28456778846228,168735.4,57.59501653333333,1.5290000000000001,58.95,1.74,0.24,0.49,0.24,0.36,27.0,2.07,11,20992,268324560,18288,27865048,425244,16591,61943,1022324,0,99,355,320.0,1036383.6,320.0,22385.0,343.23,132.61,89.65,0.5784045788967143,5.0688,big_data
88.72,0.0,9.05,0.05,0.59,0.29,0.0,0.0,98.65921875,1298.8,376.8,322.07,77.32,0.89,32.57,253.93,210.13,41.43,13.61,92.16,23.33,17.02,20.04,35.4,50.6,0.0,0.0,0.0,43.22360127863296,154939.28,52.88594090666666,1.501,52.46,1.72,0.22,0.56,0.23,0.35,27.53,1.73,3,20992,404806624,18832,30376828,344918,78365,66237,901089,0,99,366,606.0,893831.0,368.0,12255.0,344.49,136.37,91.1,0.5075448612387152,4.8896000000000015,big_data
89.18,0.0,5.9,0.08,0.5,0.26,0.0,0.0,95.84679687500002,1609.6,14.0,393.55,3.31,1.91,83.17,250.37,242.0,34.26,55.53,85.44,21.42,36.17,23.5,45.8,67.6,0.0,0.0,0.0,17.069107845333463,149731.84,51.10846805333333,1.67,50.36,1.37,0.2,0.48,0.19,0.32,22.91,1.92,0,20992,409675872,18952,32453928,383484,2507,78636,1020616,0,96,257,339.4,1010837.4,317.0,10141.0,342.85,139.48,92.35,0.2753822178023877,3.5072,big_data
71.59,0.0,5.25,0.34,0.46,0.28,0.0,0.0,77.58390625000001,1781.4,1.4,434.21,0.27,4.21,97.99,249.6,198.86,36.17,68.0,92.88,24.23,24.21,17.75,29.6,41.6,0.0,0.0,0.0,15.783759402156178,136195.86000000002,46.48818688,1.5519999999999998,49.83,1.62,0.23,0.5,0.22,0.34,26.34,2.19,2,20992,436380128,19044,34965000,449551,593,106429,529539,0,77,122,429.6,559703.0,50.0,7290.0,320.92,138.31,92.23,0.2373315201011061,3.0976,big_data
79.76,0.0,7.37,0.03,0.5,0.22,0.0,0.0,87.85789062499994,730.2,4.4,171.05,1.02,0.27,98.32,239.87,237.45,5.52,19.0,38.48,3.98,18.9,27.16,32.6,43.8,0.0,0.0,0.0,10.623915307152108,136374.74,46.54924458666667,1.3030000000000002,45.7,2.2,0.31,0.88,0.22,0.29,26.83,1.37,1,20992,446791584,20896,36480092,165766,1303,119873,571614,0,88,343,3298.4,562246.0,272.0,15480.0,334.94,144.25,94.4,0.21619493993668248,2.56,big_data
91.7,0.0,6.14,0.0,0.56,0.14,0.0,0.0,98.54109374999996,446.31,33.13,104.85,8.09,0.09,70.46,240.57,249.9,4.82,3.05,25.31,2.08,58.51,37.34,78.84,118.96,0.0,0.0,0.0,8.462254650766008,151407.96000000002,51.68058368000001,1.166,48.33,2.74,0.34,1.13,0.27,0.32,30.3,1.54,4,20992,415939392,21024,37036888,111726,8708,65860,614942,0,99,462,2068.46,622128.74,518.0,23290.0,354.56,151.49,97.0,0.441150276474234,3.1488,big_data
92.84,0.0,6.11,0.01,0.56,0.16,0.0,0.0,99.66921874999996,764.4,393.2,177.68,97.06,0.47,11.2,238.02,252.78,8.38,6.15,66.4,8.14,78.25,35.41,106.2,161.4,0.0,0.0,0.0,14.781877482929904,152326.48,51.99410517333334,1.3030000000000002,51.41,2.37,0.25,0.94,0.26,0.34,29.32,1.77,5,20992,372907136,21084,38009376,200759,101014,52241,961359,0,100,569,303.6,933369.2,823.0,23864.0,372.62,158.6,99.6,0.5752741324659327,4.1472,big_data
90.7,0.0,8.21,0.05,0.58,0.19,0.0,0.0,99.67820312499994,1467.2,208.4,356.31,51.51,1.99,17.63,248.68,253.08,70.03,20.21,96.64,25.76,113.01,43.88,129.6,201.8,0.0,0.0,0.0,22.662435188542034,166487.52,56.82774016,1.337,53.7,2.24,0.24,0.82,0.28,0.37,30.05,2.39,70,20992,322027232,21124,39865736,377884,52377,55564,1006723,0,100,680,195.81,986324.55,630.0,24038.0,426.86,173.4,104.7,0.5828211777370416,4.1984,big_data
90.08,0.0,8.55,0.2,0.58,0.18,0.0,0.0,99.389453125,1828.6,22.2,445.7,5.5,0.19,0.89,249.59,253.48,138.72,51.9,101.28,32.41,94.79,31.29,76.4,129.4,0.0,0.0,0.0,32.24911316722104,170818.32,58.30598656,1.439,55.55,2.0,0.21,0.7,0.25,0.37,28.01,2.94,158,20992,254471664,21144,42159900,470331,5334,58404,1085633,0,99,567,138.6,1077239.8,745.0,24288.0,457.22,183.9,108.47,0.5875289808965113,4.3008,big_data
80.91,0.0,6.3,7.04,0.47,0.16,0.0,0.0,87.83132812499994,1823.4,16.4,449.16,3.9,0.09,61.86,252.24,243.66,137.99,54.2,100.16,32.06,5.61,18.69,25.4,37.6,0.0,0.0,0.0,43.980645282848776,133981.72,45.73242709333334,1.6580000000000001,51.04,1.38,0.19,0.5,0.2,0.33,21.88,1.76,137,20992,242009984,21196,44347588,461489,4107,91892,844222,0,88,324,135.6,883493.2,193.0,24235.0,444.95,185.9,109.52,0.5858545560614422,4.3776,big_data
74.19,0.0,5.41,11.89,0.46,0.17,0.0,0.0,80.2234375,1799.8,19.8,448.38,4.73,0.07,54.38,255.11,244.57,139.68,55.68,100.56,32.2,6.17,17.65,27.4,41.4,0.0,0.0,0.0,45.792044759963275,131071.98,44.73923584,1.646,50.41,1.49,0.22,0.52,0.19,0.31,20.13,1.73,146,20992,235727264,21240,46536052,457885,5462,105029,636817,0,79,54,141.6,648419.2,77.0,24229.0,437.75,188.7,110.84,0.5893004738379612,4.4288,big_data
61.61,0.0,5.07,18.22,0.46,0.17,0.0,0.0,67.306875,1673.2,85.6,416.0,18.39,0.1,24.65,254.59,219.96,148.19,59.56,100.56,32.18,7.21,22.52,21.0,26.2,0.0,0.0,0.0,46.141596253130324,126684.26,43.24156074666667,1.548,50.41,1.68,0.24,0.5,0.21,0.33,23.29,1.86,157,20992,232614576,21312,48639104,423185,21389,110995,430788,0,68,277,249.4,426132.6,52.0,24055.0,428.56,190.93,111.98,0.5886452641198908,4.5312,big_data
71.01,0.0,5.67,13.9,0.5,0.19,0.0,0.0,77.37640624999997,1685.6,87.4,418.81,18.64,0.06,0.0,254.42,218.36,148.03,58.05,100.88,32.29,15.73,26.15,29.8,40.8,0.0,0.0,0.0,46.08447865310069,135688.0,46.31483733333333,1.605,49.97,1.58,0.23,0.52,0.2,0.31,22.08,1.76,141,20992,236120464,21496,50926404,429480,19962,120259,595685,0,78,190,376.0,576752.2,109.0,23731.0,413.94,191.85,112.7,0.5811710199285676,4.6848,big_data
75.21,0.0,5.82,10.56,0.5,0.2,0.0,0.0,81.71562500000003,1678.0,88.6,416.6,18.86,0.1,45.58,254.23,217.97,147.84,59.58,100.56,32.21,27.63,29.15,35.4,50.6,0.0,0.0,0.0,45.32190880237855,134620.24,45.95037525333333,1.61,49.52,1.46,0.21,0.46,0.2,0.32,22.83,1.71,144,20992,238745072,21728,53204612,426465,19563,119746,654430,0,82,275,526.4,658701.2,70.0,23877.0,403.13,193.3,113.59,0.5767058870350499,4.812799999999998,big_data
84.71,0.0,6.56,4.62,0.5,0.19,0.0,0.0,91.971171875,1694.42,82.47,419.82,17.45,0.02,0.0,253.71,216.61,146.77,60.52,100.64,32.22,32.96,29.01,38.92,56.49,0.0,0.0,0.0,43.81113796991636,141496.82,48.29758122666667,1.686,51.28,1.36,0.2,0.45,0.19,0.32,22.06,1.75,124,20992,237474032,21968,55515740,427222,17976,93925,886915,0,92,218,380.6,867466.8,211.0,23601.0,397.76,195.66,114.79,0.5824814393647086,4.812799999999998,big_data
88.19,0.0,7.37,1.95,0.56,0.23,0.0,0.0,96.34421875,1704.8,72.0,423.17,15.26,0.12,0.0,254.18,217.07,146.34,66.1,100.64,32.22,14.3,35.95,29.0,36.6,0.0,0.0,0.0,43.07543155795927,154409.8,52.70521173333334,1.6569999999999998,54.56,1.46,0.21,0.45,0.2,0.32,22.82,1.71,55,20992,266372512,22356,57958172,426391,15944,80257,1037228,0,96,737,621.8,1025657.8,404.0,22495.0,406.91,200.92,116.92,0.5592578949130973,4.7872,big_data
89.89,0.0,8.11,0.15,0.58,0.27,0.0,0.0,98.84289062500004,1539.2,193.2,381.17,43.51,0.98,36.2,253.59,230.62,79.25,27.97,98.64,28.21,18.65,20.29,37.0,51.6,0.0,0.0,0.0,35.726641802126544,155603.68,53.11272277333333,1.5759999999999998,53.65,1.61,0.22,0.52,0.21,0.34,25.54,1.63,4,20992,345892864,22620,60427296,376378,46353,66794,982304,0,99,323,381.2,985908.6,438.0,16569.0,399.71,202.84,118.0,0.504438681834529,4.6080000000000005,big_data
87.23,0.0,6.23,0.6,0.52,0.28,0.0,0.0,94.24953125000002,1597.8,160.4,392.84,35.2,3.49,32.43,251.76,224.72,75.81,36.83,99.68,29.43,32.06,21.91,43.8,64.0,0.0,0.0,0.0,19.2166619739684,149669.96000000002,51.08734634666667,1.665,50.67,1.4,0.19,0.47,0.2,0.33,23.08,2.01,5,20992,365442368,22764,62498152,395153,36858,90135,927215,0,94,98,383.8,962367.6,161.0,13599.0,388.2,203.73,118.74,0.3411701269019889,3.6352,big_data
71.55,0.0,5.77,2.74,0.5,0.28,0.0,0.0,78.08843750000003,1492.4,215.8,365.72,48.0,6.46,28.31,250.94,227.78,39.7,27.34,100.0,27.5,20.49,18.44,24.8,34.2,0.0,0.0,0.0,16.211777460786337,130185.5,44.43665066666666,1.557,46.79,1.56,0.22,0.52,0.21,0.32,24.21,1.79,0,20992,391231168,23592,64632788,368477,52748,128848,590852,0,79,313,1117.0,567869.6,319.0,13184.0,366.32,202.25,118.72,0.2867877203021342,3.2256,big_data
88.79,0.0,7.17,0.06,0.57,0.2,0.0,0.0,96.73851562499992,497.41,821.12,113.23,180.58,0.52,29.55,233.11,225.19,9.45,4.62,75.94,7.99,15.87,26.23,31.6,42.4,0.0,0.0,0.0,12.905619823049324,143497.66,48.98053461333333,1.23,46.07,2.37,0.34,1.03,0.24,0.3,28.33,1.34,1,20992,389500928,23968,65355700,107727,188771,84837,625577,0,97,423,2844.4,643676.2,464.0,22133.0,385.91,209.04,121.36,0.4613161755748494,3.5328,big_data
91.68,0.0,6.64,0.02,0.58,0.16,0.0,0.0,99.0690625,672.85,326.35,155.3,79.53,0.27,22.88,236.34,249.54,8.01,4.66,57.88,6.26,92.3,46.53,124.95,189.62,0.0,0.0,0.0,14.435248137462557,156079.02,53.27497216,1.169,49.69,2.71,0.29,1.07,0.31,0.36,32.3,1.89,0,20992,355778656,24136,66234308,173060,71374,58397,706165,0,100,404,608.8,688949.6,483.0,22645.0,420.28,219.1,125.09,0.5411789600996695,4.0703999999999985,big_data
90.74,0.0,7.78,0.07,0.59,0.2,0.0,0.0,99.30140625,1301.2,166.8,309.71,40.9,3.26,26.71,243.73,251.11,57.96,15.92,82.08,19.35,115.67,41.5,121.2,190.8,0.0,0.0,0.0,22.036422288859765,166481.48,56.82567850666666,1.369,52.68,2.15,0.23,0.81,0.27,0.37,29.79,2.31,43,20992,302471488,24208,67855280,335693,42979,58750,1000136,0,99,371,286.8,960147.6,643.0,23453.0,439.79,226.49,127.98,0.5659070602001836,4.3008,big_data
90.6,0.0,7.69,0.32,0.55,0.17,0.0,0.0,99.004453125,1799.8,30.0,441.08,7.11,0.2,49.15,250.95,242.64,139.11,58.12,100.4,32.13,50.99,23.05,48.4,77.8,0.0,0.0,0.0,32.84690391286117,156859.16,53.54125994666666,1.5930000000000002,51.22,1.51,0.19,0.57,0.22,0.34,24.88,2.55,108,20992,254809504,24252,70156168,465654,7006,62478,1245912,0,98,270,82.4,1261527.4,334.0,23551.0,484.97,239.39,132.69,0.5717796806362232,4.3776,big_data
78.87,0.0,6.19,8.37,0.5,0.17,0.0,0.0,85.72906249999997,1796.2,27.2,444.52,6.72,0.1,54.82,253.42,253.12,140.83,57.41,100.72,32.24,13.62,19.02,33.2,49.2,0.0,0.0,0.0,38.479117656971326,131296.34,44.81581738666666,1.5859999999999999,47.71,1.43,0.21,0.54,0.2,0.32,22.47,1.79,119,20992,241448560,24332,72298728,453918,8212,109118,682665,0,85,130,220.0,703555.0,89.0,23408.0,473.36,241.06,133.8,0.5706633974128438,4.3776,big_data
52.71,0.0,4.67,24.29,0.42,0.19,0.0,0.0,57.98625000000001,1797.8,25.6,446.41,6.17,0.04,43.86,254.27,246.81,139.69,55.6,100.48,32.16,13.42,19.23,29.4,42.0,0.0,0.0,0.0,40.99110318240764,120157.13999999998,41.01363712,1.472,50.79,1.83,0.27,0.49,0.22,0.33,23.36,2.49,121,20992,231031600,24376,74420792,457979,5921,103238,339316,0,56,45,73.4,367331.8,181.0,23144.0,457.0,241.53,134.53,0.5680182915139664,4.3776,big_data
62.05,0.0,4.9,18.26,0.46,0.18,0.0,0.0,67.59148437500002,1798.4,30.2,447.95,7.37,0.06,52.22,255.06,249.85,139.85,58.44,101.36,32.44,6.26,15.55,17.8,21.8,0.0,0.0,0.0,41.74202917681833,127694.84,43.58650538666666,1.6059999999999999,49.69,1.58,0.23,0.49,0.19,0.31,20.9,1.83,115,20992,229745920,24524,76610912,458966,8506,110973,485635,0,69,66,256.6,474787.0,212.0,23431.0,435.7,240.69,134.83,0.5683822969128944,4.3776,big_data
74.31,0.0,6.19,10.25,0.5,0.19,0.0,0.0,81.188671875,1841.6,31.6,457.83,7.74,0.44,54.73,254.57,250.91,136.74,55.92,101.12,32.36,15.07,25.26,26.4,34.0,0.0,0.0,0.0,41.72533411449352,141241.88,48.21056170666667,1.695,53.11,1.43,0.21,0.4,0.19,0.31,20.97,2.0,94,20992,234266016,24824,78960912,465291,8518,107013,733574,0,82,141,274.8,710129.2,156.0,22806.0,417.22,240.1,135.21,0.562291273237498,4.3776,big_data
85.74,0.0,7.36,3.19,0.57,0.23,0.0,0.0,93.90171875000004,1813.8,44.4,449.93,10.46,0.26,55.78,254.01,241.23,138.67,55.81,101.12,32.36,21.08,35.04,32.2,41.4,0.0,0.0,0.0,38.4463606390496,156357.41999999998,53.36999936,1.653,54.74,1.53,0.22,0.45,0.2,0.32,22.88,1.77,37,20992,260404288,25196,81460320,453270,11851,91745,907963,0,94,246,789.0,913757.6,435.0,22411.0,416.08,242.8,136.65,0.5394317341848148,4.1984,big_data
88.78,0.0,7.83,0.16,0.55,0.25,0.0,0.0,97.41601562500004,1002.0,543.0,245.13,132.72,0.73,18.47,250.51,250.3,67.04,8.42,90.4,17.5,17.34,22.49,30.2,41.8,0.0,0.0,0.0,32.573137190550604,148070.0,50.54122666666667,1.518,50.5,1.68,0.22,0.58,0.22,0.34,26.57,1.46,3,20992,353953696,25532,83121184,226054,138868,74556,874584,0,97,175,548.4,868240.8,253.0,16342.0,409.91,244.4,137.74,0.4917227598986415,4.1472,big_data
85.6,0.0,6.0,0.23,0.5,0.25,0.0,0.0,92.35945312500002,1368.06,303.99,330.54,75.06,3.45,18.03,247.41,252.84,23.68,18.16,98.68,24.43,49.62,27.38,60.8,92.8,0.0,0.0,0.0,16.611416415562765,138579.0,47.301632,1.6269999999999998,45.35,1.36,0.18,0.54,0.2,0.33,24.11,1.98,14,20992,345445120,25664,84883032,353141,74038,96753,804711,0,93,212,438.8,814110.2,167.0,14446.0,397.43,244.56,138.36,0.3501246597156196,3.3024,big_data
86.62,0.0,7.22,0.32,0.53,0.22,0.0,0.0,94.59429687500004,1402.4,261.0,341.11,64.12,5.4,38.9,249.07,251.57,68.01,20.15,95.36,23.92,16.04,24.75,26.0,33.8,0.0,0.0,0.0,17.609982675242897,151247.08000000002,51.62566997333335,1.445,49.0,1.91,0.29,0.76,0.2,0.28,24.35,1.74,10,20992,338202208,26408,86751792,332091,71517,97612,830431,0,95,361,2545.0,838850.4,395.0,22462.0,417.17,251.19,141.08,0.5358644812753196,3.7888,big_data
91.95,0.0,6.28,0.02,0.55,0.18,0.0,0.0,98.97242187499997,810.2,459.4,186.82,97.76,0.69,32.95,236.12,217.91,8.96,5.95,71.44,9.25,56.2,36.75,103.4,153.0,0.0,0.0,0.0,20.23360728404834,151049.7,51.5582976,1.325,48.82,2.18,0.26,0.88,0.26,0.34,29.11,1.52,2,20992,320855040,26520,87814320,196014,93848,61258,855066,0,99,277,361.48,856647.7,303.0,22386.0,422.12,254.97,142.89,0.5424893795358106,3.9168,big_data
88.65,0.0,8.68,0.12,0.58,0.21,0.0,0.0,98.12625,1396.6,118.8,331.73,29.19,3.26,37.14,243.22,251.57,43.5,11.76,79.84,19.58,136.73,47.42,111.0,182.0,0.0,0.0,0.0,23.723493252428106,162850.46000000002,55.58629034666668,1.38,51.13,2.02,0.21,0.77,0.27,0.37,29.59,2.68,8,20992,266888960,26724,89603600,338061,37328,63788,873143,0,98,865,569.0,803131.2,1343.0,22293.0,436.37,260.7,145.35,0.5407421536209558,3.9168,big_data
91.18,0.0,7.51,0.08,0.5,0.24,0.0,0.0,99.434140625,1528.0,194.4,372.6,47.86,6.21,1.72,249.7,252.09,76.49,26.28,98.24,27.15,6.06,17.31,20.6,25.6,0.0,0.0,0.0,32.729777651779855,154352.44,52.68563285333333,1.653,54.07,1.48,0.2,0.55,0.2,0.33,22.61,2.05,62,20992,259871888,26820,91632824,410822,43381,60926,1479558,0,99,640,354.6,1513582.0,326.0,22432.0,458.76,268.26,148.41,0.5405237503815989,4.0192,big_data
83.81,0.0,6.79,4.0,0.56,0.17,0.0,0.0,91.32437499999996,1828.0,38.4,450.59,9.3,0.33,52.36,252.41,248.12,138.76,70.8,100.56,32.21,48.63,29.75,69.6,110.6,0.0,0.0,0.0,34.063832094939926,145076.68,49.51950677333333,1.5490000000000002,46.28,1.56,0.22,0.6,0.2,0.32,23.54,1.82,104,20992,237983760,26888,93909424,466859,9913,106921,799769,0,90,81,432.0,839066.8,101.0,23017.0,451.25,269.87,149.58,0.5550596993121268,4.1216,big_data
74.34,0.0,5.56,9.42,0.5,0.16,0.0,0.0,80.56093750000005,1852.6,28.8,455.94,7.12,0.17,60.44,252.01,253.0,136.17,66.33,100.8,32.26,38.09,22.24,42.4,62.4,0.0,0.0,0.0,39.24624360149927,133962.46000000002,45.72585301333334,1.6119999999999999,48.41,1.45,0.21,0.49,0.2,0.33,22.79,2.09,116,20992,215412048,26924,96147984,470089,6607,111129,622063,0,80,37,126.4,631391.4,63.0,23204.0,442.74,271.11,150.63,0.5602043089503104,4.096,big_data
62.94,0.0,4.88,14.58,0.45,0.19,0.0,0.0,68.45906249999999,1850.6,21.4,460.61,5.23,0.11,50.0,254.87,250.32,135.36,60.82,100.72,32.23,6.52,21.97,20.8,26.2,0.0,0.0,0.0,39.92753392153624,126560.28,43.19924224,1.6230000000000002,49.91,1.53,0.23,0.5,0.19,0.31,21.07,1.92,118,20992,222485680,27048,98399424,472908,6166,109344,522720,0,70,76,254.2,488813.2,138.0,22894.0,444.77,274.38,152.33,0.5590394916737405,4.2752,big_data
77.62,0.0,5.73,7.24,0.48,0.2,0.0,0.0,84.02429687500006,1824.8,32.6,453.57,7.96,0.03,56.42,254.52,249.94,138.14,69.86,100.88,32.29,11.85,20.36,28.94,40.12,0.0,0.0,0.0,39.12687379214515,143445.68,48.96279210666666,1.732,54.6,1.39,0.2,0.39,0.18,0.31,20.19,1.8,73,20992,228302688,27128,100705040,459701,9326,97917,788796,0,84,282,259.8,780444.2,387.0,22276.0,445.27,277.31,153.94,0.5589424235673597,4.2752,big_data
89.03,0.0,7.68,0.84,0.57,0.25,0.0,0.0,97.53085937500002,1801.2,50.6,446.87,12.48,0.61,49.6,254.05,252.58,139.38,65.47,100.56,32.19,10.72,20.45,22.6,29.2,0.0,0.0,0.0,35.691491110025275,159749.13999999998,54.52770645333332,1.635,55.77,1.56,0.22,0.46,0.2,0.33,24.01,1.73,9,20992,283933344,27464,103418488,448954,13782,75015,1031886,0,98,175,582.0,1039552.8,372.0,19033.0,440.68,279.15,155.19,0.5042202785951722,4.1728000000000005,big_data
84.4,0.0,7.06,0.22,0.54,0.26,0.0,0.0,92.26492187500004,1045.8,564.6,252.11,139.29,1.54,12.82,246.86,252.63,37.5,9.46,96.08,18.2,42.3,21.58,46.8,69.6,0.0,0.0,0.0,21.88560868416197,141030.12,48.13828096,1.545,46.42,1.55,0.2,0.58,0.21,0.33,25.34,1.52,1,20992,332430592,27700,104828448,232239,147706,100351,752785,0,92,270,904.8,762964.4,302.0,15483.0,430.78,279.78,156.06,0.3750226290023,3.584,big_data
86.6,0.0,6.91,0.12,0.51,0.23,0.0,0.0,94.24710937500002,1028.2,583.8,242.78,130.75,1.85,23.55,241.79,229.34,13.37,8.88,95.44,16.9,28.95,28.32,48.2,67.8,0.0,0.0,0.0,16.50301565415146,135502.34,46.25146538666666,1.405,45.03,1.77,0.25,0.74,0.23,0.32,26.67,1.62,1,20992,327887808,28316,106308688,252958,135242,100542,776463,0,95,395,1994.0,780490.4,260.0,20694.0,439.04,284.0,158.09,0.44813918013365306,3.6864,big_data
91.72,0.0,6.34,0.01,0.56,0.18,0.0,0.0,98.79921874999997,992.2,89.0,230.7,21.79,0.52,61.77,238.09,250.71,7.42,9.38,56.0,7.6,42.08,28.72,55.4,83.4,0.0,0.0,0.0,20.129924115524307,150658.74,51.42484991999999,1.349,47.76,2.02,0.27,0.86,0.24,0.32,27.86,1.75,12,20992,296829472,28440,107434928,226713,15109,61018,901561,0,99,437,741.8,887950.6,401.0,22608.0,433.59,285.45,159.24,0.552584462599416,4.1216,big_data
91.04,0.0,7.29,0.04,0.58,0.2,0.0,0.0,99.11273437499996,1427.94,74.45,344.33,18.33,2.45,40.13,246.92,252.17,34.02,14.91,79.84,19.58,97.37,41.59,126.8,191.6,0.0,0.0,0.0,25.91695406363345,163437.72,55.78674176000001,1.3530000000000002,50.23,2.04,0.23,0.78,0.27,0.37,30.22,2.35,27,20992,256852784,28488,109352496,390001,19170,62900,937755,5,99,363,266.47,908579.24,338.0,23151.0,434.83,288.16,160.79,0.5611507229875233,4.2496,big_data
90.37,0.0,8.31,0.15,0.56,0.22,0.0,0.0,99.46945312499993,1866.6,29.2,458.01,7.14,0.62,56.29,251.26,250.44,134.56,58.18,100.4,32.12,66.89,29.4,56.8,90.0,0.0,0.0,0.0,34.46649328135389,162981.02,55.63085482666666,1.569,52.36,1.57,0.19,0.57,0.22,0.35,25.63,2.44,66,20992,221608320,28580,111772016,474801,8134,61386,1237078,0,99,647,223.55,1244537.13,1207.0,22396.0,472.64,298.44,164.8,0.5473185178282565,4.2496,big_data
89.79,0.0,7.35,0.72,0.55,0.2,0.0,0.0,97.88499999999998,1832.4,37.4,453.55,9.12,0.2,55.9,253.46,249.78,137.39,57.53,100.72,32.24,14.97,23.83,29.2,41.4,0.0,0.0,0.0,37.00993549173191,152268.16,51.97419861333334,1.6219999999999999,52.29,1.47,0.22,0.52,0.2,0.33,23.09,1.92,85,20992,216535392,28736,114160480,465976,9960,72059,1138524,0,98,263,431.6,1128906.2,406.0,22591.0,474.91,301.8,166.61,0.5565399879344344,4.3008,big_data
87.19,0.0,6.94,2.52,0.55,0.19,0.0,0.0,94.87890625,1835.2,32.6,454.88,8.06,0.09,63.12,253.81,253.33,137.41,58.0,101.2,32.4,30.35,29.36,51.8,77.8,0.0,0.0,0.0,36.68661736344864,151962.62,51.86990762666667,1.6130000000000002,50.32,1.46,0.21,0.5,0.19,0.31,22.69,1.88,95,20992,213604000,28916,116478320,464747,9124,88615,951368,0,95,204,530.4,971234.2,342.0,22802.0,481.08,305.95,168.68,0.5542831544610803,4.3264,big_data
86.96,0.0,6.54,2.97,0.56,0.2,0.0,0.0,94.26023437500004,1851.0,28.4,455.99,7.0,0.16,64.23,252.26,252.25,136.54,58.14,101.12,32.38,31.98,25.79,43.0,62.2,0.0,0.0,0.0,37.95846736461818,150637.06,51.41744981333333,1.6,49.36,1.48,0.22,0.53,0.2,0.32,23.05,1.95,92,20992,204614832,29068,118841152,468552,6927,92040,896077,0,94,110,381.64,901068.86,452.0,22684.0,478.59,308.34,170.19,0.5577776062907898,4.3264,big_data
87.68,0.0,6.75,2.23,0.55,0.2,0.0,0.0,95.18953124999996,1781.24,26.95,440.01,6.59,0.21,66.17,252.96,250.4,140.38,64.69,101.08,32.35,26.64,29.04,38.6,54.8,0.0,0.0,0.0,39.07953939703749,152410.6,52.02281813333334,1.618,52.17,1.48,0.21,0.51,0.2,0.33,23.94,1.85,60,20992,208575616,29220,121185792,448962,7430,82047,997009,0,95,368,393.0,981203.8,312.0,22260.0,476.46,310.73,171.7,0.5450374173283071,4.2496,big_data
89.14,0.0,7.48,0.95,0.56,0.22,0.0,0.0,97.40281250000004,1785.4,54.4,442.38,13.29,0.35,54.59,253.72,250.18,139.93,71.11,100.8,32.26,23.17,23.25,34.4,49.0,0.0,0.0,0.0,33.47560922211313,158208.84,54.00195072,1.6280000000000001,52.52,1.5,0.21,0.49,0.2,0.33,24.2,1.92,47,20992,258217040,29484,123744112,447758,15370,74798,1016163,0,97,168,419.4,1009361.4,386.0,18501.0,472.9,312.74,173.1,0.4719451332235493,3.968,big_data
86.76,0.0,6.55,1.68,0.53,0.24,0.0,0.0,94.077890625,1755.8,76.4,434.58,18.89,0.59,46.72,253.45,253.17,139.88,61.7,100.24,32.08,33.34,23.9,42.4,63.0,0.0,0.0,0.0,24.07346327842605,149922.32,51.17348522666667,1.662,50.73,1.45,0.2,0.49,0.19,0.31,22.73,1.86,1,20992,274029376,29788,126072368,427054,21086,91250,948816,0,94,184,621.4,964522.4,262.0,17196.0,467.22,314.22,174.33,0.4183878055279316,3.584,big_data
87.96,0.0,7.38,0.1,0.59,0.25,0.0,0.0,96.177265625,945.8,564.0,229.68,139.18,0.9,21.97,248.67,252.69,21.15,8.29,89.2,16.19,13.09,32.48,31.0,39.2,0.0,0.0,0.0,21.627916807046393,148103.78,50.55275690666666,1.337,46.4,2.01,0.29,0.84,0.23,0.31,27.21,1.47,8,20992,294020480,30364,127450024,217624,153685,88008,719296,0,96,433,2117.0,729735.0,466.0,20586.0,460.4,315.35,175.45,0.4938582582390195,3.9936,big_data
91.06,0.0,6.87,0.05,0.58,0.18,0.0,0.0,98.69046875,859.6,592.0,204.87,134.14,1.42,23.04,244.05,232.02,16.5,7.14,86.88,14.24,78.69,41.97,113.0,172.4,0.0,0.0,0.0,20.592617467551104,150989.63999999998,51.53779711999999,1.294,47.92,2.19,0.25,0.89,0.27,0.35,29.83,1.65,0,20992,271571616,30556,128487744,202054,138830,64432,857716,0,99,314,890.2,857030.6,408.0,22781.0,473.34,320.44,177.84,0.551176975056894,4.2752,big_data
91.0,0.0,7.43,0.03,0.55,0.18,0.0,0.0,99.15789062500008,1225.95,242.12,287.17,59.77,2.49,19.19,239.86,252.8,21.72,11.78,80.88,16.04,89.91,31.64,77.25,125.75,0.0,0.0,0.0,29.19683208557601,155246.13999999998,52.99068245333333,1.473,48.98,1.68,0.19,0.67,0.24,0.36,27.71,2.29,0,20992,221592512,30652,130105536,310461,46406,61220,1099200,0,99,1027,216.0,1016012.4,525.0,22759.0,478.6,324.07,179.78,0.5525601955728208,4.3776,big_data
90.37,0.0,8.3,0.02,0.52,0.23,0.0,0.0,99.42109375,1749.6,30.6,424.52,7.53,6.18,60.77,248.46,252.08,52.8,63.28,93.28,25.98,38.87,28.23,55.4,83.0,0.0,0.0,0.0,34.09937933173424,158297.02,54.03204949333333,1.595,52.77,1.54,0.2,0.57,0.22,0.35,24.18,2.21,30,20992,201813280,30768,132407040,463374,10100,63470,1363397,0,99,739,295.4,1395478.8,504.0,22353.0,499.93,331.06,182.82,0.5503761631792523,4.3264,big_data
86.69,0.0,6.91,2.75,0.53,0.19,0.0,0.0,94.31718750000007,1845.2,32.4,455.26,7.89,0.74,61.24,252.65,249.51,136.39,65.45,100.56,32.19,19.34,22.03,37.6,56.0,0.0,0.0,0.0,37.61000238874581,144437.08000000002,49.30118997333334,1.554,46.81,1.45,0.21,0.56,0.21,0.33,24.37,1.83,99,20992,188031664,30860,134753904,480188,6422,93578,913589,0,93,109,448.6,947058.2,413.0,22974.0,487.12,331.21,183.66,0.5600587067907391,4.4032,big_data
76.85,0.0,5.8,9.08,0.52,0.17,0.0,0.0,83.32726562500002,1858.6,21.8,459.51,5.23,0.15,61.75,253.17,245.8,135.25,68.92,101.2,32.39,44.01,24.56,53.4,81.2,0.0,0.0,0.0,40.663924240401776,139135.98,47.49174784,1.6119999999999999,48.66,1.49,0.22,0.5,0.2,0.32,22.17,2.08,106,20992,166192752,30928,137042848,471160,5966,106861,710798,0,81,131,151.2,750769.2,171.0,23065.0,467.58,329.74,183.98,0.562412608370474,4.48,big_data
73.51,0.0,5.95,11.29,0.48,0.18,0.0,0.0,80.12179687500004,1842.8,25.0,457.59,6.19,0.09,60.32,254.27,253.5,136.68,71.67,100.4,32.14,18.91,24.97,26.4,35.4,0.0,0.0,0.0,41.027752100729636,135809.96000000002,46.35646634666667,1.665,49.83,1.36,0.21,0.46,0.19,0.32,21.94,1.88,91,20992,172183536,31048,139329376,468216,6470,107923,743411,0,83,182,360.0,677458.6,321.0,22888.0,456.56,329.75,184.77,0.5495268172484201,4.4032,big_data
87.26,0.0,6.58,2.73,0.53,0.21,0.0,0.0,94.57984375000002,1778.2,33.4,441.85,8.14,0.15,64.84,254.45,249.49,141.58,71.89,101.12,32.37,19.8,21.87,32.6,47.4,0.0,0.0,0.0,41.000038706704736,151589.13999999998,51.74242645333332,1.689,52.84,1.39,0.2,0.44,0.19,0.33,22.54,1.74,62,20992,189967728,31232,141754288,448351,9408,84345,968490,0,95,112,297.0,978061.0,331.0,21177.0,478.06,336.31,187.67,0.5075448612387152,4.3264,big_data
88.54,0.0,7.71,1.07,0.58,0.25,0.0,0.0,97.08359375000003,1790.02,56.29,444.27,13.72,0.3,62.05,254.15,249.62,139.0,60.93,100.84,32.27,14.32,23.88,28.34,37.33,0.0,0.0,0.0,33.58542632288694,157004.28,53.59079424,1.605,53.2,1.57,0.22,0.51,0.2,0.32,23.98,1.66,0,20992,228882960,31556,144224912,429946,17613,77225,1018435,0,97,384,961.2,1030986.2,274.0,20348.0,477.01,338.45,189.16,0.4845154529998656,4.224,big_data
89.25,0.0,7.28,0.07,0.55,0.23,0.0,0.0,97.31335937499998,1030.4,512.8,249.69,126.76,0.94,15.88,248.14,253.12,31.63,9.59,93.36,18.13,38.39,27.15,57.4,82.4,0.0,0.0,0.0,25.09428608288489,146996.4,50.17477120000001,1.4909999999999999,48.39,1.72,0.22,0.66,0.22,0.33,26.3,1.59,1,20992,255626320,31880,145742256,243447,137759,75536,880477,0,97,301,753.8,897860.2,248.0,18102.0,469.96,339.29,190.23,0.4446932623571339,3.8656,big_data
89.12,0.0,7.1,0.09,0.56,0.25,0.0,0.0,97.030078125,1229.4,388.2,291.13,96.01,3.01,25.92,242.49,253.25,16.54,13.2,96.64,20.5,46.77,29.13,53.2,78.6,0.0,0.0,0.0,23.60484980983483,148227.41999999998,50.59495935999999,1.5,47.86,1.66,0.23,0.66,0.21,0.32,25.28,1.72,1,20992,254497600,32324,147461808,312671,90504,81959,930599,0,97,389,1485.2,916767.8,444.0,20510.0,465.24,340.48,191.42,0.5128593400630652,3.8656,big_data
90.93,0.0,6.96,0.04,0.57,0.22,0.0,0.0,98.68585937499996,1388.8,338.0,335.48,69.16,4.84,35.2,247.36,209.54,37.45,15.48,94.32,24.01,39.8,29.72,59.2,89.8,0.0,0.0,0.0,25.447414060405738,155794.38,53.17781504,1.396,48.98,1.9,0.26,0.77,0.23,0.33,27.15,1.78,0,20992,229628480,32752,149160128,337221,72554,65878,953040,0,99,631,869.4,952494.6,451.0,22651.0,473.39,344.24,193.44,0.5523660593600591,4.1728000000000005,big_data
91.24,0.0,7.11,0.03,0.59,0.22,0.0,0.0,99.16359375,1502.4,128.4,359.08,31.6,4.22,28.51,244.74,252.04,21.53,20.84,89.68,21.56,64.4,30.8,81.84,123.55,0.0,0.0,0.0,30.32998242958233,162428.78,55.44235690666667,1.425,51.58,1.89,0.23,0.7,0.25,0.36,28.28,2.14,4,20992,199536864,32840,151051072,375048,27945,62061,1027546,0,99,498,278.2,998946.2,526.0,22858.0,485.93,348.98,195.78,0.5574621349450521,4.2752,big_data
89.95,0.0,8.29,0.04,0.59,0.28,0.0,0.0,99.11609375000002,1789.6,31.4,438.39,7.84,6.85,0.0,250.84,255.62,59.15,78.54,96.4,29.0,65.28,32.99,69.8,108.6,0.0,0.0,0.0,35.701429748335535,172327.02,58.82095616,1.459,54.18,1.85,0.23,0.63,0.25,0.37,28.48,2.54,31,20992,178296240,32972,153465888,464241,10155,63242,996513,0,99,884,380.24,998943.31,539.0,22491.0,487.46,351.57,197.44,0.5403781482220278,4.224,big_data
89.39,0.0,7.15,1.2,0.57,0.22,0.0,0.0,97.33351562500006,1836.2,36.6,453.05,8.96,1.5,60.81,252.66,250.82,136.53,67.17,100.16,32.07,24.93,29.28,35.8,50.8,0.0,0.0,0.0,36.50060909037385,153550.82,52.41201322666666,1.6030000000000002,49.59,1.49,0.21,0.56,0.2,0.32,23.29,1.73,75,20992,182443152,33172,155888784,473894,8158,79871,1072605,0,97,182,702.2,1087244.2,373.0,22431.0,473.41,350.91,198.06,0.552584462599416,4.3264,big_data
89.15,0.0,6.94,1.53,0.56,0.18,0.0,0.0,96.829375,1830.4,30.8,453.65,7.59,0.11,70.5,253.79,252.18,138.01,72.79,100.56,32.19,33.11,24.93,46.0,70.2,0.0,0.0,0.0,35.431497302339814,155186.03999999998,52.97016831999999,1.5530000000000002,51.93,1.61,0.23,0.55,0.21,0.33,24.42,1.95,65,20992,171634592,33300,158279664,463874,8978,76956,1002496,0,97,348,488.0,977258.4,712.0,22932.0,473.77,353.02,199.56,0.5541618193281043,4.352,big_data
89.97,0.0,7.24,0.9,0.55,0.2,0.0,0.0,97.96304687500002,1843.6,32.6,454.23,8.03,0.25,64.41,252.29,252.15,136.82,65.82,101.28,32.42,39.08,30.26,57.4,84.8,0.0,0.0,0.0,37.2896132320671,162130.2,55.3404416,1.564,52.25,1.62,0.22,0.55,0.22,0.34,25.26,2.1,64,20992,167073088,33460,160696768,464196,8694,70965,1052392,0,98,325,435.8,1040548.8,368.0,22408.0,483.24,356.99,201.67,0.536616759099771,4.2496,big_data
90.09,0.0,6.97,0.81,0.57,0.22,0.0,0.0,97.84945312499998,1824.35,38.52,451.68,9.46,0.29,61.09,253.53,251.48,137.76,65.9,100.76,32.25,27.1,28.59,37.13,52.5,0.0,0.0,0.0,36.113969674339366,160338.62,54.72891562666666,1.597,51.91,1.53,0.22,0.53,0.21,0.33,24.34,1.83,36,20992,180267968,33676,163151968,460294,11103,73400,1026980,0,98,493,504.8,1068225.6,314.0,21466.0,498.68,362.29,204.22,0.5221293442224335,4.2496,big_data
89.62,0.0,7.87,0.23,0.57,0.24,0.0,0.0,98.31296875,1663.4,119.0,412.48,29.35,1.34,41.89,253.93,252.58,106.01,43.65,99.84,30.91,29.31,24.96,43.51,63.27,0.0,0.0,0.0,32.20738271441969,158541.28,54.11542357333333,1.52,51.15,1.7,0.24,0.6,0.22,0.34,26.03,1.92,4,20992,211858512,33936,165469728,409754,31207,71846,1023197,0,98,299,693.6,1010643.6,240.0,20061.0,501.67,365.17,206.0,0.4645194230854166,4.0448,big_data
89.98,0.0,7.28,0.14,0.54,0.24,0.0,0.0,98.03757812499997,1390.2,272.6,340.26,67.31,2.65,21.98,250.63,252.83,66.95,19.06,96.72,25.22,46.71,31.45,61.6,91.4,0.0,0.0,0.0,28.388570884392088,155445.26,53.05864874666667,1.5190000000000001,49.07,1.63,0.22,0.61,0.22,0.33,25.95,1.82,3,20992,202918144,34240,167287936,326618,79041,73845,1017279,0,98,358,1142.4,1020735.0,440.0,21541.0,504.02,367.93,207.75,0.5305500024509696,4.3264,big_data
90.96,0.0,6.84,0.05,0.57,0.22,0.0,0.0,98.59804687500002,1207.8,394.2,286.77,97.35,2.63,23.34,243.13,252.87,15.96,12.93,95.84,19.64,25.23,24.18,39.0,54.8,0.0,0.0,0.0,28.008390673405298,152897.53999999998,52.18902698666666,1.4669999999999999,49.59,1.79,0.24,0.71,0.22,0.33,26.31,1.77,1,20992,216397584,34432,168979840,308294,91986,65665,921600,0,99,370,626.0,906029.4,430.0,20302.0,500.65,369.49,209.11,0.4988329986910366,4.3008,big_data
89.78,0.0,7.9,0.13,0.57,0.24,0.0,0.0,98.50812500000002,1625.2,135.4,399.14,33.31,6.11,39.06,251.49,251.91,73.95,40.56,100.16,30.2,79.79,37.54,96.6,149.8,0.0,0.0,0.0,28.89899290158462,164758.91999999998,56.23771136,1.432,51.7,1.9,0.24,0.68,0.24,0.35,27.49,2.27,12,20992,183032320,34636,171134896,418926,32462,70556,1022549,0,99,396,1006.6,1013452.4,458.0,22889.0,511.49,373.91,211.41,0.5522689912536783,4.5568,big_data
92.03,0.0,6.55,0.03,0.53,0.23,0.0,0.0,99.34078125000003,1646.0,138.0,405.64,29.95,6.71,50.92,252.35,222.22,50.7,44.94,99.36,30.3,26.7,23.25,32.6,47.4,0.0,0.0,0.0,34.836307980871375,160547.48,54.80020650666667,1.514,51.62,1.67,0.23,0.63,0.22,0.33,26.01,1.95,1,20992,170048416,34740,173263136,415278,28995,62726,1135859,0,99,516,258.88,1141350.5,626.0,22375.0,515.86,377.1,213.31,0.5395045352646004,4.4544,big_data
89.38,0.0,8.58,0.26,0.61,0.25,0.0,0.0,98.820703125,1769.0,110.6,437.75,15.91,5.29,47.53,253.39,147.31,114.11,56.25,100.48,32.14,55.87,37.34,77.05,119.56,0.0,0.0,0.0,33.75670860929236,167860.26,57.29630208,1.4340000000000002,52.93,1.89,0.24,0.64,0.25,0.35,28.0,2.2,76,20992,165084784,34960,175731136,463044,16870,69141,962085,0,99,177,614.4,988752.6,441.0,22623.0,509.54,378.1,214.51,0.5350636693976779,4.2496,big_data
90.19,0.0,6.92,0.84,0.57,0.2,0.0,0.0,97.87476562499994,1855.0,26.0,456.84,6.26,0.24,75.97,252.18,246.68,137.16,64.57,100.96,32.32,30.06,33.24,40.72,58.08,0.0,0.0,0.0,34.690916347683874,151328.34,51.65340671999999,1.578,50.07,1.52,0.22,0.57,0.2,0.32,24.01,1.78,50,20992,162273360,35152,178133280,467211,7396,72364,1046589,0,97,625,723.6,1010725.6,448.0,22742.0,511.82,380.75,216.25,0.5537250128493906,4.4032,big_data
90.02,0.0,7.83,0.51,0.6,0.2,0.0,0.0,98.65867187500002,1833.6,31.8,453.28,7.77,0.21,68.76,253.14,250.11,137.19,71.88,101.12,32.37,42.22,29.6,54.6,82.0,0.0,0.0,0.0,36.451121374179756,163686.86000000002,55.87178154666668,1.482,53.07,1.74,0.24,0.58,0.23,0.35,26.69,2.23,42,20992,151044992,35280,180526112,461954,9040,67331,1035678,0,99,436,323.8,1039395.2,365.0,22403.0,512.8,383.13,217.9,0.5297734575999231,4.4032,big_data
90.12,0.0,7.71,0.51,0.6,0.23,0.0,0.0,98.66109374999996,1804.38,50.4,445.77,12.34,0.54,55.85,252.98,250.77,139.02,59.39,100.48,32.16,46.12,31.01,55.2,83.6,0.0,0.0,0.0,34.790944177842476,162407.82,55.43520256000001,1.5219999999999998,52.06,1.66,0.23,0.59,0.23,0.35,26.81,2.16,45,20992,171404416,35480,183001936,456287,13718,68242,1007207,0,99,316,348.4,1034258.0,319.0,20184.0,499.68,382.56,218.61,0.4782302931117074,4.1216,big_data
89.23,0.0,7.9,0.71,0.56,0.24,0.0,0.0,97.929921875,1776.8,67.8,438.73,16.74,0.74,52.45,252.85,252.81,140.83,57.0,101.04,32.34,18.75,23.87,33.33,47.31,0.0,0.0,0.0,32.42659004280825,158094.88,53.96305237333333,1.551,51.84,1.59,0.22,0.54,0.22,0.34,25.35,2.03,3,20992,174648560,35796,185468624,442265,17336,75313,1066304,0,98,362,1159.8,1066927.4,283.0,21726.0,484.65,381.39,219.11,0.4899512669571915,4.0703999999999985,big_data
90.01,0.0,7.33,0.09,0.58,0.24,0.0,0.0,98.16796874999996,1423.55,251.3,352.63,62.15,1.56,29.07,253.65,253.23,56.07,21.64,98.12,26.29,14.37,20.28,33.8,47.6,0.0,0.0,0.0,27.88545499466048,155059.82,52.92708522666667,1.5019999999999998,49.05,1.66,0.24,0.65,0.22,0.32,25.24,1.81,2,20992,194069088,35984,187247888,340941,71277,69726,941044,0,98,387,394.8,939393.6,356.0,19442.0,488.12,383.82,220.77,0.5270798176478553,4.1472,big_data
89.52,0.0,8.12,0.05,0.58,0.23,0.0,0.0,98.44000000000004,1260.4,331.0,304.52,81.95,2.13,25.92,247.41,253.53,22.77,15.03,96.0,22.04,93.37,41.76,95.0,148.8,0.0,0.0,0.0,29.94994552059741,159787.1,54.54066346666667,1.3459999999999999,49.83,2.05,0.25,0.78,0.26,0.35,29.31,2.12,1,20992,174053312,36240,188973024,308449,83208,70785,867027,0,99,583,1049.9,873027.54,442.0,21259.0,485.07,384.92,222.0,0.4937854571592339,4.224,big_data
91.29,0.0,6.22,0.06,0.55,0.24,0.0,0.0,98.30484375,1443.91,259.08,350.03,64.0,5.41,20.22,248.24,252.96,29.53,20.06,97.96,24.65,19.77,31.62,52.0,74.6,0.0,0.0,0.0,30.01521617050117,155911.3,53.21772373333333,1.5659999999999998,49.91,1.57,0.21,0.6,0.22,0.34,25.31,2.18,5,20992,171976224,36360,190921232,377863,59898,67692,1052912,0,98,299,210.6,1032235.4,522.0,19496.0,488.91,387.38,223.67,0.4589622739951145,4.1728000000000005,big_data
88.95,0.0,7.22,0.84,0.54,0.23,0.0,0.0,96.938515625,1713.6,64.4,424.99,15.84,5.02,38.67,253.96,251.94,126.96,71.87,100.4,32.13,39.2,28.95,60.6,96.6,0.0,0.0,0.0,33.792841943692245,155902.9,53.21485653333333,1.598,50.42,1.48,0.21,0.52,0.21,0.34,24.89,2.42,68,20992,156844592,36432,193157184,451940,14979,73182,1035171,0,95,118,92.4,1093374.4,89.0,18505.0,490.44,389.38,225.2,0.4220763935704028,3.9936,big_data
56.6,0.0,4.05,13.65,0.42,0.2,0.0,0.0,61.28140624999999,1783.4,61.8,441.85,15.09,0.29,39.88,253.7,250.01,137.41,56.41,100.4,31.72,2.48,18.45,16.6,19.0,0.0,0.0,0.0,31.443899218659105,119313.24,40.72558591999999,1.6280000000000001,51.42,1.49,0.23,0.41,0.19,0.31,21.65,2.09,1,20992,178171520,36592,194973328,395988,43122,93314,461981,0,62,198,80.4,437983.2,210.0,16604.0,475.27,387.92,225.61,0.2765713021055528,3.0464,big_data
26.13,0.0,4.06,0.28,0.28,0.22,0.0,0.0,35.198214285714286,17.2,848.8,3.68,197.52,0.0,14.98,219.35,238.29,9.48,5.22,52.08,4.57,3.31,25.34,26.8,30.6,0.0,0.0,0.0,12.0389126350247,47311.52,16.14899882666667,0.943,31.45,2.87,0.22,1.03,0.37,0.35,32.25,2.26,0,20992,269159072,36852,193663936,1005,174693,73246,118705,0,24,5,285.83,180970.86,2.0,9294.0,440.09,382.07,224.59,0.22553774517583644,2.6368,big_data
10.55,0.0,2.69,0.48,0.23,0.2,0.0,0.0,30.54,5.0,728.0,0.23,179.98,0.0,5.8,47.52,253.16,4.08,4.65,45.2,3.37,1.45,7.91,11.4,10.8,0.0,0.0,0.0,13.009770049949847,34400.28,11.74196224,0.8190000000000001,35.81,3.23,0.13,0.49,0.51,0.42,38.56,6.62,0,20992,263768784,36916,189103616,239,202191,66241,85314,0,15,92,20.6,78778.8,4.0,9294.0,408.05,376.39,223.6,0.2255134781492412,2.6112,big_data
12.63,0.0,2.57,2.33,0.21,0.15,0.0,0.0,0.0,2.8,842.4,0.04,174.69,0.0,5.03,15.14,212.35,2.29,4.33,42.16,3.56,1.44,7.94,11.6,11.2,0.0,0.0,0.0,15.372650979747824,33164.68,11.320210773333333,1.077,32.28,2.2,0.07,0.69,0.39,0.42,34.98,6.24,11,20992,256438288,37604,186968688,41,167160,60935,89767,0,16,13,16.2,90423.4,11.0,8680.0,378.58,370.81,222.61,0.195907705703091,2.5856,big_data
17.02,0.0,1.49,0.13,0.19,0.12,0.0,0.0,32.25,0.4,201.8,0.0,38.81,0.0,10.39,4.0,196.94,1.5,1.71,3.04,0.23,1.4,7.8,11.2,10.4,0.0,0.0,0.0,16.213793545564105,43084.78,14.706271573333332,0.8759999999999999,20.31,2.93,0.04,1.61,0.32,0.28,20.01,1.07,0,20992,253565856,37684,187760160,2,38441,44827,37409,0,18,40,13.8,47711.8,24.0,8000.0,351.31,365.28,221.62,0.19413621276164103,2.56,big_data
16.61,0.0,1.09,0.04,0.18,0.12,0.0,0.0,35.98000000000001,0.4,195.0,0.0,36.42,0.0,6.79,4.0,191.23,0.0,1.09,0.88,0.07,1.43,7.91,11.4,10.8,0.0,0.0,0.0,16.371607718427793,66554.28,22.71719424,0.889,26.75,4.81,0.04,1.6,0.33,0.3,21.75,1.13,0,20992,251839040,37764,188761392,2,38606,43257,26243,0,18,50,16.2,26059.8,47.0,7388.0,328.3,360.28,220.77,0.1726841612514797,2.56,big_data
24.07,0.0,1.44,0.06,0.18,0.06,0.0,0.0,69.89648648648651,0.0,47.4,0.0,9.64,0.0,26.63,0.0,208.2,0.0,0.81,0.16,0.0,1.43,7.91,11.4,10.8,0.0,0.0,0.0,16.55394473069251,86098.0,29.388117333333334,0.92,32.24,5.44,0.02,1.77,0.3,0.28,19.08,0.43,2,20992,248976096,37824,190572832,0,7341,38716,13389,0,26,34,20.6,14173.0,32.0,7116.0,304.65,354.85,219.76,0.1728297634110509,2.56,big_data
24.44,0.0,1.19,0.02,0.16,0.07,0.0,0.0,86.93114285714287,0.0,0.6,0.0,0.04,0.0,93.33,0.0,60.0,0.0,0.33,0.0,0.0,1.34,6.94,11.0,10.8,0.0,0.0,0.0,16.561609492263948,91033.76,31.072856746666666,1.01,34.82,6.23,0.01,1.84,0.28,0.28,18.81,0.28,0,20992,247003552,37840,192495744,0,170,36335,10820,0,25,35,9.6,10847.6,32.0,7116.0,282.82,349.49,218.75,0.1726841612514797,2.56,big_data
24.8,0.0,1.09,0.01,0.17,0.08,0.0,0.0,82.2310810810811,0.0,17.2,0.0,0.5,0.0,85.76,0.0,29.53,0.0,0.85,0.08,0.0,1.38,7.83,11.0,10.6,0.0,0.0,0.0,16.66585601204404,97121.2,33.15070293333333,1.026,32.65,6.0,0.02,1.83,0.29,0.3,20.04,0.54,0,20992,244330960,37860,194458976,0,718,36407,9633,0,26,32,20.6,9709.2,32.0,7116.0,262.73,344.22,217.75,0.17253855909190846,2.56,big_data
24.56,0.0,0.85,0.05,0.15,0.08,0.0,0.0,93.13205882352942,0.0,80.4,0.0,20.01,0.0,1.47,0.0,254.81,0.0,5.44,4.72,0.43,1.44,7.94,11.6,11.2,0.0,0.0,0.0,16.6854482010841,93946.94,32.06722218666667,1.137,32.5,5.91,0.01,1.96,0.27,0.31,20.78,0.24,0,20992,242400576,37880,196444416,0,20724,36154,8109,0,26,34,17.8,8114.4,32.0,7092.0,244.26,339.03,216.75,0.17171348018767146,2.56,big_data
24.57,0.0,0.77,0.5,0.2,0.08,0.0,0.0,94.8127272727273,2.6,1132.0,0.01,282.91,0.0,0.25,4.0,255.92,3.0,5.98,72.88,6.74,1.4,7.81,11.2,10.4,0.0,0.0,0.0,16.676689340101486,95804.0,32.70109866666667,1.148,34.36,6.15,0.03,2.02,0.28,0.33,21.86,0.26,1,20992,240485472,37952,198400528,11,328161,37344,10018,0,26,33,13.8,9597.6,32.0,7056.0,227.42,333.97,215.77,0.17139800884193382,2.56,big_data
31.32,0.0,1.03,0.68,0.29,0.09,0.0,0.0,81.88615384615387,3.2,1566.0,0.01,391.43,0.0,0.48,4.0,255.96,1.75,5.99,99.84,9.33,2.78,10.67,20.6,26.2,0.0,0.0,0.0,16.80146823136783,103631.9,35.373021866666654,1.196,40.92,5.53,0.31,1.93,0.28,0.34,25.34,0.52,3,20992,237496416,38032,200323248,13,398226,54303,51564,0,33,68,25.8,46930.8,44.0,7087.0,212.09,329.02,214.8,0.17319376880997894,2.5344,big_data
42.53,0.0,1.89,0.67,0.34,0.11,0.0,0.0,57.17321839080464,3.0,1381.4,0.01,344.62,0.0,1.12,4.0,255.46,1.4,6.88,99.36,9.44,4.6,14.46,32.8,46.2,0.0,0.0,0.0,17.176968760049856,106417.42,36.323812693333345,1.222,43.71,4.02,0.79,1.77,0.27,0.33,27.68,1.25,1,20992,232617136,38108,202441152,12,347118,69175,102046,0,44,39,43.4,99536.4,40.0,7170.0,198.07,324.18,213.85,0.17365484231528788,2.5344,big_data
43.21,0.0,2.55,0.69,0.35,0.15,0.0,0.0,55.491428571428614,3.0,1458.6,0.01,364.61,0.0,0.98,4.0,255.97,1.73,6.34,98.64,9.19,5.22,15.84,35.4,51.4,0.0,0.0,0.0,18.24276185569117,84937.68000000001,28.99206144,1.361,42.8,2.37,1.22,1.51,0.21,0.29,24.68,1.53,1,20992,224555184,38184,204904624,12,378390,80550,129673,0,47,62,36.8,124815.8,37.0,7155.0,185.73,319.52,212.94,0.1745527222993105,2.5344,big_data
37.88,0.0,2.67,0.67,0.3,0.15,0.0,0.0,64.33266666666667,3.0,1435.6,0.01,358.75,0.0,0.88,4.0,255.89,1.93,6.5,98.88,9.25,4.26,13.54,27.2,39.4,0.0,0.0,0.0,18.954257811447093,57711.86,19.698981546666666,1.483,44.51,1.5,1.88,1.36,0.15,0.22,19.22,1.94,1,20992,217178624,38268,207739120,12,363234,67668,90725,0,40,35,40.2,97412.2,58.0,7208.0,174.14,314.9,212.01,0.17501379580461934,2.5344,big_data
29.64,0.0,2.12,0.7,0.26,0.16,0.0,0.0,76.04560975609758,3.4,1582.0,0.01,395.38,0.0,0.83,4.0,255.92,1.71,5.84,98.72,9.15,3.22,12.43,19.8,27.4,0.0,0.0,0.0,19.54256029649715,35961.44,12.274838186666667,1.5819999999999999,46.15,1.05,2.18,1.3,0.1,0.16,14.67,1.32,0,20992,212627312,38376,210726928,13,374326,56605,60017,0,31,116,29.2,61961.6,36.0,7213.0,163.08,310.27,211.07,0.17501379580461934,2.5344,big_data
28.96,0.0,1.77,0.05,0.2,0.14,0.0,0.0,92.72382352941179,0.0,0.4,0.0,0.03,0.0,94.87,0.0,78.0,0.0,0.5,0.0,0.0,3.81,13.55,22.0,31.2,0.0,0.0,0.0,19.71542648703976,32255.26,11.009795413333332,1.663,47.42,1.04,2.17,1.31,0.1,0.16,14.06,0.95,0,20992,209068576,38400,213739888,1,25912,53806,59804,0,31,95,29.4,58725.2,36.0,7212.0,152.66,305.67,210.11,0.17501379580461934,2.5344,big_data
27.89,0.0,1.54,0.66,0.24,0.14,0.0,0.0,91.63617647058823,3.4,1610.8,0.01,402.36,0.0,0.68,4.0,255.78,2.06,5.53,97.04,8.83,3.43,12.84,21.4,28.8,0.0,0.0,0.0,19.720395806194887,30842.94,10.527723520000002,1.715,46.82,1.03,2.2,1.33,0.09,0.16,13.99,0.85,1,20992,205967296,38540,216788272,14,420264,54912,55787,0,30,37,27.6,55054.0,36.0,7212.0,143.16,301.16,209.16,0.17501379580461934,2.5344,big_data
28.21,0.0,1.6,0.69,0.25,0.15,0.0,0.0,79.82205128205129,3.4,1573.0,0.01,392.63,0.0,0.93,4.0,255.6,2.47,5.92,99.76,9.23,3.79,13.86,23.4,33.2,0.0,0.0,0.0,19.723466563378015,31169.9,10.639325866666667,1.7269999999999999,47.12,1.0,2.25,1.31,0.09,0.15,13.6,0.85,0,20992,202953120,38688,219838320,14,403139,54614,56350,0,30,35,33.2,56886.2,36.0,7210.0,134.98,296.84,208.26,0.17503806283121456,2.5344,big_data
27.22,0.0,1.46,0.69,0.22,0.14,0.0,0.0,90.00200000000002,2.8,1482.6,0.01,369.86,0.0,0.88,4.0,255.46,1.64,6.42,100.0,9.45,3.86,13.85,24.2,34.6,0.0,0.0,0.0,19.73557217058443,29142.640000000007,9.947354453333334,1.7819999999999998,49.96,1.01,2.28,1.29,0.08,0.15,13.59,0.83,0,20992,199902240,38760,222899280,11,378462,54961,55920,0,29,37,25.2,54954.6,35.0,7213.0,127.05,292.51,207.33,0.17489246067164335,2.5344,big_data
27.21,0.0,1.52,0.73,0.22,0.14,0.0,0.0,80.80473684210527,2.8,1501.2,0.01,371.89,0.0,3.04,4.0,253.67,1.71,6.37,100.0,9.52,3.63,13.37,22.4,31.2,0.0,0.0,0.0,19.70171347113501,29379.36,10.02815488,1.7919999999999998,49.53,0.98,2.25,1.27,0.08,0.15,13.31,0.77,1,20992,197071776,38836,225939808,12,381639,54414,55677,0,29,32,33.8,57840.6,37.0,7213.0,121.04,288.51,206.5,0.17494099472483374,2.5344,big_data
27.26,0.0,1.49,0.68,0.22,0.14,0.0,0.0,87.61885714285717,3.0,1517.2,0.01,378.55,0.0,0.58,4.0,255.49,2.27,6.19,99.84,9.32,3.59,13.55,22.0,31.6,0.0,0.0,0.0,19.575293051646078,28881.1,9.858082133333333,1.814,49.64,0.98,2.33,1.3,0.08,0.15,13.35,0.72,1,20992,198181024,38916,228461040,11,388182,54394,61485,0,29,33,31.4,62004.4,34.0,7202.0,114.63,284.4,205.61,0.17139800884193382,2.4832,big_data
25.11,0.0,1.38,0.7,0.21,0.13,0.0,0.0,80.54416666666667,3.2,1607.0,0.01,400.86,0.0,1.46,4.0,255.43,2.94,5.85,99.92,9.34,3.28,12.9,21.0,31.2,0.0,0.0,0.0,17.755808005494302,26987.24,9.211644586666667,1.821,49.35,1.01,2.28,1.3,0.09,0.15,13.9,0.75,1,20992,207441072,39000,229339008,13,413855,53343,54055,0,27,32,39.2,52437.6,110.0,6805.0,108.26,280.26,204.69,0.15259106323064986,2.3808,big_data
19.37,0.0,1.48,0.73,0.22,0.13,0.0,0.0,80.82892857142859,3.2,1646.8,0.01,410.82,0.0,2.29,4.0,255.45,2.38,5.68,100.0,9.3,4.28,18.85,31.4,49.8,0.0,0.0,0.0,13.782076096471664,21263.76,7.258030080000001,1.788,48.55,1.1,2.27,1.3,0.09,0.17,14.68,0.69,1,20992,243728576,39084,225879360,13,417819,49994,43960,0,21,20,71.8,46939.6,20.0,5235.0,101.19,275.94,203.7,0.1174524087207928,2.1504,big_data
11.27,0.0,0.87,0.73,0.15,0.12,0.0,0.0,89.66866666666668,3.0,1548.2,0.01,386.26,0.0,2.35,4.0,255.48,2.6,6.11,99.92,9.38,3.47,15.24,25.8,41.2,0.0,0.0,0.0,8.461614720133277,11766.96,4.01645568,1.693,45.59,1.08,2.12,1.25,0.11,0.18,15.1,0.49,1,20992,273468096,39164,222716864,12,394644,44337,29248,0,12,7,59.2,29152.0,10.0,4537.0,94.21,271.59,202.68,0.08862318112568912,1.9968,big_data
4.24,0.0,0.45,0.13,0.11,0.09,0.0,0.0,77.355,0.4,281.0,0.0,70.05,0.0,11.86,4.0,255.28,7.5,5.99,18.24,1.67,2.31,10.67,18.4,25.4,0.0,0.0,0.0,3.5561316784656407,4306.440000000001,1.4699315200000005,1.557,42.28,0.94,2.14,1.24,0.13,0.21,17.26,0.44,0,20992,289938624,39188,221159504,1,36454,37437,13549,0,5,3,48.4,15417.4,3.0,3506.0,86.98,267.15,201.62,0.07891637048760708,1.8944,big_data
1.91,0.0,0.24,0.58,0.13,0.07,0.0,0.0,76.18333333333334,2.8,1274.6,0.01,317.93,0.0,1.35,4.0,255.42,1.57,5.91,80.48,7.49,1.81,8.73,13.8,17.6,0.0,0.0,0.0,2.4158579360061028,2430.48,0.8296038400000001,1.476,36.72,1.17,1.82,1.12,0.19,0.28,23.57,0.26,1,20992,297110336,39268,220341472,12,364710,37423,11615,0,2,1,31.0,11464.8,1.0,3240.0,80.26,262.76,200.55,0.07566458892384959,1.8688,big_data
0.66,0.0,0.17,0.7,0.15,0.07,0.0,0.0,72.0,3.4,1672.4,0.01,417.23,0.0,1.01,4.0,255.47,2.29,5.56,100.0,9.24,2.85,10.8,20.2,23.6,0.0,0.0,0.0,1.7695363372743786,1646.0,0.5618346666666667,1.133,30.57,1.94,1.11,0.91,0.33,0.38,35.27,0.24,1,20992,300718144,39356,219897888,26,427318,37271,10433,0,1,0,32.6,10683.4,0.0,2930.0,73.91,258.42,199.48,0.07105385387076063,1.8688,big_data
