0.13,0.0,0.16,0.34,0.09,0.07,0.0,0.0,0.0,0.0,0.0,0.0,0.0,0.0,0.0,0.0,0.0,0.0,0.0,0.0,0.0,1.26,1.33,4.8,6.6,0.0,0.0,0.0,1.0577704581709986,479.28,0.16359424000000006,0.701,23.16,2.82,0.37,1.64,0.67,0.47,48.65,0.28,1,19968,520961472,11976,355240,8205,38,35463,6577,0,0,0,33.4,6526.4,2.0,2708.0,8.06,26.64,95.23,0.06547243775386344,1.3568,big_data
0.66,0.0,0.17,0.32,0.08,0.07,0.0,0.0,0.0,2.2,0.0,0.01,0.0,0.0,0.0,4.0,0.0,0.09,0.0,0.0,0.0,91.54,2.37,16.2,20.4,0.0,0.0,0.0,1.0696266137445043,1904.18,0.6499601066666666,0.8909999999999999,23.67,2.48,0.37,1.61,0.34,0.3,30.54,0.49,0,19968,520739264,12452,403496,8942,37,39020,14002,0,1,2,57.4,14126.8,9.0,2831.0,7.5,26.22,94.72,0.06571510801981548,1.4848,big_data
2.43,0.0,0.17,0.08,0.1,0.07,0.0,0.0,0.0,0.2,0.4,0.0,0.03,0.0,94.12,4.0,68.0,0.0,0.5,0.0,0.0,1.27,2.56,9.2,12.8,0.0,0.0,0.0,1.1037006453025622,3710.14,1.2663944533333331,1.182,20.42,1.59,0.22,1.6,0.29,0.34,28.28,1.04,2,19968,520391520,12476,439892,7277,64,41162,23818,0,2,0,40.2,23696.4,3.0,2895.0,7.06,25.82,94.22,0.06869995229102571,1.4592,big_data
68.76,0.0,5.92,0.01,0.45,0.15,0.0,0.0,75.28109374999998,30.2,2.2,2.69,0.5,0.0,98.28,91.34,232.36,1.54,2.45,0.88,0.07,10.38,8.23,24.4,32.0,0.0,0.0,0.0,1.1611601987864142,121811.98,41.578489173333345,1.0859999999999999,45.86,3.16,0.41,1.29,0.25,0.27,28.64,1.25,12,19968,493492352,14456,779524,4685,626,150224,505850,0,76,243,3161.0,505852.4,243.0,14629.0,6.73,25.44,93.73,0.07025304199311884,1.4592,big_data
57.76,0.0,5.26,12.57,0.41,0.14,0.0,0.0,63.56999999999999,1826.8,45.6,446.57,1.04,0.08,78.85,250.32,23.39,107.57,35.68,95.84,29.15,79.47,38.51,149.4,234.6,0.0,0.0,0.0,6.376609261578054,93335.32,31.85845589333333,1.3,43.48,2.15,0.26,1.04,0.24,0.31,26.89,3.01,99,19968,411145184,14588,3230096,486467,1085,94639,532884,0,63,14,212.8,532656.0,5.0,15290.0,32.7,30.51,95.01,0.3553663374601839,2.4832,big_data
4.52,0.0,0.59,31.14,0.17,0.12,0.0,0.0,0.0,1899.4,5.4,473.65,0.41,0.0,95.16,255.35,77.93,132.26,50.41,100.0,32.0,1.1,5.8,9.4,9.8,0.0,0.0,0.0,21.329045696999138,8784.02,2.9982788266666667,1.068,28.34,2.36,0.3,1.46,0.25,0.27,24.24,0.68,101,19968,407720480,14608,5650668,485454,453,58102,52725,0,6,2,15.8,52827.8,4.0,15285.0,38.73,31.8,95.08,0.3710428366406864,2.5856,big_data
6.06,0.0,1.21,31.65,0.19,0.14,0.0,0.0,0.0,1890.8,13.4,471.06,0.57,0.01,84.38,255.11,43.4,133.67,43.03,100.0,32.0,2.23,8.05,26.8,44.6,0.0,0.0,0.0,21.514599801295468,14509.72,4.952651093333333,0.9840000000000001,31.82,2.83,0.46,1.42,0.24,0.24,24.05,0.82,100,19968,402771744,14624,8064668,482108,626,56974,50470,0,8,7,14.2,50438.8,3.0,15193.0,44.04,33.01,95.13,0.37087296745452003,2.6112,big_data
2.63,0.0,0.85,30.48,0.17,0.11,0.0,0.0,0.0,1894.2,11.2,472.08,0.96,0.0,37.78,255.21,87.86,132.72,43.3,100.08,32.03,1.02,5.57,8.2,7.4,0.0,0.0,0.0,22.002748593052985,9095.54,3.1046109866666662,0.934,40.75,3.49,0.43,1.12,0.29,0.27,24.08,1.32,101,19968,395876640,14648,10493556,484194,1109,44519,25798,0,4,16,15.8,25721.4,18.0,15193.0,48.92,34.21,95.18,0.36871320208754665,2.6368,big_data
5.96,0.0,1.13,30.43,0.18,0.13,0.0,0.0,0.0,1880.6,14.0,468.65,1.24,0.01,35.78,255.18,90.91,134.68,44.01,100.0,32.0,1.15,5.86,9.4,9.2,0.0,0.0,0.0,22.859229022340287,13771.179999999997,4.700562773333332,1.1640000000000001,31.78,1.93,0.2,0.98,0.26,0.3,23.7,0.96,100,19968,387762048,14664,12890668,478878,1401,46740,31091,0,7,13,21.2,31119.8,12.0,15194.0,54.21,35.55,95.29,0.3686889350609515,2.6368,big_data
15.85,0.0,1.71,29.78,0.23,0.14,0.0,0.0,31.23,1917.6,7.8,472.66,0.61,0.0,62.14,252.4,80.72,131.64,43.46,100.24,32.08,1.04,5.68,8.4,7.8,0.0,0.0,0.0,23.939242377480298,26566.86,9.068154879999998,1.237,33.31,1.95,0.18,1.05,0.26,0.32,24.75,1.0,100,19968,378518272,14680,15313696,484817,610,56471,56869,0,18,5,9.0,56915.6,4.0,15194.0,58.44,36.74,95.35,0.36871320208754665,2.6624,big_data
9.23,0.0,1.26,38.7,0.19,0.12,0.0,0.0,0.0,1905.8,6.8,474.73,0.24,0.01,87.07,255.07,35.41,132.51,43.26,100.24,32.08,1.03,5.6,8.4,7.8,0.0,0.0,0.0,25.2166970791678,13403.179999999997,4.574952106666666,1.419,43.13,1.18,0.1,0.4,0.24,0.34,25.07,1.08,100,19968,370539136,14700,17746144,485442,639,48670,36678,0,11,86,21.0,36546.4,10.0,15193.0,62.01,37.84,95.39,0.3687374691141419,2.6624,big_data
29.91,0.0,2.18,30.75,0.22,0.13,0.0,0.0,33.78357894736845,1910.0,14.4,476.03,0.11,0.0,29.41,255.21,7.78,131.28,41.65,100.24,32.08,1.03,5.68,8.2,7.8,0.0,0.0,0.0,26.274571412334872,25558.52,8.723974826666666,1.6569999999999998,44.93,0.78,0.05,0.19,0.21,0.36,25.41,0.95,99,19968,364507264,14716,20193916,488278,121,58678,129456,0,33,5,15.8,129593.4,7.0,15193.0,65.45,38.95,95.45,0.3686889350609515,2.6624,big_data
8.96,0.0,1.1,41.22,0.17,0.13,0.0,0.0,0.0,1902.6,0.4,473.75,0.01,0.0,88.89,254.97,36.0,132.95,48.0,100.24,32.08,1.04,5.68,8.4,7.8,0.0,0.0,0.0,26.95022594517621,12905.6,4.405111466666667,1.199,44.74,1.45,0.13,0.42,0.26,0.31,23.97,0.74,98,19968,361330592,14732,22613336,483644,29,46032,28248,0,10,13,15.8,28196.0,25.0,15193.0,68.46,40.02,95.49,0.3686889350609515,2.6624,big_data
3.44,0.0,0.86,39.13,0.16,0.12,0.0,0.0,0.0,1907.6,0.4,474.16,0.01,0.0,89.47,254.53,38.0,132.6,42.0,100.0,32.0,1.02,5.57,8.2,7.4,0.0,0.0,0.0,27.102378551648183,7661.019999999998,2.6149614933333334,0.7140000000000001,45.46,2.88,0.24,0.82,0.32,0.23,16.55,0.4,99,19968,358713696,14748,25052308,486302,58,44290,23971,0,4,7,15.8,24018.4,12.0,15192.0,72.02,41.23,95.58,0.36871320208754665,2.6624,big_data
3.74,0.0,1.05,42.28,0.16,0.11,0.0,0.0,0.0,1920.4,0.4,475.06,0.03,0.02,94.74,253.31,76.0,132.13,45.0,100.32,32.1,1.02,5.71,8.6,8.6,0.0,0.0,0.0,27.134863371587514,9370.98,3.19862784,0.7020000000000001,43.25,3.07,0.32,0.94,0.32,0.22,17.25,0.45,100,19968,356204288,14764,27491636,486276,70,44945,24601,0,5,1,21.2,24585.0,4.0,15193.0,74.75,42.3,95.64,0.36866466803435627,2.7136,big_data
3.17,0.0,0.95,44.66,0.18,0.12,0.0,0.0,0.0,1912.4,0.4,475.62,0.02,0.01,92.86,254.67,56.0,132.26,37.0,100.0,32.0,1.04,5.68,8.4,7.8,0.0,0.0,0.0,27.145181115722853,8870.119999999999,3.0276676266666662,0.715,44.75,3.21,0.35,0.88,0.32,0.23,18.11,0.5,100,19968,353755936,14796,29939880,488033,40,43749,22512,0,4,5,9.0,22485.4,10.0,15174.0,76.93,43.29,95.67,0.3686889350609515,2.7136,big_data
3.59,0.0,1.04,36.54,0.16,0.12,0.0,0.0,0.0,1915.0,0.4,476.48,0.01,0.0,89.47,254.79,38.0,130.62,46.0,100.0,32.0,1.03,5.6,8.4,7.8,0.0,0.0,0.0,27.148846310839712,9562.96,3.2641570133333335,0.868,43.25,3.09,0.34,0.9,0.31,0.27,21.36,0.6,100,19968,351212224,14812,32382420,487669,36,44231,23993,0,5,3,21.0,23963.4,9.0,15092.0,79.34,44.35,95.73,0.3682035945290474,2.7136,big_data
3.69,0.0,1.08,36.73,0.17,0.12,0.0,0.0,0.0,1910.4,0.4,476.57,0.01,0.0,81.82,255.45,22.0,133.32,46.0,100.0,32.0,1.04,5.68,8.4,7.8,0.0,0.0,0.0,27.160738860572422,10190.06,3.478207146666666,0.8109999999999999,42.88,3.06,0.35,0.9,0.3,0.25,19.52,0.61,98,19968,348263776,14832,34827828,488436,166,45180,25954,0,5,6,15.8,25999.6,6.0,15092.0,81.15,45.31,95.77,0.36623796537483577,2.7392,big_data
6.54,0.0,1.03,33.24,0.16,0.12,0.0,0.0,0.0,1919.4,9.2,476.3,0.08,0.01,57.41,254.11,9.39,130.99,41.91,100.0,32.0,1.04,5.68,8.4,7.8,0.0,0.0,0.0,27.259904604084806,11589.32,3.955821226666666,1.225,45.13,1.51,0.13,0.44,0.22,0.26,17.86,0.75,100,19968,344077952,14848,37259640,485991,98,45554,26974,0,8,6,14.2,26966.6,5.0,15092.0,83.3,46.35,95.83,0.36623796537483577,2.7392,big_data
9.14,0.0,1.15,28.32,0.16,0.13,0.0,0.0,0.0,1912.8,0.4,474.75,0.02,0.0,93.55,254.15,62.0,132.21,42.5,100.0,32.0,1.02,5.57,8.2,7.4,0.0,0.0,0.0,27.59986244524243,11023.34,3.762633386666667,1.4240000000000002,45.85,1.19,0.07,0.31,0.2,0.29,18.95,0.75,100,19968,339296896,14864,39702320,486454,37,47938,58207,0,10,4,15.8,58201.0,3.0,15092.0,85.04,47.32,95.88,0.36626223240143096,2.7392,big_data
12.86,0.0,1.52,31.91,0.18,0.12,0.0,0.0,0.0,1906.2,0.2,473.63,0.02,0.01,95.24,254.43,84.0,132.9,41.0,100.08,32.03,1.15,5.86,9.4,9.2,0.0,0.0,0.0,28.04128037836581,14879.920000000002,5.0790126933333335,1.6059999999999999,46.05,0.98,0.07,0.24,0.19,0.31,20.12,0.91,100,19968,334387008,14880,42132096,485665,78,50339,67886,0,15,5,21.2,67889.6,8.0,15093.0,86.56,48.27,95.93,0.36623796537483577,2.7392,big_data
6.33,0.0,1.1,37.08,0.17,0.12,0.0,0.0,0.0,1909.4,0.2,474.9,0.0,0.01,0.0,254.69,4.0,132.33,55.0,100.08,32.03,1.04,5.68,8.4,7.8,0.0,0.0,0.0,28.50242773683793,10041.9,3.4276352,1.258,45.98,1.67,0.15,0.45,0.22,0.27,18.62,0.67,98,19968,331281984,14892,44571376,486464,21,45747,33486,0,7,4,9.0,33483.4,2.0,15093.0,88.27,49.26,95.99,0.36626223240143096,2.7392,big_data
3.99,0.0,1.09,37.45,0.16,0.12,0.0,0.0,56.40000000000001,1906.0,2.4,474.97,0.04,0.0,75.0,255.18,16.0,132.2,41.58,100.0,32.0,1.03,5.6,8.4,7.8,0.0,0.0,0.0,28.62826357514459,10499.4,3.5837952000000004,0.87,45.84,3.06,0.27,0.8,0.28,0.24,19.15,0.54,101,19968,328434112,14908,47280308,486734,54,43961,24201,0,5,3,21.0,24212.2,5.0,15092.0,89.61,50.18,96.04,0.36626223240143096,2.7392,big_data
5.48,0.0,1.2,32.82,0.16,0.12,0.0,0.0,50.48666666666667,1911.0,10.2,473.32,1.65,0.02,43.33,253.63,165.18,132.13,40.69,100.0,32.0,1.04,5.68,8.4,7.8,0.0,0.0,0.0,28.650740759513504,12839.2,4.382446933333334,0.988,42.4,2.51,0.21,0.72,0.25,0.24,19.93,0.57,99,19968,325233984,14924,50345176,485666,1701,45079,25541,0,7,12,15.8,25513.2,12.0,15092.0,90.77,51.08,96.08,0.36623796537483577,2.7392,big_data
4.47,0.0,0.83,32.61,0.16,0.12,0.0,0.0,47.55666666666667,1905.2,10.4,472.93,1.26,0.02,45.83,254.19,123.69,132.49,39.69,100.08,32.02,1.04,5.68,8.4,7.8,0.0,0.0,0.0,28.67777631232315,10283.78,3.5101969066666667,0.9209999999999999,41.6,2.68,0.18,0.78,0.26,0.24,19.86,0.45,101,19968,322194528,14940,53392164,482317,1777,44134,23731,0,5,9,15.8,23463.4,12.0,15092.0,92.39,52.07,96.16,0.36623796537483577,2.7392,big_data
5.94,0.0,1.21,31.2,0.18,0.11,0.0,0.0,52.83666666666666,1857.8,19.4,461.25,4.82,0.0,23.62,254.24,254.64,134.8,43.15,100.0,32.0,1.02,5.57,8.2,7.4,0.0,0.0,0.0,28.67859593911697,12705.08,4.3366673066666666,0.9359999999999999,42.05,2.72,0.16,0.73,0.24,0.23,20.2,0.52,102,19968,318616928,14952,56924960,473020,4751,45672,27064,0,7,6,15.8,27339.8,11.0,15092.0,93.56,52.98,96.22,0.36623796537483577,2.7392,big_data
16.5,0.0,2.44,31.19,0.23,0.15,0.0,0.0,53.24555555555554,1849.8,22.4,460.35,5.6,0.0,0.0,254.84,256.0,136.54,44.44,100.0,32.0,1.15,5.86,9.4,9.2,0.0,0.0,0.0,28.685170392335483,29588.58,10.09956864,1.071,38.24,2.21,0.1,0.68,0.24,0.25,24.9,0.56,101,19968,311772992,14960,63663508,471971,5971,53110,42713,0,20,35,21.2,42666.6,36.0,15093.0,94.63,53.88,96.28,0.36623796537483577,2.7904,big_data
17.2,0.0,2.79,28.97,0.21,0.12,0.0,0.0,51.588518518518505,1859.2,16.8,462.39,4.2,0.03,0.0,254.67,256.0,135.44,40.96,100.08,32.03,1.04,5.68,8.4,7.8,0.0,0.0,0.0,28.704651124262966,29136.22,9.945163093333337,1.052,39.72,2.28,0.09,0.58,0.23,0.24,23.23,0.57,102,19968,304060096,14968,71286744,472712,4342,51181,45306,0,20,24,9.0,45162.6,22.0,15093.0,98.03,55.26,96.5,0.36626223240143096,2.7904,big_data
17.67,0.0,2.45,28.86,0.22,0.13,0.0,0.0,50.90035714285715,1858.4,19.6,461.07,4.9,0.01,0.0,254.06,256.0,136.45,43.76,100.0,32.0,1.03,5.6,8.4,7.8,0.0,0.0,0.0,28.719377110932317,28499.16,9.727713279999998,1.1640000000000001,40.55,2.04,0.09,0.52,0.21,0.25,22.63,0.54,101,19968,296971520,14980,78254072,472572,4725,54894,59963,0,21,18,21.0,59046.0,99.0,15092.0,99.95,56.37,96.64,0.36626223240143096,2.7904,big_data
13.63,0.0,1.82,29.29,0.19,0.13,0.0,0.0,56.120625,1856.4,22.4,461.12,5.46,0.0,38.46,254.35,249.5,134.48,42.87,100.0,32.0,1.04,5.68,8.4,7.8,0.0,0.0,0.0,28.74904365816801,22433.32,7.657239893333332,1.1740000000000002,39.69,2.04,0.09,0.51,0.21,0.24,22.16,0.54,101,19968,291062080,15000,84082984,471292,5812,50829,53983,0,15,103,15.8,54436.2,22.0,15093.0,101.55,57.43,96.76,0.36623796537483577,2.7904,big_data
9.54,0.0,1.26,29.21,0.18,0.12,0.0,0.0,51.16909090909091,1862.8,16.6,463.09,4.08,0.01,30.25,254.57,251.66,136.0,43.98,100.0,32.0,1.04,5.68,8.4,7.8,0.0,0.0,0.0,28.762558780832055,15008.5,5.122901333333333,1.133,37.43,1.9,0.09,0.55,0.22,0.25,21.94,0.48,100,19968,286538880,15032,88576376,475074,4325,47074,40068,0,12,14,14.2,40571.6,11.0,15092.0,102.95,58.45,96.88,0.36623796537483577,2.7904,big_data
7.3,0.0,1.34,26.88,0.14,0.12,0.0,0.0,52.698571428571434,1869.6,14.6,464.2,3.58,0.01,31.78,254.25,250.96,134.84,43.92,100.08,32.03,1.02,5.57,8.2,7.4,0.0,0.0,0.0,28.765873682166553,14189.56,4.843369813333333,1.036,41.02,2.47,0.15,0.64,0.22,0.23,20.51,0.51,101,19968,282422304,15052,92669704,474722,3817,45023,27790,0,9,6,15.8,27731.6,9.0,15092.0,103.52,59.3,96.95,0.36623796537483577,2.7904,big_data
4.21,0.0,1.06,30.23,0.17,0.1,0.0,0.0,54.62500000000001,1866.4,13.4,464.53,3.27,0.01,22.99,254.87,249.67,135.29,45.1,100.0,32.0,1.15,5.87,9.4,9.2,0.0,0.0,0.0,28.765788004250076,10491.18,3.58098944,0.867,43.77,2.91,0.25,0.79,0.27,0.24,19.74,0.5,101,19968,279495712,15072,95589072,476812,3198,43599,23777,0,5,6,21.0,23938.6,7.0,15093.0,103.79,60.1,97.01,0.36623796537483577,2.8160000000000003,big_data
4.2,0.0,1.04,31.7,0.15,0.13,0.0,0.0,55.66,1868.6,15.0,464.46,3.67,0.01,20.21,254.53,250.29,134.64,43.81,100.16,32.05,1.04,5.68,8.4,7.8,0.0,0.0,0.0,28.76934629152427,10332.58,3.526853973333333,0.9179999999999999,45.54,3.02,0.26,0.82,0.27,0.24,20.16,0.5,99,19968,276758944,15092,98452576,475137,4020,43533,22926,0,5,7,9.4,22893.8,9.0,15094.0,104.13,60.89,97.06,0.36626223240143096,2.8416,big_data
3.18,0.0,0.98,33.03,0.16,0.11,0.0,0.0,0.0,1863.0,18.8,461.85,4.63,0.01,24.8,253.86,251.96,135.26,43.11,100.0,32.0,1.03,5.6,8.4,7.8,0.0,0.0,0.0,28.748627399972076,9220.46,3.147250346666667,0.807,45.94,3.35,0.37,0.91,0.3,0.24,19.42,0.46,99,19968,274288064,15112,100924656,472957,4747,43200,21868,0,4,4,21.0,21885.6,3.0,15093.0,104.28,61.64,97.11,0.3662864994280262,2.8416,big_data
2.65,0.0,0.67,32.0,0.13,0.12,0.0,0.0,0.0,1865.4,17.2,462.95,4.23,0.01,27.73,254.14,251.67,135.17,44.53,100.08,32.02,1.04,5.68,8.4,7.8,0.0,0.0,0.0,28.747173908238725,7338.48,2.50486784,0.867,47.35,3.15,0.32,0.84,0.3,0.26,19.93,0.4,101,19968,271913280,15128,103298376,474082,4710,42846,22132,0,4,9,15.6,22093.4,14.0,15093.0,104.1,62.31,97.14,0.36626223240143096,2.8416,big_data
3.7,0.0,0.91,32.62,0.16,0.11,0.0,0.0,58.7,1860.2,17.6,461.64,4.32,0.0,23.48,254.12,251.5,135.54,43.01,100.0,32.0,1.04,5.68,8.4,7.8,0.0,0.0,0.0,28.747232290535784,9095.1,3.1044607999999996,0.9109999999999999,44.71,2.72,0.19,0.74,0.26,0.24,18.7,0.39,100,19968,269263552,15144,106007896,473311,4134,43953,24456,0,5,8,16.0,24456.6,8.0,15091.0,104.65,63.12,97.21,0.36626223240143096,2.8416,big_data
4.0,0.0,1.03,33.18,0.15,0.12,0.0,0.0,47.1,1857.6,20.4,461.72,5.02,0.0,20.93,254.52,252.12,135.62,42.39,100.16,32.05,1.02,5.57,8.2,7.4,0.0,0.0,0.0,28.740330289884408,9463.32,3.23014656,0.9890000000000001,45.62,2.83,0.25,0.76,0.26,0.26,20.87,0.47,101,19968,266452448,15160,108714344,472630,5463,45186,27514,0,5,5,15.8,27574.2,8.0,15091.0,104.92,63.87,97.27,0.3662136983482406,2.8416,big_data
4.3,0.0,0.97,33.63,0.17,0.11,0.0,0.0,35.27,1840.2,17.2,458.14,4.21,0.0,13.13,254.94,250.74,136.57,45.76,100.08,32.02,1.15,5.87,9.4,9.2,0.0,0.0,0.0,28.75729603376832,9400.14,3.2085811200000003,1.071,45.27,2.23,0.2,0.62,0.25,0.27,19.69,0.44,99,19968,264104336,15180,111205664,468602,4266,46600,35309,0,5,7,21.0,34977.6,40.0,15092.0,105.17,64.6,97.33,0.3662136983482406,2.8416,big_data
4.43,0.0,1.04,28.48,0.16,0.11,0.0,0.0,0.0,1801.0,18.4,446.22,4.53,0.01,25.2,253.71,251.87,140.06,47.8,100.16,32.05,1.04,5.68,8.4,7.8,0.0,0.0,0.0,28.731655590394958,9372.08,3.1990033066666665,1.074,45.64,2.33,0.24,0.65,0.25,0.27,20.33,0.42,101,19968,262024768,15208,113502480,458201,4846,46517,37967,0,5,1,9.2,38335.8,2.0,15092.0,105.23,65.29,97.38,0.36623796537483577,2.8672,big_data
2.98,0.0,0.93,28.81,0.16,0.14,0.0,0.0,0.0,1867.33,17.33,463.05,4.26,0.01,26.89,253.93,251.68,134.45,43.21,100.0,32.0,1.03,5.6,8.4,7.8,0.0,0.0,0.0,28.686198527333094,8739.7,2.983150933333333,0.8109999999999999,45.9,3.13,0.34,0.83,0.3,0.24,19.04,0.41,99,19968,259698336,15360,115877720,473936,4450,43879,25848,0,4,11,21.2,25844.2,6.0,15091.0,105.21,65.95,97.42,0.36623796537483577,2.8672,big_data
2.74,0.0,0.67,27.43,0.15,0.1,0.0,0.0,0.0,1863.86,15.46,463.47,3.78,0.01,21.43,254.63,250.55,135.34,42.75,100.0,32.02,1.04,5.68,8.4,7.8,0.0,0.0,0.0,28.681756165274827,6764.68,2.309010773333333,0.909,48.17,2.92,0.25,0.76,0.29,0.26,19.33,0.38,101,19968,257405376,15388,118256752,475037,4036,42456,23147,0,4,4,15.6,23148.4,8.0,15091.0,105.44,66.64,97.48,0.3662136983482406,2.8672,big_data
2.84,0.0,0.88,28.97,0.15,0.11,0.0,0.0,0.0,1868.2,14.4,463.82,3.6,0.0,0.0,254.23,256.0,134.99,44.62,100.0,32.0,1.04,5.68,8.4,7.8,0.0,0.0,0.0,28.66362580829627,8115.719999999998,2.77016576,0.8759999999999999,46.57,3.11,0.29,0.84,0.3,0.26,19.82,0.43,99,19968,255027152,15404,120637360,474543,3824,42354,21291,0,4,9,14.0,21296.2,3.0,15091.0,105.56,67.31,97.53,0.3662136983482406,2.8672,big_data
2.85,0.0,0.9,26.27,0.15,0.12,0.0,0.0,0.0,1852.4,19.0,461.3,4.67,0.0,21.49,255.0,251.79,136.33,43.19,100.0,32.0,1.02,5.57,8.2,7.4,0.0,0.0,0.0,28.663177705211023,8463.6,2.8889088,0.805,47.75,3.34,0.35,0.86,0.31,0.25,19.21,0.42,102,19968,252644832,15420,123001840,472088,5044,42046,20852,0,4,8,16.2,20851.0,5.0,15091.0,105.68,67.97,97.58,0.36626223240143096,2.8672,big_data
2.89,0.0,0.94,27.97,0.16,0.11,0.0,0.0,0.0,1868.4,13.8,464.23,3.37,0.01,22.47,254.43,249.86,134.83,41.78,100.0,32.0,1.15,5.87,9.4,9.2,0.0,0.0,0.0,28.661616547423353,8416.0,2.8726613333333333,0.9470000000000001,47.21,3.29,0.33,0.85,0.3,0.28,22.15,0.48,101,19968,250243808,15432,125388160,475677,3389,43184,23122,0,4,57,20.6,23070.4,3.0,15092.0,105.7,68.6,97.62,0.3662136983482406,2.8672,big_data
3.94,0.0,1.05,27.12,0.15,0.13,0.0,0.0,80.4,1870.2,15.4,463.93,3.77,0.0,23.76,254.02,250.7,133.89,44.29,100.0,32.0,1.04,5.68,8.4,7.8,0.0,0.0,0.0,28.670798490506755,10081.32,3.44109056,0.895,45.69,2.97,0.27,0.8,0.27,0.24,19.47,0.44,101,19968,247600240,15452,128047184,475298,3922,43122,25389,0,5,2,9.6,25475.8,11.0,15092.0,105.65,69.21,97.66,0.36626223240143096,2.8672,big_data
4.38,0.0,0.88,27.73,0.16,0.12,0.0,0.0,59.52,1875.6,12.2,465.52,2.98,0.01,37.11,254.15,250.1,135.15,43.25,100.0,32.0,1.03,5.6,8.4,7.8,0.0,0.0,0.0,28.663927576533037,10278.62,3.5084356266666665,0.965,44.91,2.82,0.22,0.74,0.25,0.24,20.25,0.46,100,19968,244530320,15468,131048304,476172,3219,43828,26068,0,5,12,20.6,26029.4,11.0,15091.0,105.76,69.84,97.71,0.36623796537483577,2.8672,big_data
5.84,0.0,1.0,27.48,0.15,0.11,0.0,0.0,58.23500000000001,1864.0,14.0,463.39,3.43,0.0,35.19,254.56,250.97,135.58,45.44,100.0,32.0,1.04,5.68,8.4,7.8,0.0,0.0,0.0,28.67903570187406,11533.86,3.93689088,1.141,37.99,2.31,0.14,0.82,0.23,0.26,21.7,0.49,100,19968,241165952,15484,134259312,475119,3406,44839,30437,0,7,8,16.0,30421.2,10.0,15091.0,106.18,70.52,97.79,0.3662136983482406,2.8672,big_data
7.69,0.0,1.19,29.37,0.18,0.12,0.0,0.0,52.198,1872.2,15.6,465.85,3.82,0.0,24.27,254.8,250.82,134.36,42.88,100.0,32.0,1.04,5.68,8.4,7.8,0.0,0.0,0.0,28.705796023854703,14820.64,5.058778453333333,1.075,37.32,2.25,0.16,0.86,0.23,0.25,20.26,0.5,100,19968,237688032,15540,137471232,476404,4401,47160,37680,0,9,12,16.2,37706.0,9.0,15092.0,106.4,71.16,97.85,0.3662136983482406,2.8672,big_data
9.64,0.0,1.4,29.3,0.18,0.13,0.0,0.0,51.31384615384615,1869.4,16.0,464.53,3.92,0.0,27.27,254.46,251.2,135.0,42.24,100.08,32.02,1.02,5.57,8.2,7.4,0.0,0.0,0.0,28.764511175831213,17508.4,5.9762005333333335,1.175,42.2,2.31,0.11,0.59,0.21,0.25,22.48,0.52,101,19968,232884960,15600,142110736,477253,3868,48102,40202,0,12,15,16.2,39399.8,14.0,15092.0,107.09,71.89,97.94,0.36623796537483577,2.8672,big_data
13.15,0.0,1.83,29.21,0.19,0.11,0.0,0.0,62.52625000000001,1862.8,16.0,462.68,3.92,0.0,26.61,254.34,251.15,135.27,42.08,100.16,32.05,1.36,6.05,10.4,10.6,0.0,0.0,0.0,28.790820361880016,23842.06,8.138089813333334,1.07,43.12,2.43,0.09,0.63,0.21,0.22,20.74,0.44,100,19968,226846240,15652,148084576,472538,4002,45889,30825,0,15,27,20.8,31583.6,20.0,15094.0,107.56,72.57,98.02,0.36623796537483577,2.8672,big_data
12.8,0.0,1.55,37.42,0.2,0.13,0.0,0.0,36.89,1875.4,13.6,465.02,3.33,0.02,37.04,253.91,250.94,133.88,42.5,100.0,32.0,1.69,6.24,11.4,12.0,0.0,0.0,0.0,28.801003902553273,23963.86,8.179664213333334,1.045,36.1,2.39,0.16,1.49,0.26,0.28,22.15,0.46,127,19968,222132960,15964,152288768,476869,3755,45426,27535,0,15,17,10.2,27494.0,22.0,15097.0,108.96,73.44,98.16,0.3662864994280262,2.8672,big_data
5.34,0.0,0.85,44.51,0.17,0.11,0.0,0.0,38.0,1863.4,15.4,463.42,3.79,0.03,36.89,254.66,251.79,136.21,44.88,100.0,32.0,1.91,6.36,12.6,13.6,0.0,0.0,0.0,28.90401529555526,10622.02,3.625649493333333,0.965,44.33,2.45,0.18,0.82,0.26,0.25,19.91,0.32,141,19968,219690560,15980,154959904,473658,3899,42989,22416,0,6,7,21.4,22469.4,11.0,15098.0,111.53,74.56,98.39,0.3663593005078119,2.8672,big_data
4.76,0.0,0.9,47.21,0.15,0.11,0.0,0.0,0.0,1865.0,15.0,463.66,3.68,0.0,31.82,254.58,251.15,134.81,44.96,100.08,32.03,2.16,6.7,14.0,16.2,0.0,0.0,0.0,28.85545866326755,10450.8,3.5672063999999994,0.975,45.11,2.36,0.16,0.76,0.25,0.24,19.05,0.31,149,19968,217256640,16000,157456800,475137,4028,43194,23613,0,6,7,17.0,23620.4,10.0,15098.0,114.53,75.8,98.67,0.3663835675344071,2.8672,big_data
4.24,0.0,0.95,51.85,0.17,0.13,0.0,0.0,0.0,1865.8,15.4,463.72,3.78,0.06,30.0,254.5,251.17,134.07,43.29,100.0,32.0,3.46,7.84,20.2,24.8,0.0,0.0,0.0,28.84481488812265,10069.64,3.437103786666666,1.006,44.88,2.63,0.24,0.82,0.26,0.27,21.23,0.36,155,19968,214769920,16024,159887040,472982,3999,43368,23838,0,5,7,16.2,23833.2,10.0,15101.0,117.85,77.13,98.97,0.3663835675344071,2.8672,big_data
4.67,0.0,0.96,57.07,0.15,0.12,0.0,0.0,37.93000000000001,1852.4,20.6,459.75,5.09,0.04,29.93,254.15,252.82,136.45,44.27,100.0,32.0,4.75,8.89,26.2,33.2,0.0,0.0,0.0,28.86249865843926,10473.54,3.57496832,1.005,45.31,2.48,0.21,0.79,0.25,0.26,20.27,0.36,158,19968,212328416,16044,162333792,470078,5291,43503,25460,0,6,6,19.6,25386.2,5.0,15108.0,121.22,78.51,99.3,0.3664806356407878,2.8672,big_data
3.97,0.0,0.97,60.12,0.17,0.12,0.0,0.0,0.0,1839.0,26.0,454.95,6.44,0.11,26.55,253.33,253.57,137.11,44.46,100.0,32.0,6.46,10.64,35.6,47.2,0.0,0.0,0.0,28.853905845808033,9597.5,3.2759466666666666,0.9359999999999999,44.86,2.76,0.27,0.79,0.28,0.26,20.68,0.46,137,19968,209646096,16068,164717440,460768,6882,44378,29042,0,5,4,25.4,29141.8,2.0,15111.0,124.41,79.88,99.63,0.3666505048269543,2.8672,big_data
3.27,0.0,0.75,58.06,0.14,0.13,0.0,0.0,0.0,1664.4,138.2,413.63,32.67,0.35,19.93,254.48,242.04,142.34,40.67,100.0,32.0,7.08,11.17,38.8,52.4,0.0,0.0,0.0,28.903376123134173,8270.119999999999,2.822867626666666,0.9740000000000001,44.58,2.66,0.27,0.82,0.28,0.27,21.71,0.45,100,19968,207256640,16092,166756992,405522,36341,43419,25231,0,4,6,15.0,25218.8,8.0,15114.0,125.58,80.86,99.85,0.3667233059067399,2.8672,big_data
1.06,0.0,0.38,52.87,0.13,0.08,0.0,0.0,0.0,368.4,1254.0,91.23,313.44,0.22,0.76,253.58,255.95,48.4,13.99,100.0,21.33,2.2,6.97,17.2,23.0,0.0,0.0,0.0,28.978251798222143,2765.66,0.9440119466666664,0.851,39.0,2.71,0.31,0.73,0.35,0.3,26.41,0.55,97,19968,206506032,16168,167192208,86353,324712,40940,17930,0,2,0,21.4,17985.6,1.0,15093.0,124.09,81.29,99.89,0.3666990388801447,2.8672,big_data
0.53,0.0,0.35,54.34,0.14,0.07,0.0,0.0,0.0,3.0,1377.4,0.01,344.32,0.0,0.3,4.0,255.98,3.0,12.21,100.0,16.63,1.39,6.37,13.8,18.6,0.0,0.0,0.0,29.034251036067786,2190.12,0.7475609599999999,0.8490000000000001,39.32,3.31,0.38,0.76,0.41,0.35,33.23,0.71,97,19968,206358176,16240,167194032,11,353103,40656,16896,0,2,0,16.0,16900.4,1.0,15066.0,122.24,81.62,99.89,0.3662136983482406,2.8672,big_data
0.2,0.0,0.15,55.5,0.11,0.08,0.0,0.0,0.0,2.6,1318.4,0.01,329.47,0.0,0.35,4.0,255.9,2.38,12.81,100.0,16.74,1.13,5.82,9.6,10.0,0.0,0.0,0.0,29.058590388249478,1802.74,0.6153352533333334,0.639,38.43,4.84,0.21,0.82,0.57,0.36,38.31,0.78,97,19968,206121504,16308,167242992,10,337604,40051,15412,0,0,0,15.6,15384.0,2.0,15059.0,120.22,81.87,99.88,0.3656070226833604,2.8672,big_data
1.8,0.0,0.27,55.14,0.15,0.08,0.0,0.0,0.0,2.8,1351.2,0.01,337.72,0.0,0.38,4.0,255.94,2.07,12.5,100.0,16.84,1.02,5.57,8.2,7.4,0.0,0.0,0.0,29.09356517524792,7347.26,2.507864746666667,0.8190000000000001,38.3,3.0,0.07,0.78,0.24,0.19,21.35,0.59,91,19968,204451312,16388,168855712,11,343918,39753,15125,0,3,8,16.2,14958.2,4.0,15059.0,118.36,82.13,99.86,0.36543715349719397,2.8672,big_data
3.83,0.0,0.43,52.17,0.14,0.09,0.0,0.0,0.0,20.4,1500.0,4.3,374.93,0.0,0.44,215.88,255.95,15.76,11.19,100.0,16.86,1.15,5.87,9.4,9.2,0.0,0.0,0.0,29.105271204914693,9177.5,3.132586666666666,0.865,45.42,3.23,0.03,0.26,0.22,0.19,22.88,0.64,89,19968,201688224,16472,171558176,4404,387108,40894,17668,0,5,8,20.6,17766.2,5.0,15060.0,116.65,82.37,99.84,0.36543715349719397,2.8672,big_data
1.43,0.0,0.2,57.84,0.14,0.08,0.0,0.0,0.0,17.6,1558.8,3.61,389.63,0.0,0.49,209.86,255.95,11.92,10.76,100.0,16.81,1.04,5.68,8.4,7.8,0.0,0.0,0.0,29.115312960009376,8938.78,3.0511035733333336,0.9670000000000001,43.16,3.12,0.05,0.43,0.23,0.22,26.24,0.79,76,19968,199126608,16596,174072480,3694,399023,41919,21213,0,1,24,12.6,20882.0,3.0,15067.0,115.16,82.63,99.83,0.36543715349719397,2.8672,big_data
2.59,0.0,0.25,53.11,0.16,0.09,0.0,0.0,0.0,3.4,1575.4,0.01,393.81,0.0,0.92,4.0,255.97,2.76,10.65,100.0,16.69,1.03,5.6,8.4,7.8,0.0,0.0,0.0,29.12639801433468,10628.26,3.627779413333333,0.914,36.71,2.61,0.09,0.63,0.2,0.18,21.04,0.86,94,19968,196631856,16760,176382688,13,402798,45426,27890,0,3,3,41.6,28107.0,6.0,15145.0,113.78,82.89,99.82,0.3657283578163365,2.8672,big_data
2.49,0.0,0.32,55.0,0.15,0.09,0.0,0.0,0.0,17.2,1545.4,3.5,386.23,0.0,0.49,208.19,255.92,18.87,10.89,100.0,16.93,1.04,5.68,8.4,7.8,0.0,0.0,0.0,29.162168923565783,10486.8,3.5794944,0.93,39.59,2.68,0.07,0.4,0.2,0.19,21.03,0.89,93,19968,194003136,16852,178787440,3582,396022,43384,24920,0,3,5,17.6,25007.8,4.0,15152.0,112.44,83.12,99.81,0.3675241177843817,2.8672,big_data
2.39,0.0,0.32,54.71,0.16,0.09,0.0,0.0,0.0,20.4,1472.0,4.3,367.93,0.0,0.53,215.88,255.95,17.47,11.42,100.0,16.94,1.04,5.68,8.4,7.8,0.0,0.0,0.0,29.203021367276243,10299.88,3.5156923733333336,1.0290000000000001,40.49,2.72,0.08,0.4,0.2,0.21,23.28,1.0,94,19968,191453392,16932,181024352,4403,375094,42132,21862,0,3,4,14.8,21798.8,3.0,15152.0,111.2,83.35,99.79,0.3676697199439529,2.8672,big_data
2.24,0.0,0.37,53.88,0.16,0.1,0.0,0.0,0.0,11.6,1408.4,2.15,352.03,0.0,0.47,190.07,255.95,27.0,11.93,100.0,16.8,1.02,5.57,8.2,7.4,0.0,0.0,0.0,29.268127485251927,9087.34,3.101812053333333,1.036,40.54,2.75,0.07,0.35,0.2,0.21,23.69,1.04,95,19968,189123648,17008,183103568,2205,361587,41336,21683,0,3,2,16.2,21723.6,8.0,15150.0,110.38,83.65,99.8,0.3676939869705481,2.8672,big_data
2.06,0.0,0.36,50.42,0.15,0.08,0.0,0.0,0.0,25.0,1468.0,5.5,366.93,0.0,0.43,225.28,255.95,16.47,11.46,100.0,17.03,1.15,5.87,9.4,9.2,0.0,0.0,0.0,29.30909441892157,9489.36,3.23903488,0.9740000000000001,40.99,2.98,0.1,0.43,0.21,0.2,23.28,0.93,92,19968,187014032,17100,185086464,5633,375522,41025,18453,0,3,6,21.2,18096.4,4.0,15152.0,109.31,83.87,99.79,0.3676454529173577,2.8672,big_data
2.04,0.0,0.31,50.64,0.16,0.1,0.0,0.0,0.0,26.8,1512.0,5.9,377.93,0.0,0.5,225.52,255.95,24.81,11.11,100.0,17.11,1.04,5.68,8.4,7.8,0.0,0.0,0.0,29.334983555716175,9085.86,3.10130688,0.966,40.89,2.97,0.1,0.44,0.21,0.2,23.03,0.89,90,19968,185003600,17176,187067536,6599,386778,42112,20171,0,3,7,10.6,20476.8,2.0,15154.0,108.41,84.1,99.78,0.3677182539971433,2.8672,big_data
2.16,0.0,0.32,52.06,0.14,0.08,0.0,0.0,0.0,5.4,1545.0,0.56,386.14,0.0,0.6,105.33,255.93,12.33,10.87,100.0,16.66,1.03,5.6,8.4,7.8,0.0,0.0,0.0,29.3413676978105,9216.8,3.1460010666666665,0.937,39.61,2.95,0.09,0.43,0.2,0.19,22.4,0.99,91,19968,182938896,17288,189050304,14,396561,42456,20935,0,3,7,22.2,20909.6,4.0,15156.0,107.57,84.33,99.77,0.3677425210237385,2.8672,big_data
2.82,0.0,0.47,54.28,0.17,0.1,0.0,0.0,0.0,48.8,1491.0,11.38,372.69,0.0,0.73,238.84,255.96,19.27,11.32,100.0,17.34,1.04,5.68,8.4,7.8,0.0,0.0,0.0,29.356108090501213,10806.12,3.68848896,0.985,40.09,2.71,0.1,0.5,0.2,0.2,21.65,0.91,93,19968,180683792,17404,191151888,13293,379918,43394,23435,0,4,4,17.6,23499.0,3.0,15163.0,106.97,84.59,99.77,0.3677910550769289,2.8672,big_data
4.37,0.0,0.5,54.36,0.15,0.09,0.0,0.0,0.0,297.2,1168.0,73.61,291.94,0.0,0.87,253.62,255.95,25.54,14.6,99.92,21.44,1.04,5.68,8.4,7.8,0.0,0.0,0.0,29.387786173244766,11501.74,3.9259272533333336,1.123,41.03,2.43,0.09,0.47,0.19,0.22,22.38,0.99,90,19968,177774112,17484,193586592,76334,298370,43701,25895,0,5,11,16.4,25820.6,3.0,15155.0,106.25,84.82,99.76,0.3679366572365001,2.8672,big_data
3.96,0.0,0.61,54.49,0.17,0.1,0.0,0.0,0.0,315.2,1112.2,78.02,277.99,0.0,0.86,253.46,255.94,128.06,15.56,100.0,21.21,1.02,5.57,8.2,7.4,0.0,0.0,0.0,29.47587596097166,10401.06,3.5502284800000004,1.0959999999999999,41.23,2.46,0.1,0.53,0.2,0.22,22.33,0.87,91,19968,175421584,17568,195542336,77294,286936,44199,25442,0,5,6,17.6,25579.2,0.0,15139.0,105.75,85.07,99.76,0.3677667880503337,2.8672,big_data
2.73,0.0,0.67,52.76,0.15,0.1,0.0,0.0,0.0,46.0,1258.0,10.79,314.28,0.0,0.76,240.21,255.82,18.23,13.55,100.0,17.64,1.15,5.87,9.4,9.2,0.0,0.0,0.0,29.551164861408964,9942.92,3.3938500266666662,1.169,41.35,2.59,0.17,0.48,0.21,0.24,24.74,1.1,95,19968,173711072,17640,196934992,11049,321684,44533,31592,0,4,2,21.4,31628.2,4.0,15125.0,105.13,85.28,99.75,0.3672814475184296,2.8928,big_data
1.26,0.0,0.31,51.53,0.14,0.08,0.0,0.0,0.0,2.0,1022.4,0.01,255.31,0.0,0.68,4.0,255.71,2.7,16.64,100.0,16.93,1.04,5.68,8.4,7.8,0.0,0.0,0.0,29.61147301606245,7671.8600000000015,2.6186615466666665,1.061,41.2,3.16,0.17,0.5,0.22,0.23,26.53,1.2,89,19968,172309584,17704,198307728,8,260478,40707,18596,0,2,11,9.6,18536.8,3.0,15122.0,104.48,85.48,99.73,0.3669902431992872,2.8928,big_data
1.62,0.0,0.38,53.38,0.14,0.09,0.0,0.0,0.0,2.6,1202.0,0.01,299.94,0.0,0.74,4.0,255.52,3.46,14.15,99.92,16.93,1.03,5.6,8.4,7.8,0.0,0.0,0.0,29.61772977859955,7734.42,2.64001536,0.981,38.77,2.91,0.13,0.55,0.21,0.2,23.58,1.09,95,19968,170945648,17844,199642176,10,309381,42775,22635,0,3,3,27.4,22713.4,2.0,15145.0,104.04,85.7,99.73,0.366965976172692,2.8928,big_data
2.17,0.0,0.39,51.95,0.16,0.09,0.0,0.0,0.0,2.8,1330.2,0.01,331.77,0.0,1.14,4.0,255.4,2.57,12.68,100.0,16.74,1.04,5.68,8.4,7.8,0.0,0.0,0.0,29.62206144175689,9763.34,3.3325533866666666,0.878,37.05,2.87,0.17,0.74,0.2,0.18,20.74,1.0,92,19968,169413488,18060,201162352,11,339590,43552,23129,0,3,6,32.2,23099.8,12.0,15207.0,103.47,85.89,99.71,0.3675483848109769,2.8928,big_data
3.31,0.0,0.44,53.1,0.16,0.1,0.0,0.0,0.0,3.0,1470.0,0.01,366.68,0.0,1.47,4.0,255.43,3.13,11.47,99.92,16.76,1.04,5.68,8.4,7.8,0.0,0.0,0.0,29.624950986355643,11459.86,3.911632213333333,0.861,34.6,2.62,0.18,0.77,0.19,0.17,19.06,1.03,85,19968,167719472,18260,202839488,12,376418,45126,26120,0,4,12,33.0,26069.6,8.0,15278.0,103.11,86.11,99.71,0.3690286734332844,2.8928,big_data
3.34,0.0,0.68,49.94,0.18,0.09,0.0,0.0,0.0,3.2,1576.6,0.01,393.3,0.0,0.82,4.0,255.45,2.5,10.64,100.0,16.65,1.02,5.57,8.2,7.4,0.0,0.0,0.0,29.629038505361642,13045.04,4.452706986666667,0.995,36.54,2.83,0.19,0.63,0.2,0.2,22.8,1.3,93,19968,165870336,18340,204680896,13,403565,42623,21037,0,4,4,16.6,20986.2,9.0,15280.0,102.79,86.32,99.71,0.3707758993481391,2.9184,big_data
3.76,0.0,0.72,50.44,0.17,0.09,0.0,0.0,0.0,3.4,1579.0,0.01,394.71,0.0,0.58,4.0,255.98,3.24,10.61,99.92,16.61,1.15,5.87,9.4,9.2,0.0,0.0,0.0,29.630569334683305,13769.7,4.700057599999999,0.985,37.59,2.95,0.19,0.56,0.2,0.2,22.98,1.34,89,19968,164597360,17728,205979872,14,404294,42886,21821,3,5,10,20.6,21896.0,0.0,15282.0,102.32,86.5,99.69,0.3708001663747344,2.944,big_data
4.04,0.0,0.51,51.66,0.17,0.1,0.0,0.0,0.0,3.2,1600.4,0.01,399.92,0.0,0.44,4.0,255.88,2.94,10.51,100.0,16.65,1.04,5.68,8.4,7.8,0.0,0.0,0.0,29.625379375937978,12236.5,4.176725333333333,1.034,36.83,2.66,0.16,0.48,0.19,0.2,22.52,1.31,92,19968,162685824,17812,207858304,14,408718,42522,21790,1,5,6,9.6,21844.6,10.0,15281.0,101.9,86.68,99.68,0.3708244334013295,2.944,big_data
4.66,0.0,0.62,50.57,0.18,0.09,0.0,0.0,0.0,10.87,1578.06,1.63,394.35,0.0,0.42,153.31,255.89,10.42,10.66,100.08,16.8,1.03,5.6,8.4,7.8,0.0,0.0,0.0,29.631199408564587,12640.1,4.314487466666667,1.109,35.35,2.37,0.1,0.35,0.18,0.2,23.05,1.37,95,19968,160920944,17896,209549792,1686,403710,42993,23734,2,6,4,20.6,23579.6,5.0,15280.0,101.9,86.93,99.69,0.3708244334013295,2.944,big_data
4.89,0.0,0.66,48.81,0.16,0.09,0.0,0.0,0.0,23.08,1551.62,4.8,387.71,0.0,0.44,213.05,255.87,18.49,10.79,99.92,17.0,1.04,5.68,8.4,7.8,0.0,0.0,0.0,29.64562741805542,13275.88,4.531500373333333,1.117,35.94,2.54,0.14,0.43,0.19,0.21,23.91,1.45,82,19968,159491920,17980,210926272,4858,398600,42339,21887,2,6,16,16.0,22050.8,3.0,15283.0,101.51,87.1,99.68,0.3708001663747344,2.944,big_data
5.02,0.0,0.72,48.05,0.17,0.09,0.0,0.0,0.0,17.2,1512.6,3.48,377.76,0.0,0.66,207.02,255.74,15.56,11.08,99.92,16.84,1.04,5.68,8.4,7.8,0.0,0.0,0.0,29.657986267952985,12950.86,4.420560213333333,1.107,35.34,2.57,0.15,0.45,0.19,0.21,24.51,1.47,87,19968,157462416,18060,212830064,3561,386440,43707,25459,0,6,11,15.6,25407.2,13.0,15280.0,101.31,87.3,99.67,0.3708001663747344,2.944,big_data
5.19,0.0,0.76,47.44,0.15,0.1,0.0,0.0,0.0,25.6,1591.4,5.36,392.09,0.0,5.61,214.31,252.3,15.29,10.59,99.92,17.04,1.02,5.57,8.2,7.4,0.0,0.0,0.0,29.67906910109725,13566.66,4.63075328,1.1159999999999999,36.79,2.55,0.16,0.43,0.19,0.21,23.37,1.36,87,19968,155783120,18056,214411024,5486,402816,44719,30265,1,6,10,16.2,30227.4,6.0,15282.0,100.96,87.46,99.66,0.3708001663747344,2.944,big_data
4.82,0.0,0.66,49.66,0.17,0.08,0.0,0.0,0.0,22.2,1328.6,4.75,332.08,0.0,0.46,219.03,255.94,18.17,12.65,100.0,17.06,1.15,5.87,9.4,9.2,0.0,0.0,0.0,29.69745573361356,12834.88,4.380972373333333,1.16,35.96,2.61,0.17,0.5,0.19,0.23,25.22,1.44,92,19968,154295696,18124,215816032,4862,339507,42691,23715,1,6,10,20.6,21977.8,13.0,15286.0,100.65,87.62,99.64,0.3708001663747344,2.944,big_data
4.4,0.0,0.48,51.09,0.16,0.1,0.0,0.0,0.0,25.8,1364.4,4.55,341.03,1.53,0.55,180.56,255.95,16.5,12.37,100.16,17.07,1.04,5.68,8.4,7.8,0.0,0.0,0.0,29.712202191997466,10670.02,3.642033493333333,1.097,35.63,2.57,0.14,0.42,0.19,0.21,24.06,1.45,93,19968,152844384,18312,217255872,5478,345517,41834,21027,2,5,5,9.6,22781.8,8.0,15283.0,100.59,87.82,99.64,0.3708244334013295,2.944,big_data
4.53,0.0,0.7,49.98,0.17,0.1,0.0,0.0,0.0,22.0,1250.4,4.81,312.39,0.0,0.46,223.96,255.83,19.37,13.44,99.84,17.03,1.03,5.59,8.38,7.78,0.0,0.0,0.0,29.71357379687259,11370.18,3.88102144,1.12,35.77,2.41,0.13,0.41,0.18,0.2,22.35,1.29,90,19968,151517984,18376,218533600,4132,321163,41870,23460,1,6,11,20.6,23474.4,6.0,15280.0,100.47,88.01,99.64,0.3708244334013295,2.944,big_data
3.85,0.0,0.65,50.32,0.16,0.08,0.0,0.0,0.0,22.0,1367.4,4.81,341.11,0.0,0.51,223.93,255.45,21.86,12.31,100.0,17.05,1.04,5.68,8.4,7.8,0.0,0.0,0.0,29.72435632474948,11163.96,3.8106316800000006,1.0979999999999999,36.43,2.83,0.19,0.55,0.2,0.22,25.29,1.36,96,19968,149962256,18512,220101792,4927,352781,40834,17424,1,5,2,14.8,17472.4,7.0,15283.0,100.27,88.17,99.63,0.3708001663747344,2.944,big_data
4.38,0.0,0.72,51.73,0.17,0.1,0.0,0.0,0.0,22.4,1561.6,4.81,389.43,0.0,1.36,220.0,255.37,13.46,10.7,100.0,16.89,1.04,5.68,8.4,7.8,0.0,0.0,0.0,29.723877134986576,12259.28,4.184500906666667,1.121,36.13,2.7,0.17,0.49,0.19,0.22,24.97,1.42,88,19968,148192912,18628,221801872,4929,399014,42096,21047,0,5,9,15.2,21027.2,9.0,15280.0,100.09,88.34,99.62,0.3708001663747344,2.944,big_data
4.5,0.0,0.77,50.55,0.16,0.09,0.0,0.0,0.0,22.6,1553.2,4.81,387.96,0.0,0.59,218.05,255.77,17.49,10.8,100.0,16.97,1.02,5.57,8.2,7.4,0.0,0.0,0.0,29.735963028690087,12893.0,4.400810666666667,1.1320000000000001,37.49,2.76,0.17,0.47,0.19,0.22,24.88,1.35,87,19968,146340032,18716,223594880,4930,397741,42882,23194,1,6,10,16.2,23136.4,10.0,15282.0,99.84,88.48,99.61,0.3708001663747344,2.944,big_data
4.2,0.0,0.53,49.0,0.17,0.09,0.0,0.0,0.0,22.8,1601.8,4.81,400.39,0.0,0.53,216.18,255.96,15.07,10.44,100.0,16.96,1.15,5.87,9.4,9.2,0.0,0.0,0.0,29.747048083015386,12354.62,4.217043626666666,1.095,37.11,2.61,0.16,0.43,0.19,0.21,23.54,1.39,90,19968,144425984,18804,225437584,5748,409776,42480,22524,0,5,16,17.0,21732.0,15.0,15281.0,99.61,88.62,99.59,0.3708001663747344,2.944,big_data
4.46,0.0,0.6,51.16,0.16,0.09,0.0,0.0,0.0,25.0,1421.8,5.61,355.39,0.0,0.6,229.79,255.95,16.58,11.85,100.0,17.14,1.04,5.68,8.4,7.8,0.0,0.0,0.0,29.765628059502482,11091.88,3.7860283733333335,1.193,35.86,2.41,0.11,0.34,0.18,0.21,24.24,1.42,93,19968,142706624,18880,227109440,5750,362312,42428,23066,1,5,4,12.8,23937.4,12.0,15281.0,99.72,88.83,99.6,0.3708487004279247,2.944,big_data
4.46,0.0,0.72,51.35,0.16,0.09,0.0,0.0,0.0,36.2,1417.8,7.9,354.38,0.0,0.52,223.45,255.95,16.06,11.79,99.92,17.12,1.03,5.6,8.4,7.8,0.0,0.0,0.0,29.77187951455803,12057.04,4.115469653333333,1.137,36.83,2.61,0.14,0.41,0.19,0.21,24.21,1.34,95,19968,141048656,18956,228684800,7270,363703,42552,23819,1,5,5,21.0,23804.8,17.0,15280.0,99.66,89.0,99.6,0.37087296745452003,2.9696,big_data
5.01,0.0,1.23,49.06,0.16,0.1,0.0,0.0,0.0,19.56,1482.44,1.68,370.13,1.01,1.08,87.71,255.67,9.69,11.31,99.96,16.74,3.08,11.03,27.8,36.0,0.0,0.0,0.0,29.78843885699745,14819.22,5.0582937600000015,1.124,38.19,2.87,0.19,0.56,0.22,0.25,26.52,1.25,77,19968,155267376,19224,220614400,1800,379886,45221,30903,0,6,10,36.6,30594.0,18.0,14751.0,99.45,89.13,99.58,0.3708001663747344,2.9696,big_data
25.52,0.0,3.22,31.51,0.28,0.16,0.0,0.0,34.28660000000001,19.2,1538.2,1.23,383.95,0.0,5.53,65.46,255.6,5.4,10.84,99.84,16.59,4.67,20.43,35.6,46.0,0.0,0.0,0.0,26.63747501266119,46081.36,15.729104213333333,1.3119999999999998,31.74,1.82,0.2,0.7,0.2,0.26,25.35,1.4,55,19968,200441440,19736,214531872,1962,393296,121798,251112,0,30,113,765.8,245237.4,45.0,13658.0,98.93,89.19,99.55,0.3333561443383328,2.944,big_data
45.49,0.0,4.8,18.41,0.37,0.24,0.0,0.0,50.89656249999998,3.6,1536.8,0.01,383.73,0.0,2.54,4.0,255.68,3.61,10.69,99.36,16.2,1.39,5.27,9.6,9.6,0.0,0.0,0.0,21.39592830487114,76674.16,26.17144661333333,1.551,36.04,1.26,0.06,0.22,0.23,0.35,27.92,3.68,61,19968,172320400,19896,207364480,14,393414,93970,253550,0,50,106,360.4,257327.6,53.0,14933.0,99.18,89.41,99.56,0.33731166967335124,2.8160000000000003,big_data
26.57,0.0,2.69,27.74,0.28,0.19,0.0,0.0,33.745932203389835,3.19,1548.8,0.01,385.56,0.0,1.84,4.0,254.92,2.56,10.72,99.52,16.47,1.7,6.78,12.2,13.2,0.0,0.0,0.0,28.170299947391488,42652.94,14.558870186666667,1.351,30.96,1.63,0.14,0.47,0.24,0.32,28.68,3.12,63,19968,161841840,20120,203386176,13,396129,80751,130154,0,29,15,264.0,131682.8,30.0,15666.0,98.28,89.38,99.5,0.3659224940290981,2.8672,big_data
14.49,0.0,1.59,35.07,0.25,0.15,0.0,0.0,35.165000000000006,3.19,1535.33,0.01,379.74,0.0,2.4,4.0,253.27,5.06,10.27,100.6,15.72,1.37,5.68,9.4,9.2,0.0,0.0,0.0,30.690032121257453,27759.52,9.475249493333333,1.119,28.97,1.79,0.19,0.67,0.26,0.29,27.06,2.27,71,19968,155309312,20272,202206304,13,388817,83910,116897,0,16,10,300.6,116920.2,8.0,16810.0,96.9,89.24,99.4,0.38749588067223545,2.9184,big_data
8.52,0.0,1.48,39.16,0.21,0.12,0.0,0.0,0.0,3.23,1366.33,0.01,337.47,0.0,0.0,4.0,252.92,6.75,11.78,100.97,16.07,1.21,5.69,9.8,10.0,0.0,0.0,0.0,32.269530290536466,20879.5,7.126869333333333,1.2429999999999999,33.71,1.61,0.1,0.28,0.24,0.3,25.93,2.53,62,19968,154402832,20372,200054400,30,344064,52568,46325,0,11,93,62.4,46677.0,89.0,16701.0,95.31,89.04,99.28,0.4067638997888283,2.9952,big_data
10.11,0.0,1.48,38.99,0.22,0.14,0.0,0.0,0.0,3.0,1347.2,0.01,332.65,0.0,2.67,4.0,252.85,6.73,12.39,101.28,16.74,1.33,6.72,11.2,11.8,0.0,0.0,0.0,32.9687121308822,19046.64,6.50125312,1.234,31.05,1.6,0.11,0.44,0.24,0.29,24.93,2.38,63,19968,153759888,20468,198630400,11,342443,49626,39072,0,11,13,18.6,39308.8,6.0,16447.0,94.88,89.06,99.23,0.4051380090069496,2.9952,big_data
16.46,0.0,1.95,34.56,0.23,0.12,0.0,0.0,32.40000000000001,7.0,1481.4,0.03,365.79,0.0,1.76,4.0,252.85,2.69,10.78,101.36,15.92,1.17,5.59,9.6,9.6,0.0,0.0,0.0,33.085585149272354,24911.86,8.503248213333334,1.445,36.06,1.25,0.06,0.2,0.22,0.32,25.12,2.61,59,19968,148534688,20648,196734976,29,376171,50667,37577,0,18,14,25.8,37538.0,12.0,16320.0,92.97,88.76,99.08,0.3991197864113387,3.0208,big_data
13.19,0.0,2.16,35.76,0.23,0.15,0.0,0.0,0.0,3.8,1555.0,0.01,383.54,0.0,1.71,4.0,252.57,6.11,10.49,100.96,16.25,1.48,7.47,12.6,13.6,0.0,0.0,0.0,34.42483713329425,26831.140000000007,9.158362453333334,1.124,34.99,2.11,0.1,0.35,0.29,0.33,29.72,2.94,60,19968,146538560,20792,194476944,17,392478,51602,53916,0,16,6,30.2,54118.6,6.0,15939.0,91.13,88.45,98.92,0.3958922718741764,3.0208,big_data
17.05,0.0,3.34,30.3,0.25,0.14,0.0,0.0,32.7575,3.6,1540.2,0.01,381.14,0.0,1.6,4.0,253.4,5.22,9.89,100.88,15.17,2.59,12.27,23.8,29.6,0.0,0.0,0.0,35.23886377586597,39159.72,13.36651776,1.253,38.86,1.79,0.07,0.23,0.32,0.4,33.77,4.28,85,19968,154230880,20960,187099392,15,394460,54830,71292,0,22,30,47.4,69137.2,107.0,14795.0,88.8,88.01,98.72,0.3867921369009745,2.9952,big_data
18.07,0.0,5.98,28.16,0.29,0.21,0.0,0.0,43.57142857142858,5.6,1555.6,0.02,383.82,0.0,4.7,4.0,252.65,7.25,10.83,101.12,16.82,6.98,24.34,66.2,91.2,0.0,0.0,0.0,34.900193378090314,41597.42,14.198586026666666,0.9990000000000001,32.8,2.06,0.09,0.52,0.3,0.3,28.3,2.52,46,19968,243876768,21108,160254128,22,393883,60326,77863,0,24,32,237.2,79348.2,36.0,9209.0,95.94,89.5,99.15,0.3560215471782544,2.944,big_data
18.38,0.0,3.59,29.1,0.22,0.12,0.0,0.0,33.354166666666664,3.0,1469.0,0.01,362.7,0.0,0.0,4.0,252.83,4.73,11.55,100.88,16.87,1.27,2.91,8.4,7.8,0.0,0.0,0.0,23.478120798204284,27635.2,9.432814933333333,1.047,32.33,1.41,0.03,0.28,0.27,0.28,24.45,2.32,39,19968,234159776,21208,162274560,12,369887,49843,37874,0,22,30,21.0,38558.0,2.0,9208.0,100.19,90.49,99.42,0.223475047915244,2.3040000000000003,big_data
10.39,0.0,2.22,36.97,0.2,0.14,0.0,0.0,33.57,2.8,1300.8,0.01,321.03,0.0,6.4,4.0,252.72,5.79,13.11,100.32,17.08,1.04,2.99,8.4,7.8,0.0,0.0,0.0,24.731967821952487,17087.8,5.8326357333333325,1.045,32.14,1.36,0.03,0.28,0.23,0.24,19.79,1.84,65,19968,230846896,21284,163241088,11,328697,43041,41366,0,13,3,9.0,41353.6,21.0,9202.0,97.53,90.1,99.24,0.2234507808886488,2.3040000000000003,big_data
11.5,0.0,2.05,35.92,0.17,0.09,0.0,0.0,0.0,2.6,1082.6,0.01,267.15,0.0,0.0,4.0,252.69,9.54,15.81,100.08,17.07,1.04,2.99,8.4,7.8,0.0,0.0,0.0,25.177596862580852,15610.16,5.328267946666666,1.368,33.32,0.95,0.02,0.18,0.19,0.26,19.26,1.87,58,19968,227340560,21348,163871424,10,272827,42453,42990,0,13,7,22.6,43103.6,9.0,9192.0,95.25,89.75,99.08,0.2233051787290776,2.2784,big_data
4.41,0.0,1.13,40.19,0.16,0.11,0.0,0.0,0.0,2.0,1021.2,0.01,252.18,0.0,0.0,4.0,252.87,4.4,16.85,100.32,17.16,1.02,2.89,8.2,7.4,0.0,0.0,0.0,25.72019359114779,11773.7,4.018756266666667,0.8270000000000001,31.46,2.06,0.05,0.44,0.28,0.23,21.82,1.93,59,19968,225187584,21408,164048432,8,257923,41421,21888,0,5,8,15.8,21798.4,7.0,9182.0,93.14,89.4,98.92,0.22298970738333992,2.2784,big_data
8.06,0.0,1.62,36.52,0.17,0.1,0.0,0.0,0.0,2.4,1077.2,0.01,265.65,0.0,2.13,4.0,252.53,8.0,15.91,100.4,17.04,1.15,3.18,9.4,9.2,0.0,0.0,0.0,26.095239192839717,14761.28,5.038516906666667,1.207,36.22,1.37,0.04,0.21,0.25,0.3,24.65,2.52,64,19968,221906672,21484,163900640,10,270758,42301,22124,0,10,5,14.4,22196.6,6.0,9178.0,91.21,89.06,98.76,0.2228198381971735,2.2784,big_data
11.61,0.0,2.15,32.21,0.21,0.12,0.0,0.0,0.0,2.2,1069.8,0.01,263.94,0.0,0.0,4.0,252.64,11.0,16.04,100.48,17.17,1.04,2.99,8.4,7.8,0.0,0.0,0.0,26.754477685243522,20567.58,7.020400639999999,1.237,34.57,1.33,0.06,0.26,0.27,0.33,27.04,2.93,56,19968,217186816,21552,163566752,10,270882,51658,52637,0,14,3,15.8,52410.8,13.0,9172.0,89.43,88.73,98.6,0.22269850306419745,2.2784,big_data
11.38,0.0,2.08,30.88,0.21,0.13,0.0,0.0,0.0,3.4,1496.0,0.01,369.17,0.0,0.0,4.0,252.69,5.24,11.36,100.24,16.69,1.03,2.91,8.4,7.8,0.0,0.0,0.0,27.70453280533496,21816.52,7.446705493333333,1.112,34.95,1.45,0.03,0.21,0.31,0.35,29.7,3.19,51,19968,211866896,21624,162954944,13,377968,47365,36928,0,13,6,21.0,37123.6,9.0,9165.0,86.83,88.2,98.37,0.222528633878031,2.2784,big_data
3.38,0.0,1.14,33.8,0.16,0.1,0.0,0.0,0.0,2.6,1271.6,0.01,313.77,0.0,0.0,4.0,252.68,7.77,13.47,100.24,16.95,1.04,2.99,8.4,7.8,0.0,0.0,0.0,28.82869227559371,12266.9,4.187101866666667,0.7090000000000001,29.96,2.59,0.13,0.7,0.3,0.21,21.42,1.7,41,19968,211421200,21684,162507536,10,323645,44939,25261,0,4,15,9.0,24081.2,12.0,9161.0,84.45,87.69,98.15,0.22240729874505497,2.2272,big_data
3.88,0.0,1.1,23.24,0.17,0.13,0.0,0.0,0.0,2.8,1358.4,0.01,337.49,0.0,1.81,4.0,254.41,5.29,12.39,100.08,16.77,1.04,2.99,8.4,7.8,0.0,0.0,0.0,28.995994709047466,10041.88,3.427628373333333,0.684,26.82,2.42,0.19,1.0,0.25,0.17,18.1,0.81,30,19968,210865312,21764,163080992,11,343617,56478,48143,0,5,4,21.0,49334.6,6.0,9159.0,81.85,87.09,97.9,0.22231023063867414,2.2528,big_data
5.27,0.0,0.61,21.68,0.13,0.08,0.0,0.0,0.0,2.6,1316.4,0.01,329.04,0.0,0.72,4.0,255.95,1.15,12.8,99.92,16.68,1.02,2.89,8.2,7.4,0.0,0.0,0.0,28.99234771101021,6877.06,2.3473698133333336,1.193,32.39,0.91,0.03,0.26,0.15,0.18,13.61,0.73,30,19968,209025728,21836,164629872,11,335180,37858,23178,0,6,3,15.8,23209.8,10.0,9153.0,78.02,86.21,97.56,0.22226169658548375,2.2528,big_data
2.16,0.0,0.49,20.95,0.17,0.07,0.0,0.0,0.0,3.4,1596.8,0.01,388.65,0.0,12.26,4.0,249.24,3.71,10.52,100.0,16.67,1.13,3.18,9.2,9.2,0.0,0.0,0.0,29.048897410513874,6310.9,2.1541205333333333,0.6559999999999999,32.19,2.32,0.08,0.78,0.23,0.15,16.31,0.63,29,19968,207400192,21916,166313248,13,398876,38246,11012,0,3,5,14.4,10992.2,8.0,9138.0,74.49,85.34,97.22,0.2221160944259125,2.2528,big_data
8.94,0.0,0.71,17.59,0.11,0.08,0.0,0.0,0.0,3.2,1575.2,0.01,393.74,0.0,0.58,4.0,255.96,2.38,10.62,99.92,16.56,1.04,2.99,8.4,7.8,0.0,0.0,0.0,29.03811867369524,8961.32,3.0587972266666665,1.571,35.0,0.67,0.02,0.16,0.13,0.21,13.36,0.8,33,19968,204967536,22008,168191392,14,405194,39469,23315,0,10,1,15.8,23234.2,14.0,9048.0,71.25,84.49,96.88,0.2216792879471988,2.2528,big_data
9.48,0.0,1.01,18.67,0.18,0.1,0.0,0.0,0.0,3.2,1549.4,0.01,387.27,0.0,0.51,4.0,255.95,2.75,10.79,99.68,16.58,1.03,2.91,8.4,7.8,0.0,0.0,0.0,29.142726860432447,11245.54,3.838477653333333,1.275,33.45,0.96,0.03,0.2,0.26,0.33,27.41,1.86,25,19968,202794352,22104,170019824,13,397112,41093,23466,0,10,11,21.0,23473.8,6.0,9047.0,68.18,83.64,96.53,0.219568056633416,2.2528,big_data
26.68,0.0,4.83,13.76,0.3,0.18,0.0,0.0,35.5195,3.6,1597.8,0.01,389.24,0.0,6.38,4.0,249.45,4.5,10.2,100.32,16.22,1.04,2.99,8.4,7.8,0.0,0.0,0.0,29.21066793176808,44101.04,15.053154986666668,1.261,34.92,1.35,0.02,0.15,0.34,0.43,37.36,4.74,28,19968,206911504,22280,165504992,14,399194,49943,56035,0,32,10,9.0,54308.4,97.0,8123.0,65.37,82.8,96.19,0.2195437896068208,2.2528,big_data
13.44,0.0,1.89,18.29,0.21,0.12,0.0,0.0,40.16,3.4,1587.2,0.01,392.59,0.0,1.24,4.0,253.28,6.71,9.69,100.24,15.21,0.91,2.84,7.6,7.2,0.0,0.0,0.0,29.283244709132763,19611.26,6.693976746666667,1.1840000000000002,32.62,1.28,0.02,0.2,0.3,0.35,30.21,3.71,23,19968,207343872,22368,165077408,13,401973,44237,37790,0,16,13,22.6,38938.8,93.0,7925.0,63.25,82.07,95.88,0.19712105703285124,2.2528,big_data
15.63,0.0,2.12,17.33,0.18,0.13,0.0,0.0,36.056666666666665,3.2,1562.2,0.01,387.96,0.0,1.48,4.0,254.3,3.12,10.64,100.32,16.36,1.02,2.89,8.2,7.4,0.0,0.0,0.0,29.2896879917358,24847.94,8.481430186666666,0.966,33.79,1.63,0.03,0.31,0.33,0.31,28.5,3.36,26,19968,207186720,22456,165232272,13,395456,44168,40000,0,17,8,15.8,38242.4,133.0,7266.0,61.39,81.37,95.58,0.18911293825643355,2.2528,big_data
6.26,0.0,1.44,18.5,0.16,0.08,0.0,0.0,0.0,3.4,1557.4,0.01,387.32,0.0,1.37,4.0,254.67,5.47,10.77,99.76,16.59,1.15,3.18,9.4,9.2,0.0,0.0,0.0,29.28175558145185,10589.4,3.6145152,0.754,33.18,2.02,0.05,0.48,0.38,0.29,28.53,2.38,28,19968,205409760,22540,167049056,14,397647,38901,12361,0,8,5,14.4,14747.4,15.0,7266.0,59.12,80.57,95.25,0.17629994821416525,2.2528,big_data
8.35,0.0,1.01,17.29,0.18,0.08,0.0,0.0,0.0,3.2,1536.2,0.01,383.05,0.0,1.4,4.0,255.33,2.88,10.93,100.08,16.6,1.04,2.99,8.4,7.8,0.0,0.0,0.0,29.278156350748556,13090.74,4.46830592,0.8909999999999999,32.6,1.43,0.04,0.37,0.29,0.26,23.72,2.17,28,19968,203650752,22620,168870352,13,390278,39498,18385,0,9,5,15.8,18416.6,9.0,7134.0,63.75,81.17,95.37,0.1764455503737365,2.2528,big_data
4.25,0.0,0.51,18.77,0.13,0.07,0.0,0.0,0.0,2.4,1139.4,0.01,284.24,0.0,1.01,4.0,255.45,4.25,14.81,100.08,16.74,1.03,2.91,8.4,7.8,0.0,0.0,0.0,29.265008202523184,6490.32,2.2153625599999995,0.7070000000000001,29.03,1.97,0.07,0.74,0.21,0.15,15.94,0.7,26,19968,201914880,22684,170654112,10,289734,37386,9851,0,5,8,21.0,9836.8,11.0,7134.0,61.29,80.37,95.03,0.17312096773019334,2.2528,big_data
5.45,0.0,1.58,17.49,0.15,0.1,0.0,0.0,32.1,2.0,1088.6,0.01,270.3,0.0,1.22,4.0,254.26,3.3,15.59,100.0,16.81,1.04,2.99,8.4,7.8,0.0,0.0,0.0,29.25571025305731,11653.28,3.977652906666667,0.6709999999999999,32.65,2.42,0.06,0.53,0.53,0.36,35.65,3.51,30,19968,201360448,22744,171201328,9,277673,39387,14208,0,7,5,9.0,14180.6,9.0,7001.0,59.19,79.62,94.71,0.17309670070359814,2.2528,big_data
1.84,0.0,0.41,19.98,0.12,0.07,0.0,0.0,0.0,2.6,1197.6,0.01,299.31,0.0,1.17,4.0,255.92,5.62,14.16,99.92,16.78,1.04,2.99,8.4,7.8,0.0,0.0,0.0,29.25768008692441,4595.88,1.5687270400000002,0.6729999999999999,30.25,1.98,0.07,0.76,0.21,0.14,15.39,0.47,27,19968,200019328,22808,172566592,10,307092,37111,9115,0,3,6,21.0,9182.4,2.0,6935.0,57.09,78.84,94.38,0.16841316457072358,2.2528,big_data
2.7,0.0,0.43,20.0,0.13,0.07,0.0,0.0,0.0,2.8,1318.4,0.01,329.54,0.0,0.77,4.0,255.95,2.86,12.77,99.76,16.78,1.02,2.89,8.2,7.4,0.0,0.0,0.0,29.2525462358412,6174.54,2.10757632,0.794,32.73,1.93,0.07,0.61,0.26,0.2,20.74,1.31,30,19968,198552976,22884,174034320,11,339275,37709,11496,0,4,3,15.8,11489.2,7.0,6936.0,55.16,78.08,94.05,0.16829182943774754,2.2528,big_data
2.05,0.0,0.35,21.25,0.13,0.07,0.0,0.0,0.0,3.0,1456.8,0.01,360.48,0.0,4.41,4.0,253.38,3.47,11.54,100.0,16.55,1.15,3.18,9.4,9.2,0.0,0.0,0.0,29.252172437497677,5425.32,1.85184256,0.747,31.53,2.09,0.08,0.78,0.2,0.15,16.97,0.52,25,19968,196877184,22960,175726144,12,369851,37285,9169,0,3,9,14.37,9147.11,8.0,6936.0,53.54,77.37,93.73,0.16829182943774754,2.2528,big_data
3.76,0.0,0.54,20.0,0.14,0.07,0.0,0.0,0.0,3.0,1458.0,0.01,364.43,0.0,0.5,4.0,255.95,3.4,11.47,99.52,16.53,1.04,2.99,8.4,7.8,0.0,0.0,0.0,29.249582386500734,8224.74,2.80737792,0.828,34.88,2.04,0.05,0.52,0.35,0.29,28.33,2.72,30,19968,195114496,23040,177482976,13,372811,38271,13010,0,5,3,15.8,13002.6,5.0,6936.0,51.9,76.63,93.4,0.1684374315973188,2.2528,big_data
2.86,0.0,0.43,21.29,0.13,0.08,0.0,0.0,0.0,3.2,1479.0,0.01,369.67,0.0,0.39,4.0,255.95,3.25,11.35,100.0,16.62,1.03,2.91,8.4,7.8,0.0,0.0,0.0,29.252273279647145,7049.480000000001,2.406222506666667,0.77,31.14,2.03,0.07,0.77,0.2,0.15,17.17,0.52,24,19968,193225136,23116,179375296,12,379369,37655,10630,0,4,12,21.0,10621.4,9.0,6936.0,50.63,75.95,93.09,0.16831609646434276,2.2528,big_data
2.98,0.0,0.37,21.93,0.13,0.07,0.0,0.0,0.0,3.2,1536.0,0.01,383.92,0.0,0.39,4.0,255.95,3.31,10.94,99.92,16.59,1.04,2.99,8.4,7.8,0.0,0.0,0.0,29.251348261433957,6364.76,2.1725047466666667,0.8740000000000001,31.28,1.77,0.05,0.62,0.22,0.19,19.92,1.03,25,19968,191312336,23196,181279840,13,392886,37553,12348,0,4,10,9.0,12330.4,8.0,6935.0,49.29,75.26,92.77,0.16829182943774754,2.2528,big_data
2.35,0.0,0.4,22.91,0.13,0.08,0.0,0.0,0.0,3.4,1670.2,0.01,417.49,0.0,0.58,4.0,255.96,2.76,10.03,100.0,16.56,1.04,2.99,8.4,7.8,0.0,0.0,0.0,29.25174556433864,6164.24,2.1040605866666664,0.8909999999999999,30.7,1.86,0.05,0.72,0.19,0.17,18.42,0.62,27,19968,189296960,23284,183301760,14,428330,37536,9441,0,3,6,22.6,9441.8,4.0,6935.0,47.99,74.56,92.45,0.16841316457072358,2.2528,big_data
3.39,0.0,0.48,20.92,0.14,0.06,0.0,0.0,0.0,3.4,1633.2,0.01,408.25,0.0,0.75,4.0,255.97,2.18,10.26,100.0,16.64,1.02,2.89,8.2,7.4,0.0,0.0,0.0,29.251741015068735,7408.18,2.528658773333333,0.9109999999999999,31.92,1.81,0.06,0.64,0.22,0.2,20.63,0.82,26,19968,187132640,23388,185453472,14,418746,37800,12215,0,4,7,15.8,12233.4,6.0,6936.0,46.79,73.87,92.13,0.16829182943774754,2.2528,big_data
9.59,0.0,0.91,19.82,0.18,0.09,0.0,0.0,0.0,3.2,1580.6,0.01,395.1,0.0,0.75,4.0,255.97,2.75,10.65,100.0,16.68,3.97,7.92,27.8,38.2,0.0,0.0,0.0,29.25240369205097,22016.98,7.5151291733333325,1.393,30.8,1.71,0.14,1.04,0.2,0.28,22.49,0.75,28,19968,183374320,23492,187523008,14,404200,56876,47824,0,11,5,40.4,47427.6,4.0,7040.0,45.68,73.19,91.82,0.16829182943774754,2.2784,big_data
8.25,0.0,0.68,18.44,0.17,0.1,0.0,0.0,0.0,3.2,1457.0,0.01,364.15,0.0,0.86,4.0,255.93,3.5,11.48,100.0,16.64,1.51,3.94,11.6,13.0,0.0,0.0,0.0,29.572561594176392,12894.64,4.4013704533333335,0.91,29.92,2.82,0.2,1.2,0.31,0.28,27.52,1.42,30,19968,181374080,23580,189637472,12,372067,48048,40706,0,9,3,19.8,40651.2,6.0,7054.0,44.75,72.54,91.51,0.17091266831002971,2.2784,big_data
6.82,0.0,0.57,19.71,0.17,0.12,0.0,0.0,0.0,2.8,1396.2,0.01,348.95,0.0,0.89,4.0,255.93,3.64,12.09,100.0,16.81,5.52,10.92,39.6,57.0,0.0,0.0,0.0,29.5759993257982,18482.48,6.3086865066666675,0.935,29.01,3.28,0.29,1.71,0.32,0.3,27.81,1.45,32,19968,178315120,23668,191577088,12,356327,56668,47846,0,8,2,50.6,47752.8,15.0,7137.0,43.97,71.91,91.2,0.1713737418153386,2.2784,big_data
2.2,0.0,0.33,20.68,0.16,0.12,0.0,0.0,0.0,2.8,1341.6,0.01,335.35,0.0,0.92,4.0,255.96,2.86,12.59,100.0,16.8,2.07,4.99,15.6,19.2,0.0,0.0,0.0,29.76058443560564,11203.22,3.8240324266666663,0.831,34.6,4.25,0.26,0.98,0.36,0.3,28.77,2.23,33,19968,176449744,23744,193427712,11,340678,48228,31409,0,3,1,15.4,31637.2,5.0,7151.0,43.17,71.28,90.89,0.1731452347567886,2.2784,big_data
2.6,0.0,0.45,21.45,0.16,0.11,0.0,0.0,0.0,3.2,1461.2,0.01,362.86,0.0,2.91,4.0,254.29,3.88,11.48,100.0,16.68,2.95,6.63,23.8,32.6,0.0,0.0,0.0,29.75882993384717,9750.02,3.328006826666667,0.8190000000000001,34.53,2.88,0.18,0.6,0.43,0.35,33.99,1.61,33,19968,174734704,23820,195260944,12,376700,45134,25652,0,4,4,28.2,25523.4,3.0,7140.0,42.59,70.7,90.6,0.1736305752886927,2.2784,big_data
4.71,0.0,0.47,20.72,0.16,0.13,0.0,0.0,0.0,3.2,1583.0,0.01,395.66,0.0,0.94,4.0,255.94,3.25,10.54,99.76,16.52,4.58,9.52,32.6,45.0,0.0,0.0,0.0,29.74778885579759,12945.16,4.418614613333333,0.988,32.53,2.42,0.17,0.75,0.38,0.38,34.98,1.67,32,19968,172495904,23904,197202640,14,404614,49732,38979,0,6,5,33.2,38587.4,13.0,7166.0,42.07,70.12,90.31,0.17336363799614546,2.2784,big_data
3.82,0.0,0.36,19.98,0.17,0.13,0.0,0.0,0.0,3.4,1581.6,0.01,395.31,0.0,0.86,4.0,255.94,4.29,10.55,99.84,16.54,2.41,6.06,19.6,26.6,0.0,0.0,0.0,29.793061673428458,10562.0,3.6051626666666663,0.83,34.05,3.15,0.21,0.59,0.47,0.39,37.92,2.0,32,19968,170613520,23984,199163600,13,405619,47239,32024,0,5,1,18.6,32547.6,10.0,7168.0,41.66,69.57,90.02,0.17389751258123995,2.2784,big_data
4.09,0.0,0.38,21.56,0.17,0.11,0.0,0.0,0.0,3.0,1598.4,0.01,399.5,0.0,0.78,4.0,255.94,2.13,10.47,100.0,16.62,4.73,10.56,31.4,45.8,0.0,0.0,0.0,29.78137990653449,15016.8,5.125734400000001,1.03,30.76,2.88,0.22,1.28,0.35,0.36,31.17,1.75,28,19968,168252240,24068,201231520,13,409328,49195,36613,0,5,19,36.0,36282.0,25.0,7181.0,41.13,69.0,89.72,0.17389751258123995,2.2784,big_data
2.22,0.0,0.28,21.62,0.15,0.14,0.0,0.0,0.0,3.4,1567.4,0.01,391.76,0.0,0.86,4.0,255.94,4.0,10.67,99.92,16.55,1.73,4.67,13.2,16.8,0.0,0.0,0.0,29.852046748752432,11505.54,3.9272243199999988,0.84,33.28,4.02,0.28,0.87,0.4,0.34,30.59,2.74,32,19968,166112864,24148,203271872,13,401514,47891,31203,0,3,4,24.8,31372.8,15.0,7193.0,41.92,68.7,89.52,0.17452845527271527,2.2784,big_data
2.81,0.0,0.27,21.57,0.16,0.12,0.0,0.0,0.0,3.2,1617.6,0.01,404.35,0.0,0.69,4.0,255.97,3.19,10.35,99.92,16.57,5.31,11.58,37.2,54.8,0.0,0.0,0.0,29.862982435382644,12179.46,4.1572556800000005,0.902,32.38,3.06,0.19,0.81,0.42,0.38,34.02,2.06,31,19968,163999472,24236,205380208,14,414021,47358,31833,0,4,8,28.8,31955.6,9.0,7190.0,48.01,69.52,89.67,0.17445565419292966,2.2784,big_data
2.57,0.0,0.29,22.34,0.17,0.13,0.0,0.0,0.0,3.4,1626.2,0.01,406.04,0.0,0.71,4.0,255.68,2.47,10.3,99.92,16.64,2.03,4.98,15.6,19.2,0.0,0.0,0.0,29.861673762074474,11205.14,3.824687786666667,0.815,34.99,3.71,0.24,0.51,0.5,0.41,38.88,2.48,33,19968,161894560,24324,207500720,14,416104,46616,31623,0,4,7,26.2,31592.0,13.0,7191.0,47.13,68.98,89.39,0.1746012563525009,2.2784,big_data
1.55,0.0,0.3,21.66,0.15,0.13,0.0,0.0,0.0,3.4,1622.4,0.01,404.71,0.0,0.55,4.0,255.44,2.65,10.36,99.92,16.62,6.06,12.51,44.6,64.8,0.0,0.0,0.0,29.85999280684608,11038.86,3.7679308800000006,0.79,34.15,4.38,0.31,0.92,0.39,0.31,28.2,2.65,33,19968,159743632,24412,209628832,14,412508,46766,28316,0,3,3,37.2,28309.8,15.0,7191.0,46.0,68.38,89.08,0.1745527222993105,2.2784,big_data
1.0,0.0,0.29,21.8,0.17,0.11,0.0,0.0,0.0,3.2,1553.8,0.01,387.65,0.0,0.6,4.0,255.47,3.06,10.82,100.0,16.68,2.4,6.04,19.4,26.2,0.0,0.0,0.0,29.862858846883675,10271.22,3.50590976,0.816,33.54,4.47,0.32,0.96,0.4,0.32,29.88,2.83,33,19968,157699712,24528,211680064,13,396643,45334,25435,0,2,2,18.2,25494.4,8.0,7192.0,45.04,67.81,88.79,0.17447992121952485,2.2784,big_data
1.1,0.0,0.24,21.96,0.13,0.13,0.0,0.0,0.0,3.2,1534.4,0.01,383.08,0.0,0.53,4.0,255.65,3.38,10.94,100.0,16.62,4.57,10.43,31.0,46.0,0.0,0.0,0.0,29.83646929039995,10453.56,3.5681484800000005,0.82,34.57,4.35,0.3,1.02,0.39,0.32,28.64,2.48,32,19968,156620096,24632,212843328,13,393614,45566,25968,2,2,3,33.4,25886.6,16.0,7191.0,44.31,67.28,88.5,0.17464979040569129,2.2784,big_data
1.33,0.0,0.25,21.97,0.16,0.11,0.0,0.0,0.0,3.2,1480.0,0.01,369.58,0.0,0.87,4.0,255.71,3.56,11.36,100.0,16.64,1.81,4.92,13.6,17.6,0.0,0.0,0.0,29.84910033827992,10358.18,3.535592106666667,0.904,33.79,3.85,0.26,1.01,0.37,0.33,28.8,2.65,31,19968,154986800,24724,214440656,18,378838,44923,24890,1,2,9,23.6,24555.2,13.0,7191.0,43.65,66.76,88.22,0.17452845527271527,2.2784,big_data
1.53,0.0,0.3,22.07,0.15,0.14,0.0,0.0,0.0,3.4,1577.6,0.01,394.0,0.0,0.79,4.0,255.74,2.71,10.65,100.0,16.62,4.92,10.89,34.4,50.8,0.0,0.0,0.0,29.85209906535629,10572.12,3.60861696,0.941,35.1,3.75,0.23,0.87,0.35,0.33,28.63,2.4,33,19968,153511696,24828,215903584,31,403780,46452,29739,2,2,3,27.6,30071.4,10.0,7190.0,42.79,66.2,87.92,0.1745527222993105,2.2784,big_data
1.82,0.0,0.28,20.42,0.16,0.12,0.0,0.0,0.0,3.4,1639.8,0.01,409.86,0.0,0.82,4.0,255.94,3.0,10.22,100.0,16.62,2.21,5.39,16.4,20.6,0.0,0.0,0.0,29.85132265662653,11391.3,3.8882304,0.917,32.8,3.56,0.26,1.14,0.36,0.33,28.1,2.58,33,19968,151568608,24916,217830624,14,420374,45552,26280,0,3,2,25.8,26107.8,10.0,7191.0,42.17,65.68,87.64,0.17445565419292966,2.2784,big_data
1.05,0.0,0.34,21.93,0.15,0.13,0.0,0.0,0.0,3.6,1648.8,0.01,412.15,0.0,0.72,4.0,255.97,2.89,10.19,100.0,16.7,5.33,11.04,40.0,57.2,0.0,0.0,0.0,29.85579762178576,10563.64,3.6057224533333336,0.8079999999999999,35.06,4.5,0.31,0.74,0.39,0.32,29.18,2.68,32,19968,150135264,25000,219320736,26,422015,46437,28223,2,2,4,33.6,28323.4,15.0,7190.0,41.51,65.16,87.35,0.17445565419292966,2.2784,big_data
1.04,0.0,0.27,20.18,0.15,0.11,0.0,0.0,0.0,3.4,1634.4,0.01,408.5,0.0,0.78,4.0,255.94,2.06,10.29,100.0,16.73,3.13,7.5,24.0,33.8,0.0,0.0,0.0,29.847455777210733,10640.0,3.6317866666666654,0.889,34.58,4.28,0.29,0.76,0.38,0.33,30.72,2.83,33,19968,148449216,25096,220969264,14,418016,46229,27890,1,2,1,21.8,27663.4,8.0,7192.0,40.83,64.62,87.06,0.17447992121952485,2.2784,big_data
1.07,0.0,0.25,21.59,0.15,0.13,0.0,0.0,0.0,3.0,1547.4,0.01,382.27,0.0,4.65,4.0,252.97,3.33,10.83,100.0,16.55,3.99,9.27,27.2,39.8,0.0,0.0,0.0,29.85177379255837,10295.68,3.5142587733333333,0.894,32.91,3.69,0.27,1.2,0.37,0.33,28.46,2.54,31,19968,146447232,25176,223012032,13,390684,46325,28216,0,2,9,30.6,28226.2,11.0,7191.0,40.45,64.15,86.78,0.17450418824612007,2.2784,big_data
1.94,0.0,0.28,21.7,0.15,0.13,0.0,0.0,0.0,3.2,1495.4,0.01,373.09,0.0,0.53,4.0,255.48,3.56,11.19,99.92,16.62,2.69,6.78,19.8,27.8,0.0,0.0,0.0,29.85154253800508,10681.12,3.645822293333333,0.9359999999999999,34.78,4.09,0.26,0.87,0.37,0.35,30.81,2.94,32,19968,144583296,25256,224778176,13,382881,46305,29172,0,3,3,27.4,29529.6,9.0,7189.0,40.33,63.73,86.53,0.17452845527271527,2.2784,big_data
1.13,0.0,0.21,23.32,0.15,0.11,0.0,0.0,0.0,3.2,1518.4,0.01,378.79,0.0,0.5,4.0,255.46,3.0,11.04,99.84,16.58,2.98,6.94,21.6,30.0,0.0,0.0,0.0,29.861494065913387,10101.12,3.4478489599999995,0.887,34.49,4.25,0.29,1.01,0.39,0.34,30.66,2.79,30,19968,142644576,25332,226763936,12,388608,45647,26474,0,1,1,18.6,26239.0,7.0,7185.0,39.9,63.25,86.25,0.17450418824612007,2.2784,big_data
0.89,0.0,0.27,22.1,0.15,0.13,0.0,0.0,0.0,3.4,1556.8,0.01,388.38,0.0,0.5,4.0,255.46,3.35,10.77,100.0,16.7,4.06,8.95,28.4,38.8,0.0,0.0,0.0,29.85909432604064,10141.16,3.4615159466666663,0.856,34.89,4.41,0.34,0.93,0.38,0.32,29.85,2.8,33,19968,140596160,25420,228766816,14,396644,45760,26440,0,2,6,36.2,26316.2,9.0,7190.0,39.35,62.75,85.96,0.17443138716633444,2.2784,big_data
1.25,0.0,0.26,22.39,0.16,0.12,0.0,0.0,0.0,3.2,1535.8,0.01,383.14,0.0,0.49,4.0,255.46,2.94,10.92,100.0,16.69,2.31,5.43,18.4,24.2,0.0,0.0,0.0,29.86239557956542,10244.1,3.496652800000001,0.866,33.84,4.15,0.3,0.95,0.39,0.34,30.1,2.73,33,19968,138599696,25496,230784928,12,392298,45701,26690,0,2,1,20.8,26747.6,3.0,7185.0,39.0,62.29,85.69,0.17447992121952485,2.2784,big_data
1.1,0.0,0.29,20.71,0.16,0.13,0.0,0.0,0.0,3.4,1546.8,0.01,385.89,0.0,0.51,4.0,255.47,3.53,10.84,100.0,16.57,5.96,12.74,44.2,64.4,0.0,0.0,0.0,29.860330211030394,10248.76,3.4982434133333338,0.9590000000000001,35.26,3.88,0.28,0.71,0.36,0.34,30.78,2.87,32,19968,136541248,25584,232803792,14,396250,46977,30721,0,2,2,34.4,30054.0,11.0,7192.0,38.68,61.83,85.42,0.17435858608654886,2.2784,big_data
0.81,0.0,0.2,21.13,0.15,0.13,0.0,0.0,0.0,3.2,1535.6,0.01,383.1,0.0,0.53,4.0,255.46,3.44,10.95,100.0,16.65,2.31,5.62,18.0,23.4,0.0,0.0,0.0,29.868321761823047,9200.24,3.1403485866666663,0.905,35.71,4.41,0.31,0.67,0.38,0.35,32.09,2.97,33,20224,134705616,25672,234634480,13,392085,45623,27458,1,1,0,21.0,28412.8,12.0,7192.0,38.31,61.37,85.14,0.1745527222993105,2.2784,big_data
0.75,0.0,0.26,23.44,0.17,0.11,0.0,0.0,0.0,3.2,1520.2,0.01,379.29,0.0,0.48,4.0,255.49,3.0,11.05,100.0,16.64,4.55,10.47,30.8,45.6,0.0,0.0,0.0,29.86241377664502,9539.62,3.2561902933333333,0.848,35.67,4.32,0.26,0.61,0.39,0.33,29.96,2.89,30,20224,132694272,25752,236651792,13,388858,45528,26134,0,2,7,37.8,26110.6,7.0,7194.0,37.88,60.9,84.86,0.17452845527271527,2.2784,big_data
0.62,0.0,0.23,22.63,0.14,0.13,0.0,0.0,0.0,3.0,1539.2,0.01,384.07,0.0,0.53,4.0,255.52,3.13,10.91,100.0,16.65,1.59,4.39,11.4,13.2,0.0,0.0,0.0,29.86864248535107,9316.14,3.17990912,0.879,36.59,4.76,0.32,0.68,0.39,0.35,32.09,2.89,33,20224,131147152,25808,238212192,23,392499,44809,24951,1,1,3,12.6,24975.8,5.0,7193.0,37.57,60.45,84.59,0.1745527222993105,2.2784,big_data
0.79,0.0,0.27,22.71,0.16,0.12,0.0,0.0,0.0,3.4,1546.2,0.01,386.01,0.0,0.72,4.0,255.64,2.71,10.88,100.0,16.71,5.08,11.1,35.4,52.0,0.0,0.0,0.0,29.8634911953999,9818.02,3.3512174933333334,0.9279999999999999,36.27,4.4,0.29,0.64,0.38,0.35,32.48,2.99,33,20224,129553400,25896,239793888,24,395765,45634,26455,1,2,6,39.6,26432.4,2.0,7193.0,37.28,60.02,84.32,0.1745527222993105,2.2784,big_data
0.75,0.0,0.26,21.9,0.15,0.12,0.0,0.0,0.0,3.2,1546.8,0.01,386.2,0.0,1.0,4.0,255.67,2.62,10.85,100.0,16.68,2.04,4.92,15.8,19.6,0.0,0.0,0.0,29.86624426190162,9707.76,3.31358208,0.985,36.78,4.38,0.29,0.6,0.38,0.38,34.35,3.18,33,20224,127900656,25980,241441984,18,395760,45972,28273,1,2,1,18.8,27852.0,7.0,7193.0,37.1,59.6,84.05,0.1745527222993105,2.2784,big_data
0.66,0.0,0.24,22.17,0.16,0.12,0.0,0.0,0.0,3.2,1523.8,0.01,380.15,0.0,0.61,4.0,255.46,4.19,11.01,100.0,16.67,5.96,12.63,45.2,65.2,0.0,0.0,0.0,29.86646641791512,9231.96,3.1511756800000006,0.899,36.71,4.58,0.31,0.66,0.37,0.34,30.8,2.8,32,20224,126554032,26060,242795072,23,389254,45479,26712,1,2,5,34.4,27123.6,5.0,7193.0,36.77,59.16,83.78,0.17452845527271527,2.2784,big_data
0.61,0.0,0.2,22.48,0.14,0.12,0.0,0.0,0.0,3.2,1517.0,0.01,378.44,0.0,0.52,4.0,255.46,2.44,11.07,100.0,16.66,2.39,5.81,18.2,23.8,0.0,0.0,0.0,29.863620091380426,8927.86,3.047376213333333,0.9259999999999999,37.03,4.58,0.29,0.6,0.38,0.36,32.54,3.02,33,20224,124991904,26140,244347088,13,387398,44731,24868,1,1,1,21.6,24535.6,5.0,7194.0,36.47,58.72,83.5,0.1746255233790961,2.2784,big_data
0.55,0.0,0.27,21.37,0.15,0.12,0.0,0.0,0.0,3.0,1489.2,0.01,371.54,0.0,0.48,4.0,255.48,4.0,11.28,99.92,16.71,5.41,11.45,41.4,60.6,0.0,0.0,0.0,29.866782592173227,9235.5,3.152384,0.929,37.31,4.87,0.29,0.62,0.39,0.36,33.61,3.16,33,20224,123380832,26220,245979936,33,380818,45077,24995,1,2,1,36.2,25337.0,7.0,7193.0,36.19,58.3,83.23,0.1746012563525009,2.2784,big_data
0.57,0.0,0.23,20.78,0.13,0.11,0.0,0.0,0.0,3.4,1522.6,0.01,379.85,0.0,0.56,4.0,255.46,3.06,11.04,100.0,16.67,2.62,6.29,19.0,25.0,0.0,0.0,0.0,29.868145098508567,9217.1,3.1461034666666663,0.9359999999999999,37.7,4.76,0.3,0.63,0.38,0.36,32.78,3.12,33,20224,121773480,26300,247567328,16,389226,44907,24927,1,1,3,18.0,24903.2,5.0,7193.0,36.1,57.91,82.97,0.17452845527271527,2.2784,big_data
0.96,0.0,0.28,21.6,0.17,0.13,0.0,0.0,0.0,3.0,1517.8,0.01,378.69,0.0,0.47,4.0,255.49,4.07,11.05,100.0,16.65,3.68,8.06,28.6,40.0,0.0,0.0,0.0,29.868681912356877,9790.46,3.3418103466666667,0.9690000000000001,36.69,3.97,0.3,0.67,0.35,0.33,30.17,2.82,33,20224,120299936,26380,249045536,20,387386,47188,30868,1,2,1,31.8,30543.4,3.0,7185.0,35.85,57.5,82.7,0.1746012563525009,2.2784,big_data
0.64,0.0,0.31,21.8,0.13,0.12,0.0,0.0,0.0,3.2,1529.2,0.01,381.5,0.0,0.53,4.0,255.46,2.94,11.01,100.0,16.69,4.61,9.71,33.6,46.6,0.0,0.0,0.0,29.871211306421795,9285.36,3.1694028800000003,0.927,37.3,4.85,0.33,0.66,0.4,0.37,34.04,3.3,33,20224,118580912,26460,250791616,13,391289,45342,26209,1,2,0,30.8,26189.8,8.0,7195.0,35.7,57.1,82.44,0.17445565419292966,2.2784,big_data
0.65,0.0,0.19,21.96,0.15,0.13,0.0,0.0,0.0,3.2,1535.4,0.01,380.66,0.0,4.78,4.0,253.87,3.25,10.98,100.0,16.72,2.6,6.42,21.0,28.8,0.0,0.0,0.0,29.860260455558578,9220.8,3.1473664,0.852,37.13,4.65,0.34,0.7,0.39,0.33,31.36,2.85,32,20224,116820032,26536,252561136,12,389762,45366,25825,0,1,2,20.2,25721.0,7.0,7193.0,35.56,56.72,82.18,0.17452845527271527,2.2784,big_data
0.66,0.0,0.23,21.63,0.16,0.11,0.0,0.0,0.0,3.2,1563.8,0.01,390.14,0.0,0.45,4.0,255.47,2.94,10.75,100.0,16.66,4.55,10.39,30.6,45.4,0.0,0.0,0.0,29.8622803313946,9298.24,3.1737992533333337,0.9,37.05,4.62,0.3,0.63,0.39,0.35,31.91,3.23,32,20224,114759296,26620,254579232,14,401102,45699,26459,0,2,4,33.4,26889.8,9.0,7193.0,35.52,56.36,81.93,0.1745527222993105,2.2784,big_data
0.82,0.0,0.26,22.88,0.17,0.13,0.0,0.0,0.0,3.4,1665.8,0.01,415.59,0.0,0.41,4.0,255.47,3.0,10.09,99.92,16.68,1.9,5.14,14.0,18.4,0.0,0.0,0.0,29.866383014633595,9916.42,3.3848046933333333,0.924,36.48,4.41,0.27,0.6,0.38,0.35,32.41,3.05,33,20224,112616576,26704,256737120,14,425894,45876,27323,0,2,7,22.4,27254.4,7.0,7198.0,35.32,55.97,81.66,0.17457698932590568,2.2784,big_data
0.85,0.0,0.25,21.6,0.15,0.12,0.0,0.0,0.0,3.4,1654.4,0.01,412.74,0.0,0.45,4.0,255.47,2.82,10.12,100.0,16.61,5.1,11.21,35.6,52.4,0.0,0.0,0.0,29.863268281174754,10081.5,3.4411519999999998,0.937,36.95,4.61,0.28,0.56,0.38,0.36,33.23,3.25,33,20224,110437984,26788,258893392,14,422250,47509,30478,0,2,4,30.2,30554.0,4.0,7193.0,35.37,55.64,81.42,0.17447992121952485,2.2784,big_data
0.55,0.0,0.25,22.22,0.15,0.12,0.0,0.0,0.0,3.4,1668.6,0.01,416.29,0.0,0.45,4.0,255.47,2.47,10.08,100.0,16.66,2.13,5.22,16.2,20.4,0.0,0.0,0.0,29.868901793735414,9743.6,3.325815466666667,0.9079999999999999,36.09,4.64,0.3,0.58,0.39,0.36,33.18,3.25,33,20224,108284208,26872,261048016,14,426696,46039,27309,0,2,1,25.2,27279.2,2.0,7193.0,35.26,55.28,81.16,0.17457698932590568,2.2784,big_data
0.64,0.0,0.25,21.91,0.17,0.14,0.0,0.0,0.0,3.6,1661.6,0.01,414.54,0.0,0.46,4.0,255.47,3.0,10.07,100.0,16.64,5.87,12.15,43.2,62.6,0.0,0.0,0.0,29.86587425461634,10017.06,3.4191564800000003,0.951,35.02,4.48,0.29,0.55,0.39,0.38,34.94,3.44,32,20632,107174280,26924,262120784,38,424506,46513,28204,10,2,1,34.6,28157.2,6.0,7198.0,35.08,54.91,80.91,0.17452845527271527,2.2784,big_data
0.43,0.0,0.21,21.93,0.15,0.11,0.0,0.0,0.0,3.6,1667.2,0.01,415.89,0.0,0.43,4.0,255.44,2.56,10.07,100.0,16.71,2.29,5.96,17.8,24.2,0.0,0.0,0.0,29.873618628411048,9390.18,3.2051814400000005,0.929,35.21,4.56,0.29,0.55,0.4,0.37,34.39,3.4,29,20888,105709360,27008,263605664,14,426499,45225,25394,5,0,10,20.2,25414.2,2.0,7194.0,34.91,54.55,80.65,0.1745527222993105,2.2784,big_data
0.61,0.0,0.28,21.89,0.15,0.13,0.0,0.0,0.0,3.4,1667.6,0.01,416.05,0.0,0.48,4.0,255.48,2.35,10.07,100.0,16.69,3.76,9.31,22.4,33.8,0.0,0.0,0.0,29.86778646439804,9792.94,3.3426568533333327,0.94,35.47,4.48,0.25,0.49,0.4,0.38,34.62,3.48,33,20888,104592960,27092,264701376,14,425503,46327,27929,8,2,0,32.2,27944.8,7.0,7194.0,35.0,54.24,80.41,0.1746012563525009,2.2784,big_data
0.65,0.0,0.25,21.92,0.15,0.13,0.0,0.0,0.0,3.2,1595.8,0.01,398.15,0.0,0.62,4.0,255.49,2.88,10.56,100.0,16.75,1.82,5.02,13.4,17.4,0.0,0.0,0.0,29.87588643945667,9914.7,3.3842176000000004,0.97,35.92,4.46,0.26,0.51,0.39,0.38,34.78,3.28,33,20888,103190176,27180,266094992,24,407318,46417,28647,5,2,3,22.2,28669.0,6.0,7198.0,34.92,53.9,80.16,0.17457698932590568,2.2784,big_data
0.53,0.0,0.25,22.58,0.15,0.11,0.0,0.0,0.0,3.2,1529.4,0.01,381.54,0.0,0.52,4.0,255.46,2.56,11.02,99.92,16.68,4.65,10.42,31.8,46.2,0.0,0.0,0.0,29.876032774305145,9203.22,3.14136576,0.945,35.32,4.48,0.29,0.53,0.39,0.37,34.19,3.33,33,20888,102197648,27264,267088832,11,390454,45190,25429,10,2,2,28.8,25400.4,4.0,7192.0,34.69,53.54,79.9,0.1745527222993105,2.2784,big_data
0.64,0.0,0.25,22.0,0.15,0.14,0.0,0.0,0.0,3.2,1541.6,0.01,384.64,0.0,0.5,4.0,255.5,3.0,10.92,100.0,16.76,2.05,5.03,16.0,20.0,0.0,0.0,0.0,29.87782367022282,9354.94,3.1931528533333333,0.961,35.73,4.46,0.29,0.52,0.39,0.38,34.99,3.33,33,20888,101210352,27352,268074832,23,393734,44968,25384,9,2,3,25.4,25418.2,7.0,7191.0,34.63,53.21,79.65,0.17457698932590568,2.3040000000000003,big_data
0.57,0.0,0.26,22.4,0.15,0.1,0.0,0.0,0.0,3.2,1566.6,0.01,390.79,0.0,0.48,4.0,255.44,4.06,10.72,99.92,16.66,6.03,12.46,44.2,64.0,0.0,0.0,0.0,29.878276322577964,9418.3,3.214779733333333,0.9329999999999999,35.06,4.48,0.29,0.53,0.39,0.37,34.29,3.25,32,20888,99951792,27448,269320128,14,401129,45785,26546,6,2,4,36.2,26529.0,12.0,7198.0,34.58,52.89,79.41,0.17443138716633444,2.3040000000000003,big_data
0.61,0.0,0.23,22.8,0.15,0.14,0.0,0.0,0.0,3.6,1662.6,0.01,414.8,0.0,0.48,4.0,255.47,2.61,10.09,100.0,16.66,2.4,6.04,19.4,26.2,0.0,0.0,0.0,29.878525015999212,9390.88,3.2054203733333333,0.9620000000000001,35.06,4.37,0.28,0.54,0.38,0.37,34.24,3.16,31,21144,98865856,27540,270402304,22,425070,45913,27104,10,2,5,20.0,27061.6,6.0,7194.0,34.45,52.56,79.16,0.17452845527271527,2.3040000000000003,big_data
0.79,0.0,0.28,22.67,0.15,0.12,0.0,0.0,0.0,3.6,1666.2,0.01,415.7,0.0,0.5,4.0,255.48,4.17,10.04,99.92,16.68,4.83,10.97,32.4,48.4,0.0,0.0,0.0,29.880231750423718,10057.52,3.432966826666667,0.982,34.68,4.07,0.23,0.45,0.37,0.37,33.25,3.23,31,21144,98055568,27648,271207616,15,426122,47015,29507,8,2,76,34.8,29478.8,11.0,7194.0,34.82,52.34,78.94,0.1746012563525009,2.3040000000000003,big_data
0.52,0.0,0.26,21.16,0.15,0.12,0.0,0.0,0.0,3.4,1662.6,0.01,414.79,0.0,0.47,4.0,255.47,3.65,10.11,99.92,16.68,1.72,4.8,12.8,16.6,0.0,0.0,0.0,29.875069845509447,9709.06,3.3140258133333336,0.929,34.86,4.61,0.29,0.55,0.4,0.37,34.79,3.38,33,21144,96584128,27736,272695136,14,423854,45504,26158,6,2,0,21.6,26179.6,18.0,7198.0,34.75,52.03,78.7,0.17457698932590568,2.3040000000000003,big_data
0.65,0.0,0.22,22.39,0.17,0.13,0.0,0.0,0.0,3.4,1655.6,0.01,413.05,0.0,0.48,4.0,255.47,3.12,10.12,100.0,16.65,4.18,9.92,26.0,38.6,0.0,0.0,0.0,29.880266628159625,9738.32,3.3240132266666667,0.961,34.66,4.38,0.28,0.51,0.4,0.38,35.17,3.46,33,21144,95408144,27832,273876608,14,424289,46138,27542,6,2,1,28.8,27569.0,7.0,7195.0,35.33,51.87,78.5,0.1745527222993105,2.3040000000000003,big_data
0.55,0.0,0.27,22.07,0.15,0.11,0.0,0.0,0.0,3.2,1514.2,0.01,376.04,0.0,4.68,4.0,254.3,3.0,11.09,100.0,16.67,1.77,4.52,13.8,16.4,0.0,0.0,0.0,29.876690902017483,9134.42,3.117882026666667,0.985,34.28,4.27,0.28,0.51,0.4,0.39,36.17,3.5,32,21144,93762776,27900,275526816,12,384021,44874,25121,2,2,1,23.6,25163.8,8.0,7192.0,35.14,51.55,78.26,0.17457698932590568,2.3040000000000003,big_data
0.56,0.0,0.22,22.3,0.14,0.13,0.0,0.0,0.0,3.2,1534.4,0.01,382.79,0.0,0.39,4.0,255.46,2.44,10.91,99.92,16.66,5.79,11.98,43.0,62.4,0.0,0.0,0.0,29.8743283145156,9152.04,3.12389632,0.929,33.56,4.31,0.29,0.54,0.4,0.37,34.74,3.63,31,21144,92429904,27992,276870976,13,392102,45896,26778,5,1,6,34.0,26734.4,11.0,7198.0,35.13,51.28,78.03,0.17450418824612007,2.3040000000000003,big_data
0.56,0.0,0.23,20.61,0.14,0.1,0.0,0.0,0.0,3.0,1524.0,0.01,380.19,0.0,0.44,4.0,255.46,2.73,11.03,100.0,16.7,2.48,6.21,19.6,26.4,0.0,0.0,0.0,29.878265707614855,9024.96,3.0805196800000005,0.977,34.34,4.15,0.26,0.53,0.39,0.38,34.57,3.45,32,21144,90747664,28076,278544992,13,388418,45712,26802,0,2,5,20.6,26791.6,11.0,7193.0,34.96,50.97,77.78,0.17452845527271527,2.3296,big_data
0.59,0.0,0.27,22.26,0.15,0.14,0.0,0.0,0.0,3.2,1522.4,0.01,379.79,0.0,0.43,4.0,255.45,3.5,11.02,100.0,16.59,4.55,10.38,30.6,45.2,0.0,0.0,0.0,29.8755619248704,9237.78,3.15316224,0.951,34.3,4.47,0.27,0.51,0.4,0.38,35.52,3.64,33,21144,89467648,28168,279835488,13,389861,45582,26547,2,2,3,33.4,26569.2,10.0,7195.0,35.05,50.73,77.56,0.17457698932590568,2.3296,big_data
0.56,0.0,0.25,21.39,0.15,0.12,0.0,0.0,0.0,3.2,1542.8,0.01,384.89,0.0,0.5,4.0,255.46,2.75,10.93,100.0,16.76,2.19,5.64,16.4,22.0,0.0,0.0,0.0,29.873498830970327,9348.72,3.19102976,0.981,34.46,4.28,0.28,0.55,0.4,0.39,35.89,3.57,33,21144,88170928,28248,281118816,12,393528,45265,25887,2,2,2,22.4,25872.4,8.0,7198.0,34.88,50.43,77.32,0.17452845527271527,2.3296,big_data
0.54,0.0,0.28,22.39,0.14,0.11,0.0,0.0,0.0,3.4,1552.2,0.01,387.24,0.0,0.42,4.0,255.47,2.88,10.82,100.0,16.68,4.31,9.65,30.6,44.2,0.0,0.0,0.0,29.8760304996702,9081.6,3.0998528000000003,0.8759999999999999,34.35,4.35,0.28,0.53,0.39,0.35,31.84,3.23,32,21144,87079608,28344,282255584,14,397430,45426,26162,2,2,3,27.4,26190.0,4.0,7192.0,34.73,50.14,77.08,0.1745527222993105,2.3296,big_data
0.53,0.0,0.26,22.61,0.15,0.12,0.0,0.0,0.0,3.2,1543.6,0.01,385.09,0.0,0.48,4.0,255.46,2.69,10.86,100.0,16.61,2.67,6.3,19.4,25.4,0.0,0.0,0.0,29.874908346427965,9369.9,3.1982592,0.9840000000000001,34.98,4.46,0.28,0.54,0.39,0.39,35.74,3.44,33,21144,85763440,28432,283537056,13,393720,45611,26280,5,2,0,28.8,25959.6,7.0,7192.0,34.99,49.94,76.87,0.17457698932590568,2.3296,big_data
0.57,0.0,0.22,22.31,0.15,0.13,0.0,0.0,0.0,3.4,1653.0,0.01,412.39,0.0,0.42,4.0,255.47,3.12,10.14,100.0,16.62,3.86,8.31,29.8,41.8,0.0,0.0,0.0,29.875442885641323,9036.72,3.08453376,0.996,34.25,4.13,0.27,0.54,0.38,0.38,34.95,3.37,31,21144,84855888,28524,284478272,14,424258,45750,26410,5,2,11,24.2,26193.0,5.0,7186.0,34.83,49.66,76.64,0.1745527222993105,2.3296,big_data
0.58,0.0,0.25,21.3,0.16,0.12,0.0,0.0,0.0,3.4,1674.6,0.01,417.8,0.0,0.5,4.0,255.48,2.53,10.04,100.0,16.7,4.59,10.17,34.0,48.2,0.0,0.0,0.0,29.872115852920434,9847.3,3.361211733333333,0.972,35.83,4.55,0.25,0.52,0.38,0.37,34.25,3.23,33,21144,83730208,28616,285570560,14,428563,46370,28040,5,2,2,32.0,28505.8,6.0,7194.0,34.77,49.4,76.41,0.17447992121952485,2.3552,big_data
0.53,0.0,0.26,20.52,0.15,0.12,0.0,0.0,0.0,3.4,1676.4,0.01,418.24,0.0,0.44,4.0,255.48,2.53,9.99,100.0,16.59,3.23,7.68,22.6,31.8,0.0,0.0,0.0,29.87675231716115,9935.78,3.3914129066666665,0.948,36.19,4.56,0.28,0.54,0.39,0.37,34.16,3.14,33,21144,82795792,28708,286587456,14,427941,46023,27253,4,2,6,26.2,26466.0,5.0,7194.0,34.62,49.13,76.17,0.1746012563525009,2.3552,big_data
0.64,0.0,0.29,22.18,0.16,0.14,0.0,0.0,0.0,3.6,1676.8,0.01,418.4,0.0,0.51,4.0,255.51,2.22,10.02,100.0,16.69,2.83,7.33,17.8,25.6,0.0,0.0,0.0,29.861503922664838,9978.04,3.405837653333333,0.9279999999999999,35.83,4.62,0.28,0.57,0.4,0.37,34.63,3.17,33,21144,81301552,28800,288034080,21,428748,45556,26340,4,2,0,27.4,27094.0,3.0,7193.0,34.49,48.86,75.94,0.1746255233790961,2.3552,big_data
0.52,0.0,0.26,21.63,0.16,0.11,0.0,0.0,0.0,3.4,1663.2,0.01,414.89,0.0,0.43,4.0,255.44,2.53,10.08,99.92,16.61,2.6,6.75,16.0,22.2,0.0,0.0,0.0,29.867634822068005,9677.38,3.3032123733333334,0.9490000000000001,35.4,4.51,0.28,0.54,0.4,0.38,35.66,3.26,33,21144,80258704,28892,289137824,14,425094,45664,26189,5,2,3,22.4,26153.8,3.0,7193.0,34.37,48.59,75.71,0.1745527222993105,2.3808,big_data
0.69,0.0,0.25,21.4,0.15,0.14,0.0,0.0,0.0,3.4,1668.6,0.01,416.3,0.0,0.48,4.0,255.48,2.59,10.06,100.0,16.65,2.64,6.76,16.2,22.6,0.0,0.0,0.0,29.85895481509701,10025.76,3.42212608,0.9520000000000001,35.67,4.22,0.24,0.48,0.4,0.38,34.81,2.77,30,21144,79405840,28984,289954208,14,425874,46122,27761,5,2,6,30.8,27357.2,5.0,7193.0,34.34,48.35,75.49,0.1746255233790961,2.3808,big_data
