56.77,0.0,27.37,0.06,0.79,1.96,0.0,0.0,86.90270833333334,0.0,1151.2,0.0,125.12,0.0,4.05,0.0,111.29,0.0,2.34,32.16,2.48,58534.47,91051.31,131844.4,95285.8,7.46,0.0,0.0,41.58772464203782,39920.52,13.626204160000002,0.423,14.88,1.91,0.61,0.81,1.29,0.55,53.15,0.93,1,0,40281692,210652,266800032,0,127861,405821,349488,0,87,199,2.4,349467.8,185.0,1366.0,177.48,147.86,128.73,0.03317241270369745,0.009848167623411844,big_database
47.43,0.0,36.97,0.26,0.73,1.85,0.0,0.0,86.9775,0.0,391.8,0.0,309.42,0.0,7.94,0.0,808.69,0.0,19.34,75.04,7.32,52404.1,81714.36,118232.8,85481.4,6.69,0.0,0.0,41.605081649461646,39215.24000000001,13.385468586666667,0.795,15.51,0.99,0.3,0.43,0.57,0.46,44.87,0.86,5,0,38875980,210828,267766912,0,319050,359021,301486,0,87,85,1.4,301384.4,114.0,1366.0,178.97,148.66,129.09,0.033196714837546305,0.011671902368488113,big_database
49.7,0.0,35.36,0.29,0.74,1.95,0.0,0.0,87.7490625,0.0,876.4,0.0,356.69,0.0,3.69,0.0,416.77,0.0,10.0,86.64,8.35,53783.94,83521.0,121145.6,87342.0,6.84,0.0,0.0,41.68868746657624,39946.96,13.635229013333333,0.6940000000000001,15.57,1.17,0.35,0.49,0.69,0.48,46.94,0.89,2,0,37620836,211024,268723424,0,363100,370927,317645,0,88,193,1.2,317613.4,194.0,1366.0,180.57,149.5,129.46,0.033196714837546305,0.011671902368488113,big_database
54.57,0.0,32.14,0.08,0.76,1.82,0.0,0.0,89.28489583333334,0.2,152.6,0.0,79.82,0.0,24.23,4.0,535.63,11.0,9.55,19.84,1.38,56125.39,87561.31,126553.4,91367.0,7.17,0.0,0.2,41.74485115563167,40388.96,13.786098346666668,0.514,15.1,1.56,0.48,0.66,1.03,0.53,51.26,0.93,2,0,36450420,211392,269733568,1,81747,387647,329257,0,89,141,1.2,329226.6,133.0,1366.0,177.96,149.47,129.56,0.033196714837546305,0.011671902368488113,big_database
54.87,0.0,23.87,0.3,0.74,1.89,0.0,0.0,81.36614583333333,0.0,480.0,0.0,293.82,0.0,5.47,0.0,626.82,0.0,14.87,71.84,6.84,54263.9,84573.37,122314.2,88002.8,6.93,0.0,0.0,41.77515587251746,37128.04,12.673037653333333,0.188,14.99,4.54,1.33,1.6,3.14,0.59,56.85,1.04,2,0,35560172,211560,270656416,0,300877,378442,342620,0,81,193,1.2,342553.8,195.0,1363.0,164.59,147.17,128.93,0.033196714837546305,0.011671902368488113,big_database
61.21,0.0,30.71,0.05,0.83,2.08,0.0,0.0,94.825625,0.0,913.4,0.0,145.76,0.0,3.81,0.0,163.41,0.0,3.5,36.08,3.0,65723.59,102449.59,148088.8,106374.4,8.39,0.0,0.0,41.76883995372173,42689.24000000001,14.571260586666668,0.213,15.2,4.13,1.24,1.5,2.73,0.58,56.99,1.06,2,0,34610356,211944,271619168,0,149264,424808,354657,0,95,193,1.2,354552.8,199.0,1363.0,166.95,147.95,129.28,0.03312380843599972,0.011671902368488113,big_database
46.33,0.0,20.93,0.03,0.63,1.44,0.0,0.0,69.31729166666666,0.0,48.0,0.0,27.87,0.0,38.3,0.0,594.57,0.0,4.38,7.12,0.19,45624.04,70963.42,102791.8,74019.4,5.81,0.0,0.0,41.766448894778755,31889.620000000006,10.884990293333335,0.245,15.66,3.65,1.04,1.33,2.43,0.59,57.64,1.0,2,0,33792256,212284,272426976,0,28566,314780,257647,0,69,120,1.2,257533.2,78.0,1363.0,167.59,148.4,129.52,0.03312380843599972,0.011671902368488113,big_database
55.34,0.0,25.54,0.03,0.76,2.06,0.0,0.0,83.69489583333333,0.0,1128.0,0.0,220.79,0.0,2.76,0.0,200.43,0.0,4.67,55.36,4.99,61696.22,96136.44,139058.0,100534.2,7.88,0.0,0.0,41.768796673201024,39918.66,13.62556928,0.196,14.74,4.59,1.38,1.64,2.98,0.58,57.23,1.02,2,0,32883524,212532,273292096,0,226610,403288,325238,0,83,42,1.2,325308.0,37.0,1360.0,170.03,149.22,129.89,0.03312380843599972,0.011671902368488113,big_database
45.62,0.0,13.48,0.37,0.64,1.75,0.0,0.0,69.79051948051949,0.0,55.4,0.0,31.21,0.0,45.04,0.0,576.82,0.0,3.75,8.0,0.19,51421.41,80531.15,116224.6,85833.4,6.6,0.0,0.0,41.778754230196334,38083.7,12.999236266666667,0.257,14.04,3.93,1.16,1.46,2.21,0.57,53.73,0.87,2,0,31597684,212964,274070560,0,31445,356364,303156,0,62,29,1.8,303265.6,20.0,1363.0,162.18,147.94,129.58,0.03305090203445313,0.011671902368488113,big_database
54.05,0.0,23.14,0.35,0.74,2.05,0.0,0.0,79.97927083333335,0.2,802.8,0.0,193.08,0.0,3.65,4.0,246.28,27.0,5.42,48.0,4.12,61358.72,95838.54,138396.6,100656.6,7.85,0.0,0.2,41.873350262344495,42101.44,14.370624853333332,0.27899999999999997,14.64,3.22,1.0,1.25,2.03,0.57,55.36,0.97,2,0,30074012,213272,275083936,5,200388,398441,319264,0,80,200,2.0,319078.4,192.0,1365.0,164.81,148.72,129.93,0.03312380843599972,0.011671902368488113,big_database
52.22,0.0,25.15,0.38,0.72,1.98,0.0,0.0,80.07281249999997,0.2,3250.2,0.0,375.99,0.0,1.03,4.0,118.46,24.0,2.92,94.4,8.76,55682.15,86675.47,125379.2,89935.8,7.1,0.0,0.0,41.97155224524536,36665.42,12.515130026666665,0.21600000000000003,14.88,4.04,1.21,1.48,2.69,0.58,57.34,0.99,2,0,28758592,213504,275967872,5,382850,375585,333702,0,80,109,1.6,333576.4,15.0,1364.0,167.14,149.47,130.28,0.03317241270369745,0.011671902368488113,big_database
57.49,0.0,27.58,0.45,0.78,2.15,0.0,0.0,88.00229166666668,0.2,2601.4,0.0,358.07,0.0,1.31,4.0,140.95,22.0,3.4,89.04,8.32,60168.06,93596.11,135567.8,97437.8,7.67,0.0,0.0,42.05475259221845,41270.74000000001,14.087079253333336,0.28800000000000003,14.88,2.97,0.92,1.16,1.97,0.57,55.88,0.98,2,0,27284052,213716,276970240,5,366173,391459,318319,0,88,190,1.8,318362.8,196.0,1365.0,169.7,150.3,130.64,0.03314811056984858,0.011671902368488113,big_database
62.53,0.0,29.82,0.04,1.6,2.09,0.0,0.0,96.03749999999998,0.0,85.2,0.0,62.5,0.0,30.39,0.0,751.23,0.0,10.13,15.44,0.83,67593.25,105569.81,152429.0,109362.6,8.65,0.0,0.0,42.142198226759106,43237.98,14.75856384,0.139,14.96,6.39,1.83,2.04,4.27,0.59,58.65,1.05,2,0,26055636,214120,278099552,4,66466,419544,321128,0,96,195,6.8,321047.4,194.0,1388.0,171.64,151.02,130.98,0.03317241270369745,0.011671902368488113,big_database
61.76,0.0,30.15,0.19,1.62,2.25,0.0,0.0,95.78479166666664,0.2,967.86,0.0,403.15,0.0,4.42,4.0,426.53,25.0,10.09,98.28,9.38,65910.47,102982.59,148651.2,106717.6,8.44,0.0,0.0,42.160524869708546,42644.94,14.55613952,0.14300000000000002,15.02,6.24,1.78,1.97,4.1,0.59,58.42,1.04,1,0,24950456,214344,279160832,1,411834,414450,365936,0,96,194,6.4,365895.6,182.0,1388.0,174.07,151.87,131.37,0.03373136178222129,0.013860384062579636,big_database
61.38,0.0,30.29,0.11,1.64,2.22,0.0,0.0,95.5390625,0.0,2204.0,0.0,285.0,0.0,2.02,0.0,132.42,0.0,3.07,72.16,6.27,66477.01,103275.54,149620.2,107147.0,8.46,0.0,0.0,42.16672765170449,41555.74000000001,14.184359253333335,0.145,14.96,6.16,1.74,1.95,4.04,0.59,58.08,1.03,1,0,23816928,214668,280164768,0,291248,412687,341422,0,95,185,6.4,341432.4,191.0,1390.0,175.99,152.63,131.72,0.03373136178222129,0.013860384062579636,big_database
37.04,0.0,9.77,0.39,1.24,1.69,0.0,0.0,58.40891891891889,0.2,1396.8,0.0,112.39,0.0,3.19,4.0,82.39,23.0,1.69,28.88,2.16,48475.11,75979.97,109461.0,81477.8,6.22,0.0,0.2,42.19556310880791,35564.54,12.139362986666667,0.24,13.78,4.52,1.33,1.64,2.25,0.54,49.96,0.87,2,0,22543776,215080,281029344,1,117558,336730,278143,0,50,40,6.4,278156.8,30.0,1390.0,165.9,150.93,131.29,0.03373136178222129,0.014225131011594887,big_database
47.32,0.0,13.69,0.77,1.36,1.87,0.0,0.0,64.24479166666663,0.0,2007.2,0.0,397.96,0.0,2.35,0.0,203.03,0.0,5.1,98.08,9.75,47652.55,73957.89,107350.4,78756.4,6.06,0.0,0.0,42.272072439139045,36698.06,12.526271146666666,0.209,14.63,4.45,1.14,1.53,2.86,0.6,55.93,0.84,3,0,21394704,215292,281832768,0,406505,339893,296409,0,64,17,6.4,296540.8,41.0,1390.0,168.71,151.76,131.66,0.033779966049919015,0.014225131011594887,big_database
47.82,0.0,21.49,0.24,1.54,1.8,0.0,0.0,72.65114583333333,0.2,106.0,0.0,84.32,0.0,28.76,4.0,814.57,25.0,13.14,21.04,1.32,53543.13,83619.16,120749.2,88286.4,6.85,0.0,0.0,42.335931708501604,41294.0,14.095018666666665,0.442,15.13,2.05,0.61,0.81,1.2,0.53,50.85,0.93,2,0,20527428,215700,282473920,1,85782,368342,308621,0,73,182,1.2,308338.8,198.0,1366.0,160.65,150.37,131.32,0.033779966049919015,0.013860384062579636,big_database
56.03,0.0,34.7,0.1,0.79,1.94,0.0,0.0,93.46197916666668,0.0,4886.8,0.0,237.02,0.0,0.72,0.0,49.67,0.0,1.24,63.36,5.36,56420.21,88043.9,127246.0,91453.4,7.21,0.0,0.0,42.376464295810365,41230.9,14.073480533333335,0.52,15.76,1.6,0.47,0.68,1.0,0.52,50.54,0.95,1,0,19526244,216064,283466816,0,242794,386403,313909,0,93,190,21.6,313318.8,122.0,1370.0,161.48,150.71,131.53,0.03322101697139518,0.012036649317503369,big_database
59.35,0.0,31.9,0.05,0.84,1.96,0.0,0.0,94.05052083333334,0.0,65.2,0.0,38.99,0.0,36.7,0.0,612.33,0.0,4.64,9.92,0.28,62918.4,97961.01,141754.2,101846.0,8.02,0.0,0.0,42.379470393732014,42361.44,14.45937152,0.311,15.73,2.86,0.84,1.09,1.8,0.56,54.49,1.03,1,0,18637904,216520,284355136,0,39066,419904,344362,0,94,168,19.16,343655.69,135.0,1372.0,164.0,151.42,131.86,0.033293923372941764,0.01240139626651862,big_database
34.47,0.0,10.99,0.31,0.52,1.24,0.0,0.0,56.28863013698631,0.0,43.8,0.0,21.54,0.0,48.95,0.0,503.67,0.0,3.17,6.08,0.12,35664.08,55261.9,80423.2,59492.6,4.53,0.0,0.0,42.37955847338822,29735.86,10.149840213333333,0.36200000000000004,14.75,2.71,0.77,1.07,1.56,0.56,52.06,0.89,2,0,17604380,216932,285334432,0,22313,276635,245847,0,48,112,2.0,245682.4,102.0,1375.0,151.35,149.0,131.19,0.03334252764063949,0.01240139626651862,big_database
50.89,0.0,19.16,0.41,0.71,1.69,0.0,0.0,72.45875000000002,0.0,54.6,0.0,32.18,0.0,43.48,0.0,603.56,0.0,4.23,8.72,0.2,53199.98,83061.45,119980.2,86783.6,6.8,0.0,0.2,42.39252668414947,36015.14,12.293167786666665,0.21100000000000002,14.62,4.19,1.25,1.55,2.78,0.59,56.14,0.97,2,0,16806624,217340,285749952,4,32768,366039,308015,0,73,194,1.8,308312.2,155.0,1376.0,155.32,149.86,131.56,0.033415434042186075,0.01240139626651862,big_database
47.47,0.0,23.48,0.37,0.66,1.55,0.0,0.0,73.1664583333333,0.0,150.4,0.0,37.11,0.0,23.89,0.0,252.7,0.0,2.65,9.76,0.38,48060.32,74926.28,108437.6,78640.4,6.14,0.0,0.0,42.46090079519984,35369.92,12.072932693333332,0.456,15.64,1.98,0.56,0.79,1.18,0.54,51.9,0.96,4,0,15816556,217756,286620992,4,41614,334002,276335,0,73,173,1.8,276409.6,145.0,1377.0,158.58,150.63,131.91,0.033439736176034934,0.01240139626651862,big_database
13.16,0.0,2.94,1.94,0.23,0.68,0.0,0.0,56.30333333333334,0.4,586.8,0.0,415.95,0.0,5.78,4.0,725.86,20.0,17.48,99.92,9.99,11647.2,17989.03,26431.8,20306.6,1.47,0.0,0.0,42.487387714573615,13873.24,4.735399253333333,0.307,17.24,4.71,0.85,1.37,1.96,0.6,49.22,1.06,4,0,15461892,217920,286895776,6,426244,120069,103187,0,17,6,2.0,103982.0,47.0,1379.0,148.12,148.59,131.35,0.0334640383098838,0.01240139626651862,big_database
33.91,0.0,15.42,0.76,1.18,1.38,0.0,0.0,51.890000000000036,0.0,3379.8,0.0,304.32,0.0,1.08,0.0,92.2,0.0,2.36,77.6,7.53,35915.35,56102.55,81145.8,59463.4,4.6,0.0,0.0,42.50047513659371,34695.54,11.84274432,0.369,15.64,2.74,0.74,1.0,1.51,0.56,52.98,1.03,2,0,14849772,218188,287432192,5,308683,270053,225725,0,52,154,6.8,224725.8,195.0,1402.0,136.9,146.26,130.69,0.033512642577581526,0.01240139626651862,big_database
23.51,0.0,9.5,0.34,0.95,0.84,0.0,0.0,38.70621621621621,0.0,157.4,0.0,100.77,0.0,21.92,0.0,655.58,0.0,14.37,24.88,2.24,24117.59,37554.52,54551.0,40217.4,3.08,0.0,0.0,42.512811603613905,21710.94,7.41066752,0.35600000000000004,16.15,3.15,0.75,1.08,1.59,0.57,52.52,1.04,3,0,14457116,218576,287842912,0,106150,185265,146472,0,35,29,6.4,146508.8,89.0,1402.0,126.66,143.98,130.03,0.03407159165610536,0.014225131011594887,big_database
31.41,0.0,11.79,0.34,1.15,1.18,0.0,0.0,51.88493150684935,0.2,274.0,0.0,231.5,0.0,11.44,4.0,865.18,24.0,20.76,56.24,5.5,31633.02,49111.0,71472.2,52611.6,4.02,0.0,0.0,42.50955645287127,29434.9,10.047112533333333,0.344,16.09,3.21,0.79,1.1,1.61,0.56,50.05,0.94,1,0,13871908,218868,288436832,1,233177,245071,211998,0,45,20,6.4,212573.2,59.0,1402.0,119.08,142.12,129.51,0.03407159165610536,0.014225131011594887,big_database
26.49,0.0,9.42,0.14,1.0,0.87,0.0,0.0,44.20424657534247,0.0,37.8,0.0,15.01,0.0,49.73,0.0,406.71,0.0,2.35,4.16,0.08,24832.93,38612.07,56245.11,41824.75,3.16,0.0,0.2,42.508669581850185,27257.120000000006,9.303763626666667,0.447,16.07,2.39,0.58,0.85,1.23,0.55,49.76,0.88,1,0,13375140,219260,288929792,0,15424,214287,186790,0,38,94,6.4,186312.2,190.0,1404.0,110.42,139.94,128.87,0.03407159165610536,0.014225131011594887,big_database
46.76,0.0,19.08,0.02,1.39,1.58,0.0,0.0,68.80822916666666,0.0,55.2,0.0,29.25,0.0,43.33,0.0,542.67,0.0,3.89,7.68,0.19,48296.5,75205.8,108878.6,79081.4,6.16,0.0,0.0,42.510005203533495,36645.36,12.50828288,0.306,15.25,3.0,0.9,1.18,1.84,0.56,54.12,1.0,1,0,12656424,219708,289630912,0,29966,349478,305062,0,69,171,6.4,304823.4,194.0,1404.0,108.95,139.15,128.67,0.03409589378995422,0.014225131011594887,big_database
32.62,0.0,10.98,0.14,1.09,1.07,0.0,0.0,49.67379746835442,0.0,51.0,0.0,20.45,0.0,51.98,0.0,410.56,0.0,2.96,5.6,0.14,31393.01,48989.97,70979.2,52263.0,4.01,0.0,0.0,42.51027096111686,28342.7,9.674308266666667,0.271,15.1,3.6,0.96,1.29,2.18,0.59,53.48,0.91,1,0,12037344,220132,290224000,0,20945,235016,193314,0,46,189,2.4,193363.8,197.0,1379.0,101.18,137.04,128.04,0.03412019592380309,0.013860384062579636,big_database
25.74,0.0,10.23,0.6,0.42,0.94,0.0,0.0,42.25698630136986,0.0,1146.2,0.0,145.52,0.0,3.11,0.0,130.01,0.0,3.11,36.64,3.47,24375.99,37817.17,55126.8,40832.4,3.1,0.0,0.0,42.51977748952782,23065.26,7.87294208,0.35600000000000004,16.03,3.03,0.71,1.05,1.59,0.57,51.59,0.99,1,0,11497300,220532,290650176,0,152192,207568,184760,0,38,168,16.2,182669.8,79.0,1379.0,96.61,135.49,127.59,0.03353694471143038,0.012036649317503369,big_database
39.72,0.0,18.99,0.79,0.59,1.57,0.0,0.0,60.86062499999998,0.2,565.8,0.0,412.25,0.0,4.59,4.0,746.1,16.0,18.13,99.92,9.9,40805.47,63468.41,92065.4,66805.6,5.2,0.0,0.0,42.539187664110045,29295.620000000006,9.999571626666668,0.322,15.41,2.97,0.8,1.1,1.78,0.58,54.32,0.99,3,0,10814480,220700,291350656,1,423174,298720,257225,0,61,4,1.4,260632.8,3.0,1380.0,91.83,133.86,127.1,0.033512642577581526,0.012036649317503369,big_database
19.52,0.0,6.09,0.83,0.32,0.76,0.0,0.0,33.83090909090908,0.2,2144.2,0.0,131.78,0.0,1.74,4.0,62.93,13.0,1.55,34.8,3.18,19449.06,30059.51,44001.0,32903.8,2.46,0.0,0.0,42.53760754545005,19032.32,6.496365226666668,0.35100000000000003,16.08,3.37,0.78,1.18,1.64,0.58,50.35,0.97,1,0,10413432,221012,291750592,1,130850,162821,131050,0,27,5,1.6,130993.2,10.0,1382.0,86.64,132.08,126.57,0.03353694471143038,0.012036649317503369,big_database
19.61,0.0,6.57,0.81,0.32,0.72,0.0,0.0,33.06868421052632,0.0,142.2,0.0,106.24,0.0,23.38,0.0,765.05,0.0,17.95,26.0,2.48,19438.87,30259.5,44005.6,32769.2,2.48,0.0,0.2,42.53731445280096,18864.9,6.4392192,0.33399999999999996,16.35,3.4,0.81,1.2,1.71,0.57,51.32,0.98,1,0,10025176,221396,292134080,4,108797,159741,136691,0,28,28,2.0,136213.4,4.0,1384.0,93.4,132.73,126.81,0.03358554897912811,0.012036649317503369,big_database
19.41,0.0,5.39,0.68,0.31,0.71,0.0,0.0,33.849615384615376,0.0,56.8,0.0,17.25,0.0,44.53,0.0,311.03,0.0,3.61,4.64,0.18,19698.0,30446.29,44550.6,33411.0,2.49,0.0,0.0,42.53614511943412,20646.82,7.0474478933333335,0.309,15.26,3.58,0.9,1.28,1.88,0.58,51.72,0.92,2,0,9449840,221836,292644096,4,17724,169990,142342,0,25,104,1.8,141068.2,134.0,1385.0,86.56,130.66,126.17,0.03363415324682584,0.012036649317503369,big_database
28.91,0.0,10.81,0.75,0.45,1.01,0.0,0.0,46.094246575342495,0.0,133.8,0.0,107.11,0.0,24.06,0.0,819.72,0.0,17.93,26.16,2.32,28888.39,44764.98,65199.0,47662.2,3.67,0.0,0.0,42.55582408882925,22826.9,7.791581866666667,0.35200000000000004,16.03,3.08,0.75,1.1,1.63,0.57,51.97,1.0,2,0,8898300,222180,293110560,4,110126,219630,181600,0,41,18,2.0,182489.8,25.0,1387.0,80.99,128.77,125.58,0.033658455380674704,0.012036649317503369,big_database
17.2,0.0,5.65,0.19,0.8,0.58,0.0,0.0,31.8316,0.0,33.8,0.0,9.58,0.0,54.45,0.0,290.34,0.0,1.47,2.88,0.05,15807.36,24544.57,35816.0,27112.4,2.01,0.0,0.0,42.564427041456746,18538.94,6.327958186666666,0.5,16.16,2.44,0.55,0.86,1.12,0.56,47.52,0.91,0,0,8407652,222568,293513024,4,9934,151640,132625,0,24,67,6.8,132063.2,80.0,1410.0,75.3,126.8,124.96,0.03409589378995422,0.012036649317503369,big_database
25.3,0.0,5.86,0.21,0.96,0.85,0.0,0.0,38.65121621621622,0.0,35.8,0.0,15.44,0.0,52.27,0.0,441.52,0.0,2.63,4.32,0.08,24609.71,38311.08,55489.4,41263.4,3.14,0.0,0.0,42.58303690605933,25074.1,8.558626133333332,0.312,14.85,3.22,0.83,1.22,1.87,0.58,52.32,0.9,0,0,7644416,222924,294113632,0,15266,241789,252805,0,33,123,6.4,252076.2,135.0,1407.0,71.59,125.17,124.44,0.03402298738840764,0.013860384062579636,big_database
37.76,0.0,9.58,0.1,1.25,1.45,0.0,0.0,57.56486842105264,0.0,179.2,0.0,43.21,0.0,19.21,0.0,246.93,0.0,3.53,10.56,0.58,41574.04,65054.4,93852.4,69512.0,5.33,0.0,0.0,42.6129855077834,32442.72,11.07378176,0.258,13.92,3.85,1.11,1.51,2.2,0.57,51.75,0.83,2,0,6454064,223304,294969760,0,48562,342741,336869,0,50,38,7.8,336814.6,48.0,1407.0,76.43,125.29,124.49,0.034193102325349674,0.013860384062579636,big_database
37.57,0.0,10.1,0.93,1.29,1.64,0.0,0.0,56.90455696202532,0.2,3747.0,0.0,389.76,0.0,1.1,4.0,106.52,15.0,2.74,98.96,9.88,39927.77,62036.3,89920.2,66442.4,5.08,0.0,0.2,42.681432512342354,30978.36,10.57394688,0.26,14.05,3.77,1.06,1.45,2.24,0.58,53.21,0.86,2,0,5188520,223532,295866016,1,399327,343700,346883,0,51,132,6.4,346784.6,139.0,1409.0,74.08,123.99,124.07,0.034193102325349674,0.014225131011594887,big_database
44.1,0.0,12.42,0.76,1.38,1.68,0.0,0.0,61.333516483516476,0.2,1360.8,0.0,310.51,0.0,2.09,4.0,233.66,24.0,5.65,76.64,7.36,42467.14,66228.34,95772.0,70346.6,5.43,0.0,0.0,42.747918225936004,34394.7,11.7400576,0.331,14.28,2.75,0.79,1.08,1.73,0.57,52.3,0.88,1,0,4012916,223744,296757504,1,314020,353084,352527,0,59,69,6.4,353895.4,15.0,1408.0,79.27,124.24,124.15,0.034193102325349674,0.013860384062579636,big_database
58.56,0.0,16.52,0.16,1.55,2.0,0.0,0.0,78.62979166666662,0.0,148.4,0.0,122.9,0.0,23.98,0.0,848.05,0.0,17.66,30.0,2.54,56560.52,88353.89,127507.2,93187.4,7.24,0.0,0.0,42.80318365435964,43493.48,14.845774506666665,0.23399999999999999,13.65,3.63,1.05,1.35,2.53,0.59,55.28,0.9,2,0,2625400,224144,298077152,0,129868,444174,437070,0,79,141,3.2,435530.2,134.0,1383.0,80.37,123.72,123.98,0.03421740445919854,0.013860384062579636,big_database
61.2,0.0,16.13,0.31,0.91,2.3,0.0,0.0,80.53687499999998,0.0,4623.4,0.0,277.0,0.0,0.78,0.0,61.35,0.0,1.57,73.36,6.51,61689.01,96558.31,139148.6,101215.4,7.91,0.0,0.0,42.81348669621335,44724.68,15.266024106666668,0.193,13.59,4.46,1.3,1.59,3.06,0.59,54.71,0.96,0,0,1798520,224508,298910560,0,279897,468746,460874,0,80,131,24.8,461224.0,137.0,1384.0,84.11,123.77,124.0,0.03363415324682584,0.011671902368488113,big_database
52.34,0.0,14.49,0.21,0.77,1.88,0.0,0.0,76.31313253012046,0.2,131.2,0.0,93.51,0.0,23.99,4.0,729.83,11.0,11.66,24.4,1.46,54357.37,84716.11,122511.4,89093.2,6.94,0.0,0.0,42.812331030379355,39041.72,13.326240426666667,0.262,13.78,3.35,1.04,1.32,2.22,0.58,54.44,0.99,3,3072,1909260,223856,298798240,46,100435,413230,402543,419,69,129,1.4,402089.42,129.0,1381.0,87.78,123.88,124.03,0.03358554897912811,0.011671902368488113,big_database
26.57,0.0,8.47,1.47,0.55,1.27,0.0,0.0,40.68987341772152,0.6,465.6,0.01,407.54,0.0,1.85,20.0,896.31,22.67,20.73,100.0,9.28,27051.84,42028.08,60904.2,44109.6,3.44,0.0,0.0,42.815251326566944,19433.7,6.6333696,0.311,15.33,3.06,0.84,1.15,1.89,0.59,54.45,1.01,2,3072,1507504,223432,299169280,58,417338,305443,387436,4,37,7,1.6,388013.6,8.0,1383.0,81.87,122.05,123.44,0.03356124684527925,0.011671902368488113,big_database
53.8,0.0,13.34,1.14,0.83,2.12,0.0,0.0,72.54824175824173,0.2,449.2,0.01,289.1,0.0,7.61,28.0,659.04,23.0,16.28,70.4,7.03,57009.86,88857.91,128399.2,93173.0,7.28,0.0,0.2,42.81742142706204,39993.04,13.650957653333334,0.154,13.89,5.48,1.71,1.94,3.89,0.6,57.83,0.97,2,3336,1392212,223420,299219328,56,296304,440507,438808,6,70,134,2.2,437944.0,129.0,1386.0,86.53,122.35,123.53,0.03360985111297698,0.011671902368488113,big_database
40.45,0.0,10.23,1.44,0.67,1.75,0.0,0.0,59.51262500000002,1.8,1137.8,0.04,368.61,0.0,3.17,25.33,331.74,13.67,6.98,94.48,7.61,42818.47,66675.58,96432.6,69946.4,5.46,0.0,0.0,42.830498978086155,30684.4,10.473608533333334,0.188,14.59,4.89,1.44,1.73,3.14,0.59,56.46,0.99,1,3848,1432148,223576,299192448,50,372370,376214,428329,3,53,131,1.6,428448.6,134.0,1386.0,90.65,122.61,123.61,0.03368275751452356,0.011671902368488113,big_database
60.78,0.0,14.03,0.62,0.88,2.2,0.0,0.0,84.84270588235293,2.0,103.2,0.05,49.45,0.0,27.43,28.0,490.64,1.9,7.01,12.24,0.68,67134.82,104708.84,151272.4,109718.4,8.58,0.0,0.0,42.82959843953221,43827.34,14.959732053333335,0.154,13.71,5.61,1.75,1.98,3.85,0.59,57.09,0.97,3,4096,1651340,224028,299012960,80,51580,476647,445241,8,78,131,2.0,445155.0,123.0,1384.0,94.2,122.82,123.67,0.03358554897912811,0.011671902368488113,big_database
57.39,0.0,15.63,0.6,1.42,2.18,0.0,0.0,79.2910989010989,1.4,274.6,0.03,173.36,0.0,11.99,24.57,646.49,4.57,13.94,43.2,3.66,62627.66,97804.11,141177.4,102632.8,8.01,0.0,0.0,42.82231288521087,42204.9,14.405939199999999,0.231,14.01,3.79,1.21,1.46,2.51,0.58,55.67,0.97,0,4104,1669196,224180,299033120,99,176596,464708,452052,5,76,118,6.6,452277.6,98.0,1406.0,97.63,123.05,123.74,0.03363415324682584,0.011671902368488113,big_database
40.11,0.0,16.04,0.16,1.33,1.46,0.0,0.0,61.82193181818184,1.6,66.0,0.04,25.94,0.0,37.38,28.0,402.53,0.75,2.94,6.88,0.18,42280.76,65886.78,95359.8,69789.8,5.4,0.0,0.0,42.81374258280078,31356.140000000007,10.702895786666668,0.436,15.21,2.18,0.58,0.84,1.24,0.54,51.69,1.0,0,4104,1183820,224636,299541728,77,26647,357594,364619,0,59,138,6.4,364958.0,93.0,1406.0,100.3,123.19,123.78,0.034168800191500814,0.013860384062579636,big_database
33.89,0.0,16.42,0.2,1.2,1.14,0.0,0.0,59.16153846153848,1.0,49.8,0.03,19.23,0.0,40.43,28.0,395.49,0.4,2.5,5.52,0.11,32168.96,50124.65,72655.8,53562.0,4.11,0.0,0.0,42.80668102415683,29090.9,9.929693866666668,0.575,15.11,1.51,0.43,0.62,0.9,0.52,48.75,0.89,0,6408,1174680,225028,299538816,28,20043,306169,328563,416,53,101,6.4,327606.0,85.0,1403.0,103.56,123.48,123.87,0.034168800191500814,0.014225131011594887,big_database
54.81,0.0,14.64,0.79,1.5,2.16,0.0,0.0,76.265,1.6,557.4,0.04,299.21,0.0,5.94,25.0,549.68,13.62,11.12,73.68,5.94,57234.84,89409.73,129093.21,93820.36,7.32,0.0,0.2,42.81209032993956,43057.2,14.6968576,0.255,14.16,3.56,1.01,1.3,2.28,0.58,54.65,1.01,1,6408,1304556,225228,299377568,50,310573,437023,428357,3,73,136,6.4,428305.2,127.0,1403.0,105.6,123.57,123.9,0.034047289522256496,0.014589877960610141,big_database
7.24,0.0,2.64,1.59,0.66,0.46,0.0,0.0,50.232000000000006,0.2,1095.4,0.0,413.04,0.0,1.53,4.0,386.11,18.0,9.73,100.0,10.33,2742.89,4325.03,6218.4,4612.2,0.35,0.0,0.0,42.814656029580185,7446.9,2.5418752000000002,0.376,18.55,3.18,0.62,1.04,1.61,0.61,52.94,1.1,0,6920,1179004,225336,299529920,1,418968,180719,303719,8,11,136,6.4,303825.0,43.0,1403.0,98.1,121.72,123.3,0.03409589378995422,0.014589877960610141,big_database
59.96,0.0,15.32,0.33,1.7,2.26,0.0,0.0,79.77147368421052,2.2,256.89,0.06,120.96,0.0,16.21,28.0,482.16,6.36,8.11,29.94,2.0,66057.03,103200.73,148886.6,108153.6,8.45,0.0,0.0,42.81141378706303,44935.36,15.337936213333334,0.145,14.23,6.12,1.77,2.04,4.06,0.59,57.26,1.01,0,7176,1365788,225716,299352896,62,124008,484123,463654,2,79,131,1.2,463472.2,130.0,1379.0,101.46,122.02,123.39,0.03409589378995422,0.014589877960610141,big_database
61.38,0.0,16.89,0.47,0.91,2.24,0.0,0.0,81.41770833333331,1.6,381.0,0.04,174.69,0.0,9.72,25.0,469.51,5.62,9.3,43.44,3.45,63771.19,99400.78,143713.6,104322.6,8.14,0.0,0.0,42.81055728833718,43690.66,14.913078613333333,0.14400000000000002,14.39,5.96,1.67,1.96,4.14,0.59,56.56,0.99,1,7688,1578928,226252,299124992,456,183137,480691,467146,10,81,132,21.0,466814.8,140.0,1380.0,104.7,122.36,123.49,0.03348834044373266,0.012766143215533873,big_database
46.11,0.0,14.5,0.33,0.73,1.64,0.0,0.0,64.127311827957,1.6,298.8,0.04,95.29,0.0,14.19,26.5,326.57,3.0,5.94,24.08,1.63,45980.83,71479.73,103660.0,75427.6,5.86,0.0,0.0,42.8143386390949,34854.8,11.897105066666667,0.331,14.8,2.81,0.78,1.06,1.71,0.57,53.13,0.99,3,7688,1722976,226684,298980416,74,98444,376960,381204,5,63,9,18.6,381607.6,128.0,1379.0,105.69,122.27,123.45,0.03353694471143038,0.012766143215533873,big_database
43.25,0.0,14.17,0.63,0.69,1.6,0.0,0.0,66.819375,1.2,279.6,0.03,127.64,0.0,11.52,28.0,467.45,8.0,9.17,31.04,2.45,44576.38,69474.49,100543.2,73410.0,5.69,0.0,0.0,42.81545406163769,34660.58,11.830811306666668,0.364,14.34,2.51,0.73,0.99,1.55,0.56,52.38,0.99,2,8192,1650220,227028,299068704,34,129134,370917,377022,5,59,16,2.0,377366.0,93.0,1383.0,109.0,122.68,123.58,0.033512642577581526,0.012766143215533873,big_database
40.01,0.0,13.51,0.82,0.65,1.49,0.0,0.0,61.57075000000001,1.0,473.8,0.02,165.01,0.0,7.1,23.2,356.62,15.4,7.27,40.56,3.31,39886.47,62062.71,89966.0,65790.8,5.08,0.0,0.2,42.81110398965155,32598.74,11.127036586666668,0.396,14.34,2.3,0.67,0.91,1.4,0.55,51.61,0.95,1,8192,1068380,227352,299638208,27,166359,343012,354044,1,56,126,2.0,353636.6,41.0,1385.0,100.75,120.74,122.95,0.03360985111297698,0.012766143215533873,big_database
41.35,0.0,13.93,0.71,0.66,1.43,0.0,0.0,66.62974025974026,0.8,59.2,0.02,26.13,0.0,38.46,22.0,451.92,2.5,3.29,6.96,0.19,42260.55,65560.91,95183.4,69692.0,5.37,0.0,0.0,42.80566810811049,32575.0,11.118933333333333,0.41,14.36,2.23,0.64,0.9,1.36,0.56,52.17,0.87,1,8456,1305516,227776,299398368,39,26082,359160,374333,2,57,20,2.0,375569.0,78.0,1387.0,100.05,120.26,122.78,0.03368275751452356,0.012766143215533873,big_database
42.64,0.0,13.32,0.66,0.66,1.47,0.0,0.0,65.94397435897433,0.6,64.0,0.02,26.11,0.0,34.83,28.0,417.8,0.33,3.12,6.88,0.18,42776.58,66594.11,96437.8,70634.2,5.46,0.0,0.0,42.81179420006095,33776.759999999995,11.52913408,0.332,14.3,2.78,0.81,1.08,1.71,0.57,53.09,0.97,1,9224,1614852,228204,299078208,21,26750,360389,366996,8,59,142,1.6,365564.0,36.0,1387.0,103.25,120.59,122.88,0.033707059648372416,0.012766143215533873,big_database
41.86,0.0,12.5,0.28,1.29,1.4,0.0,0.0,64.29717948717946,1.0,47.4,0.03,24.28,0.0,42.89,28.0,524.57,0.4,3.19,6.8,0.14,40707.63,63322.75,91780.2,66985.8,5.19,0.0,0.0,42.81673653180432,33115.06,11.303273813333332,0.361,14.62,2.58,0.72,1.0,1.58,0.57,53.39,0.97,0,9480,1494876,228616,299212000,62,25497,340550,345360,2,57,144,6.8,346200.2,112.0,1410.0,102.11,120.07,122.69,0.03429031086074513,0.014954624909625397,big_database
36.5,0.0,11.34,0.2,1.21,1.2,0.0,0.0,57.044805194805186,0.2,55.0,0.01,21.25,0.0,36.78,28.0,395.56,0.0,2.65,5.68,0.13,34219.83,53244.97,77171.2,56592.2,4.36,0.0,0.0,42.81253224683534,29614.96,10.108573013333332,0.327,14.61,2.88,0.74,1.05,1.75,0.57,53.69,0.96,0,9736,1371380,229008,299302272,89,21138,317214,337910,2,51,42,6.39,336563.87,141.0,1410.0,94.17,118.12,122.05,0.03373136178222129,0.012766143215533873,big_database
28.59,0.0,10.21,0.25,1.11,0.91,0.0,0.0,48.01356164383562,0.0,40.8,0.0,15.25,0.0,47.56,0.0,382.73,0.0,2.07,4.0,0.07,25178.51,38986.08,56884.0,41854.0,3.19,0.0,0.0,42.81670691881645,25375.46,8.661490346666668,0.475,15.56,2.15,0.5,0.77,1.12,0.53,49.51,0.91,0,10248,2002856,229424,298694976,0,15631,271711,309846,10,41,97,6.4,309637.4,120.0,1410.0,91.43,117.16,121.72,0.03426600872689626,0.014589877960610141,big_database
44.42,0.0,11.23,0.58,1.32,1.55,0.0,0.0,66.21564102564103,0.4,1239.0,0.01,199.83,0.0,3.05,28.0,165.15,0.0,4.04,50.08,4.8,40937.04,63786.25,92376.6,67437.0,5.23,0.0,0.2,42.81240696111747,35003.64,11.94790912,0.249,14.72,3.86,0.97,1.32,2.38,0.59,55.21,0.98,1,10248,1337032,229728,299330016,11,209669,348013,356040,0,58,76,6.4,357085.0,4.0,1412.0,85.63,115.53,121.16,0.03426600872689626,0.014589877960610141,big_database
38.61,0.0,11.31,1.24,1.31,1.8,0.0,0.0,63.48780821917808,1.2,585.4,0.03,408.68,0.0,2.27,24.0,714.87,21.0,16.1,99.68,9.08,41539.62,64657.47,93660.4,68934.4,5.3,0.0,0.0,42.81735233009036,34180.56,11.66696448,0.315,14.66,3.24,0.88,1.27,1.85,0.58,53.08,0.96,1,10760,1916968,229808,298761760,39,418413,381406,413189,4,53,54,6.4,410997.8,57.0,1412.0,81.34,114.14,120.69,0.03426600872689626,0.014589877960610141,big_database
27.34,0.0,4.9,0.95,1.13,1.21,0.0,0.0,41.62835616438357,2.2,401.4,0.06,258.91,0.0,8.36,25.82,660.5,1.18,16.28,62.72,6.37,29898.97,46820.04,67422.2,50328.2,3.84,0.0,0.0,42.81744876212775,27562.06,9.407849813333332,0.212,13.69,4.91,1.44,1.74,2.78,0.59,52.08,0.87,0,10760,1602240,230076,299080064,57,260214,360446,444487,0,34,62,3.4,444421.0,59.0,1387.0,79.95,113.31,120.38,0.034314612994593985,0.014225131011594887,big_database
49.11,0.0,9.19,0.49,0.92,2.14,0.0,0.0,75.31684931506848,2.4,2076.8,0.07,126.43,0.0,2.14,28.0,62.34,0.5,1.38,33.44,2.68,60812.01,94806.96,136917.4,102144.4,7.77,0.0,0.0,42.81683144522695,43063.6,14.699042133333332,0.188,13.19,5.27,1.61,1.9,3.1,0.58,52.61,0.76,0,10760,983584,230544,299695328,89,130434,525470,549767,0,61,65,27.6,549689.8,57.0,1388.0,78.91,112.54,120.09,0.03373136178222129,0.012036649317503369,big_database
46.61,0.0,8.59,1.12,0.88,2.22,0.0,0.0,72.23270270270271,3.8,919.2,0.1,379.75,0.0,6.05,28.0,423.05,12.58,7.25,94.8,6.5,60610.72,94630.46,136564.8,101996.6,7.75,0.0,0.0,42.81688991189528,41203.8,14.064230400000005,0.17300000000000001,12.43,5.42,1.74,2.04,3.39,0.58,53.18,0.68,1,12040,1866952,230892,298810400,114,392993,508845,531854,15,59,62,9.8,531818.8,90.0,1388.0,78.52,111.9,119.85,0.033804268183767874,0.012036649317503369,big_database
43.01,0.0,8.27,1.54,0.76,1.89,0.0,0.0,64.65486842105264,2.0,637.8,0.05,412.7,0.0,5.23,25.6,662.6,19.6,13.51,99.92,8.34,49102.44,76629.5,110662.4,81835.2,6.28,0.0,0.0,42.818091136172136,32343.140000000007,11.039791786666667,0.179,13.58,5.17,1.54,1.86,3.36,0.6,55.56,0.83,3,12040,1274444,231036,299412448,51,422825,430914,476704,0,54,6,1.8,478521.8,7.0,1391.0,77.76,111.19,119.57,0.03373136178222129,0.012036649317503369,big_database
54.02,0.0,11.67,0.53,0.8,2.02,0.0,0.0,82.52920000000003,1.6,214.8,0.04,100.95,0.0,15.43,28.0,481.24,5.12,10.09,25.36,2.08,60144.81,93739.36,135494.8,98084.8,7.68,0.0,0.2,42.81576309974178,42342.38,14.452865706666666,0.15,13.58,5.85,1.82,2.06,3.99,0.6,56.56,0.97,1,12288,1399168,231392,299275264,49,98262,444683,431979,9,69,130,1.8,430660.0,129.0,1389.0,82.34,111.58,119.66,0.033804268183767874,0.012036649317503369,big_database
60.58,0.0,13.63,0.16,0.85,2.23,0.0,0.0,87.620987654321,3.4,74.0,0.09,41.25,0.0,35.76,28.0,570.78,0.29,4.9,10.72,0.32,67871.65,105996.85,152990.8,111037.8,8.68,0.0,0.0,42.816965842633394,44559.0,15.209471999999998,0.157,13.71,5.59,1.76,1.98,3.8,0.6,56.36,0.99,1,12296,1334128,231776,299351776,99,42244,480165,453997,3,78,129,1.8,453912.6,126.0,1390.0,85.92,111.84,119.7,0.03375566391607015,0.012036649317503369,big_database
60.71,0.0,14.25,0.19,0.85,2.18,0.0,0.0,84.18220930232556,2.4,79.2,0.06,40.38,0.0,31.37,24.0,522.14,1.25,4.62,10.96,0.34,66654.65,103623.83,150065.0,108718.4,8.49,0.0,0.0,42.81602733871039,43888.96,14.980765013333333,0.17300000000000001,13.62,5.04,1.59,1.83,3.44,0.6,55.98,0.97,1,12552,1268432,232176,299424512,62,41366,477665,456302,9,78,124,1.8,456240.8,129.0,1391.0,89.45,112.14,119.75,0.03375566391607015,0.012036649317503369,big_database
53.48,0.0,15.36,0.11,1.42,1.93,0.0,0.0,81.0959259259259,2.2,70.8,0.06,35.02,0.0,35.99,28.0,506.44,0.82,4.03,9.2,0.26,57711.93,89835.48,129966.6,94563.6,7.36,0.0,0.0,42.81395063302317,40211.44,13.725504853333335,0.35100000000000003,14.14,2.49,0.8,1.06,1.57,0.55,52.07,0.93,0,12552,1365532,232568,299343840,157,36625,435149,426515,5,72,31,6.8,426282.2,106.0,1414.0,92.45,112.39,119.79,0.034411821529989436,0.012036649317503369,big_database
45.14,0.0,19.44,0.12,1.43,1.61,0.0,0.0,71.8751724137931,2.4,75.2,0.07,29.14,0.0,36.38,28.0,396.85,0.83,3.07,8.0,0.21,47410.0,73872.0,106878.6,77985.2,6.05,0.0,0.0,42.80818749000087,39165.6,13.3685248,0.5379999999999999,14.5,1.64,0.48,0.68,0.95,0.51,47.65,0.9,0,13064,1647584,232984,299105984,74,29114,390112,396034,13,67,132,6.4,396535.8,13.0,1412.0,95.38,112.66,119.84,0.0338528724514656,0.014225131011594887,big_database
47.28,0.0,19.01,0.33,1.47,1.82,0.0,0.0,72.4484444444444,0.8,767.2,0.02,216.95,0.0,4.24,28.0,289.57,5.75,6.45,53.36,4.71,50671.11,78654.11,114055.4,83023.8,6.44,0.0,0.0,42.80010010708512,40020.12,13.66020096,0.461,14.44,1.95,0.58,0.79,1.15,0.53,50.3,0.93,0,13064,1661052,233264,299078912,36,222222,412475,426259,10,69,125,6.4,425669.6,71.0,1412.0,93.75,112.04,119.6,0.034314612994593985,0.014225131011594887,big_database
52.23,0.0,16.49,0.25,1.52,2.09,0.0,0.0,80.03695121951219,0.8,221.2,0.02,122.56,0.0,13.73,22.0,567.35,7.75,9.91,30.8,2.06,60196.19,93665.55,135590.4,98479.0,7.67,0.0,0.2,42.803667333161385,42984.46,14.672029013333333,0.287,14.43,3.25,1.01,1.27,1.96,0.56,53.23,0.97,1,13312,1712340,233568,299052320,34,132121,454576,447112,22,72,131,6.4,447598.2,124.0,1414.0,96.89,112.39,119.67,0.034314612994593985,0.013860384062579636,big_database
19.96,0.0,6.86,1.21,0.91,1.05,0.0,0.0,40.484,0.6,565.0,0.01,408.46,0.0,2.85,20.0,740.29,15.67,16.73,99.2,8.98,19388.07,30261.62,43745.8,31787.4,2.48,0.0,0.0,42.79850708019964,15867.72,5.4161817600000015,0.444,18.7,2.68,0.47,0.85,1.41,0.63,51.42,1.02,1,13312,1398728,233596,299385024,14,417422,264411,358515,14,29,8,6.4,359425.4,6.0,1414.0,89.77,110.65,119.07,0.034314612994593985,0.014225131011594887,big_database
31.17,0.0,8.7,1.1,1.2,1.44,0.0,0.0,48.95144736842105,1.6,728.8,0.03,411.64,0.0,2.1,19.0,578.37,14.25,13.06,99.84,9.08,33086.14,51482.58,74508.6,54031.2,4.22,0.0,0.0,42.793050697359284,28353.56,9.678015146666667,0.205,15.72,4.93,1.3,1.6,2.9,0.6,55.08,1.06,1,13320,1268652,233576,299544128,42,422360,331617,398303,19,42,7,2.8,398395.8,9.0,1390.0,93.96,111.17,119.19,0.03436321726229172,0.014225131011594887,big_database
54.33,0.0,15.16,0.25,0.85,1.95,0.0,0.0,72.27999999999999,2.2,188.8,0.06,111.94,0.0,16.68,25.82,607.11,4.45,11.45,28.16,2.07,56040.22,87508.81,126341.6,91891.2,7.17,0.0,0.0,42.7913134020714,41033.54,14.006114986666667,0.132,14.49,6.64,1.84,2.11,4.51,0.6,56.42,1.03,0,13576,1604384,233592,299189568,103,109080,445736,447399,4,73,128,25.4,445462.2,127.0,1391.0,97.48,111.62,119.3,0.033779966049919015,0.011671902368488113,big_database
58.03,0.0,14.36,0.67,0.86,2.48,0.0,0.0,89.06897435897436,1.2,558.8,0.03,356.92,0.0,6.15,28.0,654.06,18.0,14.62,86.96,7.78,68249.3,106127.12,153663.0,111259.8,8.69,0.0,0.0,42.79507880737412,46260.96,15.79040768,0.155,14.17,6.14,1.81,2.05,3.8,0.59,55.84,0.97,0,14088,1454920,233360,299358880,36,366284,489734,472000,13,76,128,12.4,472219.6,135.0,1389.0,99.37,111.77,119.3,0.03382857031761674,0.011671902368488113,big_database
58.15,0.0,13.44,0.32,0.88,2.23,0.0,0.0,87.79194805194805,2.8,107.2,0.07,57.81,0.0,28.82,24.57,552.19,6.21,9.69,14.8,0.97,68524.17,106737.42,154364.2,112049.8,8.74,0.0,0.0,42.790048395974544,43561.84,14.869108053333335,0.15,13.56,5.87,1.84,2.05,3.94,0.59,56.54,0.96,1,14336,1629540,233380,299176096,69,58058,489095,462179,9,75,30,1.8,461594.6,36.0,1392.0,102.06,112.13,119.38,0.03375566391607015,0.011671902368488113,big_database
58.2,0.0,14.54,1.23,0.87,2.47,0.0,0.0,86.1677777777778,2.0,881.2,0.05,386.33,0.0,2.78,28.0,448.94,17.2,9.28,94.88,7.78,66871.79,104205.15,150606.4,109294.2,8.54,0.0,0.2,42.79163686701575,44141.36,15.066917546666666,0.17600000000000002,14.23,5.16,1.57,1.82,3.33,0.59,56.35,0.97,2,14336,1767928,233452,298999360,60,401918,494810,491675,9,76,130,1.6,491475.8,134.0,1392.0,104.86,112.54,119.47,0.03382857031761674,0.011671902368488113,big_database
48.91,0.0,17.06,0.65,0.77,1.87,0.0,0.0,76.25073170731707,1.4,1175.0,0.03,114.85,0.0,3.36,24.57,100.09,0.29,2.25,30.08,2.41,54716.27,85353.08,123356.8,89827.2,6.99,0.0,0.0,42.799950523531045,39700.56,13.55112448,0.36200000000000004,14.48,2.49,0.77,1.02,1.53,0.55,52.37,0.99,1,14336,1900016,233792,298860064,40,110872,431410,431615,25,69,26,1.8,432064.8,126.0,1393.0,106.71,112.8,119.52,0.0338528724514656,0.011671902368488113,big_database
50.13,0.0,16.58,0.34,0.79,1.82,0.0,0.0,75.92951807228916,1.8,70.2,0.05,33.32,0.0,34.51,28.0,486.05,0.44,3.53,8.64,0.22,54630.14,84727.68,122896.2,89300.0,6.94,0.0,0.0,42.80172198765108,39257.34,13.399838720000002,0.345,14.48,2.59,0.8,1.05,1.6,0.55,52.53,1.0,1,14336,992140,234200,299778848,54,34124,431786,433718,0,69,129,2.0,433660.4,128.0,1392.0,108.42,113.05,119.56,0.033804268183767874,0.011671902368488113,big_database
50.37,0.0,16.9,0.1,1.4,1.85,0.0,0.0,73.90146067415729,2.8,76.8,0.08,33.11,0.0,30.05,28.0,441.48,1.57,3.71,8.96,0.26,54950.8,85414.11,123709.6,89880.6,7.0,0.0,0.0,42.80003936249464,41313.78,14.10177024,0.314,14.53,2.96,0.87,1.14,1.79,0.56,53.5,1.02,0,14600,1151532,234584,299605696,91,34730,434937,437590,14,70,78,6.8,437656.6,131.0,1415.0,103.74,112.0,119.19,0.0344361236638383,0.01349563711356438,big_database
47.22,0.0,14.3,0.1,1.43,1.78,0.0,0.0,68.66436781609194,20.0,73.0,0.51,32.33,0.0,34.82,26.16,453.51,0.65,3.68,9.28,0.27,53128.69,82902.86,119814.6,87552.2,6.79,0.0,0.0,42.795417458466076,37192.9,12.695176533333333,0.268,14.65,3.64,1.07,1.36,2.12,0.57,55.06,0.96,0,15112,1271124,234984,299468960,554,32842,403305,384928,18,64,52,6.4,386246.8,20.0,1415.0,105.68,112.27,119.24,0.03387717458531446,0.013860384062579636,big_database
30.29,0.0,5.45,1.16,1.08,1.4,0.0,0.0,48.40972972972972,47.0,352.2,1.23,206.98,0.0,7.32,26.77,601.79,3.54,3.55,64.96,1.34,38538.3,60036.33,86866.2,65053.8,4.92,0.0,0.0,42.80589817824696,33076.12,11.289982293333335,0.20800000000000002,15.42,5.8,1.5,1.95,2.83,0.59,54.59,0.78,1,15360,1466744,235100,299219584,1239,214758,291591,251167,26,38,27,6.4,251626.2,20.0,1412.0,102.18,111.43,118.93,0.034387519396140584,0.013860384062579636,big_database
49.49,0.0,14.55,0.95,1.37,1.89,0.0,0.0,67.30052083333334,65.6,589.0,1.69,329.45,0.0,5.34,26.41,572.77,5.43,4.66,92.56,2.88,49877.04,77831.74,112462.0,82353.0,6.38,0.0,0.2,42.813089578453045,39200.4,13.380403200000002,0.222,15.64,4.13,1.09,1.42,2.69,0.6,56.99,0.93,1,15360,1399740,235172,299231104,1744,336789,360480,326953,14,68,132,6.4,325795.8,126.0,1414.0,102.25,111.29,118.84,0.034314612994593985,0.013860384062579636,big_database
59.67,0.0,27.03,0.38,1.56,2.13,0.0,0.0,90.39510416666666,85.6,1596.4,2.23,277.21,0.0,1.99,26.63,177.81,4.1,1.38,85.76,2.35,59548.68,92444.54,134005.2,96508.2,7.57,0.0,0.0,42.82325670428554,44564.44,15.211328853333333,0.335,15.96,2.69,0.77,1.01,1.66,0.56,54.67,1.05,0,15624,1228604,235304,299397248,2269,284942,399406,332159,22,91,195,6.4,332319.0,192.0,1414.0,109.28,112.6,119.23,0.034314612994593985,0.014225131011594887,big_database
58.58,0.0,32.04,0.15,1.67,2.07,0.0,0.0,94.35885416666667,77.84,1451.3,2.02,210.66,0.0,2.27,26.64,148.64,3.33,1.26,62.99,1.94,61946.92,96619.77,139658.0,100351.4,7.92,0.0,0.0,42.822101038451564,43568.26,14.87129941333333,0.414,15.79,2.1,0.64,0.83,1.3,0.54,52.97,1.04,0,16136,1846388,235504,298816160,2066,213393,402833,324655,43,95,191,1.2,324699.8,182.0,1389.0,115.74,113.89,119.61,0.03436321726229172,0.014225131011594887,big_database
55.0,0.0,31.1,0.24,0.78,1.92,0.0,0.0,88.79968749999998,83.0,170.4,2.17,123.01,0.0,17.84,26.8,739.21,2.46,6.03,36.88,1.09,57060.76,89296.19,128771.2,92886.0,7.32,0.0,0.0,42.823120788264326,40168.02,13.71068416,0.414,16.02,2.17,0.64,0.85,1.29,0.53,52.14,1.01,3,16136,1635808,235824,299055360,2332,129858,386146,322500,19,89,45,20.2,321749.4,41.0,1391.0,122.41,115.3,120.03,0.033779966049919015,0.012036649317503369,big_database
61.48,0.0,25.76,0.34,0.81,2.18,0.0,0.0,90.2321875,100.8,910.0,2.62,309.25,0.0,3.95,26.6,347.99,4.45,2.26,89.12,2.27,63555.6,99369.22,143312.8,103564.4,8.14,0.0,0.0,42.81370461743171,43120.92,14.71860736,0.129,15.35,6.8,1.81,2.08,4.63,0.6,58.16,1.08,1,16384,1612728,235940,299045120,2676,313542,427485,357449,23,91,195,19.0,357964.8,198.0,1388.0,128.7,116.72,120.47,0.033804268183767874,0.012036649317503369,big_database
50.37,0.0,21.6,1.05,0.73,1.98,0.0,0.0,74.68208333333334,84.6,630.2,2.16,335.41,0.0,4.69,26.19,545.01,5.09,4.25,93.92,2.9,56149.16,87572.22,126577.4,91802.8,7.17,0.0,0.0,42.820639371743,37285.66,12.726838613333333,0.24600000000000002,15.15,3.71,1.16,1.41,2.31,0.57,56.3,0.98,3,17408,1326616,236028,299333728,2218,346902,387183,336994,16,74,195,1.8,336994.0,192.0,1390.0,129.45,117.07,120.56,0.033779966049919015,0.012036649317503369,big_database
63.26,0.0,29.14,0.26,0.85,2.11,0.0,0.0,95.35510416666666,84.6,268.6,2.23,184.65,0.0,12.05,27.02,703.94,3.33,5.37,50.56,1.57,66354.58,103733.95,149658.6,107574.8,8.5,0.0,0.2,42.81654974218857,42550.54,14.523917653333335,0.218,15.21,3.96,1.19,1.46,2.66,0.58,57.46,1.05,1,17672,1458576,236300,299123808,2285,185117,431257,346655,16,95,141,1.8,346414.6,192.0,1391.0,134.86,118.4,120.97,0.033804268183767874,0.012036649317503369,big_database
58.92,0.0,31.06,0.28,0.8,2.04,0.0,0.0,92.8145833333333,74.4,248.8,1.94,174.82,0.0,16.34,26.73,719.53,2.81,5.01,53.04,1.35,62348.68,96863.24,140395.8,100774.2,7.94,0.0,0.0,42.831064662085055,39376.26,13.44043008,0.355,15.64,2.45,0.75,0.97,1.56,0.55,54.61,1.01,2,17928,1452936,236480,299146368,1986,184076,408185,348885,17,93,6,1.8,349793.0,6.0,1392.0,137.51,119.23,121.23,0.033804268183767874,0.012036649317503369,big_database
51.79,0.0,23.09,0.72,0.71,1.87,0.0,0.0,77.46374999999998,59.4,497.4,1.54,353.92,0.0,6.57,26.52,728.62,5.47,7.34,95.12,3.71,52982.52,82566.28,119358.2,85719.8,6.76,0.0,0.0,42.82673053555393,36725.18,12.535528106666666,0.153,15.2,5.72,1.64,1.87,3.87,0.59,58.44,1.06,2,17928,1608852,236520,299011456,1597,360837,373824,348761,15,78,184,1.8,347963.2,191.0,1393.0,142.11,120.48,121.62,0.0338528724514656,0.012036649317503369,big_database
61.7,0.0,29.45,0.23,1.56,2.15,0.0,0.0,94.85437500000003,72.8,1935.6,1.94,220.01,0.0,2.03,27.25,116.39,3.45,1.06,64.8,2.13,64327.72,100187.72,144949.4,103982.2,8.21,0.0,0.0,42.826754074082736,43821.14,14.957615786666667,0.243,15.6,3.73,1.07,1.33,2.36,0.57,57.07,1.08,0,18432,1723204,236756,298906656,1984,221971,416472,332862,22,95,191,6.6,332874.6,199.0,1410.0,146.35,121.72,122.02,0.034314612994593985,0.014225131011594887,big_database
61.39,0.0,30.09,0.07,1.63,2.04,0.0,0.0,95.14541666666666,62.4,1049.8,1.61,84.56,0.0,3.32,26.37,82.48,1.56,0.97,24.72,0.95,63664.1,99225.44,143454.8,103055.6,8.13,0.0,0.0,42.824197486130686,43810.86,14.95410688,0.255,15.59,3.53,1.03,1.26,2.24,0.57,56.4,1.07,2,18440,1825068,237084,298815872,1654,90589,416258,334066,19,95,195,6.4,334098.0,186.0,1410.0,147.6,122.39,122.23,0.03373136178222129,0.012036649317503369,big_database
57.9,0.0,26.17,0.46,1.62,2.18,0.0,0.0,87.87270833333336,68.8,484.6,1.81,332.48,0.0,5.28,26.87,702.55,4.88,4.4,92.24,2.25,62336.99,97111.28,140428.0,101460.6,7.96,0.0,0.0,42.823527017713204,43027.18,14.686610773333333,0.21600000000000003,15.27,4.21,1.25,1.5,2.68,0.58,57.04,1.01,2,18952,1691416,237132,298933632,1883,339289,421224,355880,27,88,183,6.6,355722.8,199.0,1411.0,149.4,123.18,122.49,0.03426600872689626,0.014225131011594887,big_database
61.07,0.0,27.3,0.18,1.65,2.25,0.0,0.0,92.26510416666667,69.8,2254.2,1.85,285.75,0.0,1.7,27.08,129.81,4.57,1.16,83.28,2.67,64572.1,100871.04,145579.8,104990.2,8.26,0.0,0.2,42.827633352030006,43716.7,14.921966933333335,0.221,15.25,4.06,1.17,1.43,2.62,0.58,56.93,1.0,1,18952,1784292,237296,298801536,1868,295510,429916,355612,15,92,196,6.4,355489.2,184.0,1411.0,150.65,123.87,122.72,0.03426600872689626,0.014589877960610141,big_database
53.97,0.0,27.16,0.4,1.49,1.94,0.0,0.0,84.55104166666669,54.8,1674.8,1.41,332.37,0.0,1.96,26.32,203.22,5.24,1.78,92.88,2.98,55939.06,87181.53,126035.8,90534.6,7.14,0.0,0.0,42.834829308080394,40102.1,13.688183466666667,0.237,15.84,3.86,1.09,1.33,2.42,0.57,56.68,1.06,2,18952,1719936,237288,298833472,1431,338046,391929,359126,23,83,6,6.4,359124.6,6.0,1411.0,154.44,125.11,123.12,0.034241706593047413,0.014225131011594887,big_database
59.24,0.0,27.8,0.12,1.62,1.98,0.0,0.0,90.63625000000002,57.8,462.6,1.45,82.6,0.0,7.37,25.66,182.84,3.15,3.53,23.44,1.74,61977.36,96660.57,139666.0,100253.8,7.92,0.0,0.0,42.84290530138543,43238.76,14.75883008,0.204,15.34,4.34,1.28,1.52,2.86,0.58,57.41,1.07,1,18952,1838096,237640,298703200,1492,81281,411927,334538,22,92,192,1.4,334511.2,200.0,1386.0,157.69,126.27,123.51,0.03426600872689626,0.014225131011594887,big_database
62.68,0.0,30.92,0.03,0.84,1.99,0.0,0.0,96.43635416666666,57.6,73.8,1.52,39.09,0.0,31.41,26.97,542.4,0.64,4.52,11.28,0.33,64310.2,100195.47,144903.8,103810.0,8.21,0.0,0.0,42.842271279722226,42965.66,14.665611946666665,0.21100000000000002,15.68,4.17,1.19,1.44,2.73,0.58,56.29,1.11,0,18952,1944368,238020,298618976,1920,39234,420390,336485,32,97,182,18.2,336421.4,195.0,1387.0,160.68,127.41,123.89,0.03368275751452356,0.01240139626651862,big_database
61.78,0.0,30.99,0.03,0.84,1.98,0.0,0.0,95.5859375,59.2,75.0,1.55,38.3,0.0,32.55,26.84,522.92,0.83,4.34,11.52,0.34,63237.78,98757.21,142554.0,102331.2,8.09,0.0,0.0,42.83885819304433,42436.36,14.484944213333335,0.215,15.59,4.15,1.2,1.45,2.69,0.58,56.85,1.08,0,18952,1003908,238452,299573696,1581,39253,418975,339319,9,96,189,20.2,339323.0,193.0,1386.0,163.75,128.6,124.3,0.03373136178222129,0.01240139626651862,big_database
62.38,0.0,29.96,0.05,0.84,2.0,0.0,0.0,95.1803125,60.0,75.4,1.58,38.92,0.0,32.44,27.0,528.55,0.8,4.37,11.92,0.35,64222.66,100106.71,144700.4,103798.2,8.2,0.0,0.0,42.838098885663264,42717.06,14.580756479999998,0.225,15.38,3.9,1.16,1.41,2.58,0.58,57.43,1.06,3,19456,1123232,238832,299438016,1637,40829,427006,349625,25,95,194,2.4,349464.8,193.0,1388.0,165.85,129.62,124.65,0.033707059648372416,0.01240139626651862,big_database
62.72,0.0,26.97,0.17,0.84,2.06,0.0,0.0,92.57958333333332,58.8,84.4,1.59,39.58,0.0,31.05,27.7,480.23,0.94,4.37,12.0,0.38,65070.87,101562.46,146656.4,105713.6,8.32,0.0,0.2,42.837222644945506,42777.88,14.60151637333333,0.207,15.04,4.17,1.28,1.53,2.83,0.59,57.7,1.03,1,19456,1726780,239144,298838560,1627,39659,431247,360517,42,93,192,1.8,360390.6,194.0,1388.0,168.34,130.74,125.04,0.03373136178222129,0.01240139626651862,big_database
63.54,0.0,29.37,0.06,0.84,2.19,0.0,0.0,95.938125,60.2,5071.6,1.61,181.72,0.0,0.7,27.47,36.69,1.77,0.54,56.16,2.45,67107.98,104533.23,151167.8,108452.2,8.56,0.0,0.0,42.83867292204335,43002.54,14.678200320000002,0.2,15.2,4.42,1.31,1.56,2.93,0.59,57.89,1.06,2,19456,1593112,239504,298921216,1646,192759,436903,347404,12,95,142,1.8,347340.4,201.0,1388.0,170.4,131.79,125.41,0.03373136178222129,0.01240139626651862,big_database
60.13,0.0,30.26,0.31,0.84,2.15,0.0,0.0,93.376875,49.8,732.2,1.29,316.2,0.0,5.98,26.55,442.22,5.36,3.28,88.96,2.46,63722.02,99306.57,143576.45,103083.23,8.14,0.0,0.0,42.846692726602186,42729.86,14.585125546666667,0.228,15.55,3.96,1.16,1.4,2.54,0.58,57.11,1.07,4,19456,1086564,239628,299448992,1341,321084,422391,345964,6,93,194,1.8,345888.4,193.0,1389.0,172.77,132.92,125.81,0.03375566391607015,0.01240139626651862,big_database
54.33,0.0,28.02,0.29,1.52,2.03,0.0,0.0,85.89750000000002,49.8,463.8,1.37,335.53,0.0,7.43,28.26,740.8,5.81,7.18,93.36,3.35,57464.0,89415.78,129407.6,92885.0,7.32,0.0,0.0,42.84082403985392,40776.64,13.918426453333332,0.18,15.54,5.12,1.43,1.66,3.26,0.59,58.16,1.07,1,19464,1256584,239628,299262912,1404,343006,391012,366331,24,86,195,6.6,366437.2,199.0,1411.0,175.03,134.05,126.21,0.034338915128442865,0.013860384062579636,big_database
59.66,0.0,23.45,0.52,1.6,2.22,0.0,0.0,86.93312499999998,57.0,414.4,1.5,300.97,0.0,8.07,26.91,743.72,4.49,4.08,89.52,1.77,62601.02,97596.62,141050.4,102066.8,8.0,0.0,0.0,42.838579527235474,44190.42,15.08366336,0.207,15.35,4.44,1.26,1.52,2.82,0.58,57.32,1.0,1,20232,980716,239676,299370240,1556,311726,432237,377613,22,87,192,6.4,377366.8,194.0,1409.0,173.1,134.33,126.35,0.03429031086074513,0.012036649317503369,big_database
62.67,0.0,29.61,0.07,1.65,2.07,0.0,0.0,95.9947916666667,61.2,221.4,1.65,124.96,0.0,13.31,27.53,577.94,2.39,4.41,34.16,1.01,64683.58,101073.68,145895.0,104811.8,8.28,0.0,0.0,42.8927621833337,44076.28,15.044703573333333,0.2,15.49,4.53,1.28,1.55,2.91,0.58,57.49,1.1,0,20232,1017196,239964,299184704,1666,122165,433401,355252,20,96,189,6.4,355250.2,192.0,1409.0,174.86,135.34,126.72,0.03373136178222129,0.014225131011594887,big_database
60.16,0.0,30.33,0.16,1.6,2.05,0.0,0.0,94.14510416666668,43.8,362.6,1.13,243.14,0.0,8.25,26.47,686.63,4.59,5.04,68.8,1.87,62193.66,96713.46,140077.2,100435.6,7.92,0.0,0.2,42.905912627866414,43484.54,14.842722986666667,0.209,15.76,4.42,1.23,1.49,2.75,0.57,56.39,1.12,1,20480,1165700,240056,299027296,1174,251558,418582,348457,31,94,196,6.6,348414.0,178.0,1412.0,176.63,136.36,127.1,0.034241706593047413,0.014589877960610141,big_database
58.33,0.0,30.1,0.26,1.56,2.09,0.0,0.0,92.0790625,49.2,379.6,1.31,293.85,0.0,7.01,27.22,792.68,4.1,4.17,90.24,1.64,61702.34,96089.46,139010.4,99725.2,7.87,0.0,0.0,42.9002299714265,42225.46,14.412957013333333,0.21,15.65,4.37,1.26,1.49,2.74,0.58,57.1,1.08,3,20480,1320688,240064,298865888,1320,303714,417114,363495,26,92,192,6.4,363347.4,191.0,1412.0,178.42,137.4,127.48,0.03426600872689626,0.014589877960610141,big_database
55.36,0.0,27.28,0.46,1.63,1.98,0.0,0.0,86.25458333333331,43.4,486.4,1.11,311.38,0.0,9.12,26.29,655.54,5.35,5.15,92.8,2.58,58111.2,90528.01,130940.8,94033.2,7.42,0.0,0.0,42.90370380269489,42290.54,14.435170986666668,0.198,15.45,4.57,1.3,1.54,2.96,0.59,57.48,1.06,2,21000,1504992,240100,298674272,1146,316112,402114,359514,30,86,130,1.2,359576.2,192.0,1388.0,179.59,138.33,127.83,0.03426600872689626,0.014954624909625397,big_database
62.58,0.0,29.97,0.1,0.87,2.07,0.0,0.0,95.48760416666669,57.6,961.4,1.37,134.11,0.0,3.53,24.33,142.84,2.32,1.2,42.32,1.17,63624.87,99057.29,143290.2,102909.8,8.11,0.0,0.0,42.93121426841835,43937.94,14.99748352,0.204,15.83,4.5,1.24,1.51,2.84,0.58,56.94,1.09,0,21000,1462516,240384,298434688,1434,134870,434605,365699,35,96,193,18.4,365362.6,199.0,1387.0,179.7,139.03,128.12,0.033707059648372416,0.013130890164549129,big_database
60.06,0.0,25.64,0.17,0.85,2.14,0.0,0.0,88.6909375,60.2,1771.2,1.46,148.65,0.0,2.11,24.84,85.94,3.05,0.9,45.84,1.63,64154.96,100065.22,144555.8,104412.6,8.2,0.0,0.0,42.964241861572646,43649.5,14.899029333333333,0.192,15.21,4.7,1.39,1.64,3.03,0.58,57.17,1.02,1,21256,1116036,240676,298485024,1512,154452,434081,367870,44,89,191,20.8,368129.8,194.0,1384.0,178.45,139.45,128.31,0.03373136178222129,0.012766143215533873,big_database
63.45,0.0,28.84,0.13,0.81,2.23,0.0,0.0,95.33020833333332,47.6,3497.6,1.26,227.6,0.0,0.96,27.03,66.63,3.41,0.81,69.68,2.67,66804.07,103802.05,150337.0,107794.4,8.5,0.0,0.0,43.034703308613565,42878.42,14.635834026666664,0.191,15.17,4.61,1.37,1.61,3.08,0.59,57.94,1.06,1,21768,1201328,240924,298103680,1299,233266,417565,329158,34,95,200,1.6,329157.0,196.0,1386.0,180.49,140.52,128.72,0.03368275751452356,0.012766143215533873,big_database
60.87,0.0,29.74,0.24,0.81,2.17,0.0,0.0,93.57958333333336,49.6,2889.8,1.19,270.59,0.0,1.26,24.55,95.88,4.6,1.07,78.8,2.98,63871.56,99676.12,144027.4,103501.0,8.17,0.0,0.2,43.07175295296538,42957.72,14.66290176,0.23,15.64,3.93,1.14,1.39,2.53,0.58,57.32,1.06,2,22024,1276304,241108,297947424,1206,277386,416312,335136,24,94,159,1.6,334891.6,177.0,1385.0,180.69,141.23,129.01,0.033658455380674704,0.012766143215533873,big_database
61.47,0.0,29.42,0.3,0.84,2.12,0.0,0.0,93.85249999999996,44.2,402.2,1.02,234.62,0.0,6.55,23.6,597.34,3.43,3.31,77.68,1.33,63418.74,98706.69,142871.0,102507.4,8.09,0.0,0.0,43.098639268021614,42953.82,14.66157056,0.22699999999999998,15.43,3.9,1.16,1.41,2.55,0.58,57.26,1.07,1,22280,1396724,241176,297756192,1038,237138,417608,341049,34,93,180,1.8,341004.8,192.0,1386.0,180.88,141.92,129.3,0.03368275751452356,0.012766143215533873,big_database
62.29,0.0,29.63,0.14,0.81,2.02,0.0,0.0,94.75562500000002,46.6,149.2,1.19,73.87,0.0,20.3,26.06,506.99,1.36,4.64,21.12,0.69,64845.61,101051.13,146106.8,104804.0,8.28,0.0,0.0,43.10218751141333,42457.96,14.492317013333334,0.253,15.43,3.55,1.07,1.3,2.27,0.57,56.52,1.04,3,22528,1378288,241500,297736256,1225,79219,416243,330045,17,94,196,2.0,330012.2,198.0,1383.0,182.09,142.82,129.66,0.03358554897912811,0.012766143215533873,big_database
59.81,0.0,26.93,0.36,1.63,2.22,0.0,0.0,90.58958333333334,49.3,623.35,1.29,289.72,0.0,6.02,26.87,475.93,4.02,3.01,87.35,1.84,63450.6,98942.31,142991.8,102947.4,8.11,0.0,0.0,43.118843678124435,44070.38,15.042689706666666,0.175,15.51,5.21,1.44,1.68,3.37,0.59,57.87,1.06,2,22792,1010396,241532,297693536,1342,298117,412990,340782,21,91,193,6.8,341118.4,178.0,1406.0,183.12,143.68,130.01,0.03421740445919854,0.014589877960610141,big_database
59.98,0.0,30.97,0.18,1.58,2.16,0.0,0.0,94.6907291666666,42.8,2375.4,1.02,283.05,0.0,1.64,24.45,122.02,3.81,1.17,78.24,2.61,63651.93,99041.72,143366.6,102892.8,8.11,0.0,0.0,43.19239854343584,44159.68,15.073170773333333,0.267,15.58,3.41,0.99,1.23,2.13,0.57,56.2,1.05,4,22792,1149336,241696,297489760,1815,293365,414984,330256,32,95,15,6.4,330104.8,191.0,1406.0,184.39,144.6,130.38,0.03421740445919854,0.014954624909625397,big_database
61.03,0.0,30.0,0.15,1.61,2.19,0.0,0.0,94.83541666666667,46.8,4073.0,1.23,243.2,0.0,0.79,26.99,61.14,3.55,0.72,71.36,2.75,63962.45,99665.75,144125.6,103448.8,8.16,0.0,0.0,43.201462395643645,44339.14,15.134426453333333,0.214,15.49,4.25,1.22,1.46,2.7,0.58,57.3,1.06,0,22792,1195948,241912,297314336,1258,243826,417622,336418,26,95,197,6.39,335628.34,199.0,1406.0,183.64,145.11,130.62,0.03363415324682584,0.013130890164549129,big_database
62.09,0.0,29.78,0.03,1.61,2.02,0.0,0.0,95.51281250000004,45.4,691.8,1.09,53.09,0.0,4.82,24.67,78.58,0.82,0.88,16.08,0.6,64100.57,99537.65,144263.8,103397.8,8.15,0.0,0.2,43.22183689059983,44038.14,15.03168512,0.214,15.61,4.27,1.2,1.46,2.71,0.58,57.28,1.08,0,23048,1346636,242248,297082464,1134,52438,420375,338078,27,95,196,6.4,337880.8,196.0,1408.0,181.99,145.4,130.79,0.034168800191500814,0.015319371858640646,big_database
60.31,0.0,29.57,0.14,1.61,2.14,0.0,0.0,93.62916666666666,41.4,2878.4,0.98,227.65,0.0,1.07,24.15,80.99,3.28,0.91,63.2,2.42,62986.23,98317.07,141985.83,102023.35,8.05,0.0,0.0,43.23770413694199,44201.82,15.08755456,0.226,15.67,4.11,1.15,1.39,2.54,0.57,56.69,1.07,0,23304,1542260,242460,296841184,998,235974,420064,345769,31,93,195,6.4,345770.2,196.0,1408.0,182.87,146.2,131.13,0.034168800191500814,0.015319371858640646,big_database
61.8,0.0,28.15,0.09,1.8,2.21,0.0,0.0,93.95208333333336,41.8,5403.0,1.03,226.35,0.0,0.72,25.13,42.9,2.66,0.59,70.4,2.96,64502.44,100386.61,145278.0,104352.4,8.22,0.0,0.0,43.2535341772225,44803.94,15.293078186666667,0.192,15.64,4.81,1.34,1.59,3.05,0.58,57.6,1.08,0,23304,1459372,242732,296639424,1051,231794,424619,344263,22,94,196,1.2,344272.0,181.0,1384.0,183.92,147.02,131.48,0.034168800191500814,0.015319371858640646,big_database
61.18,0.0,30.42,0.11,0.83,2.13,0.0,0.0,94.55833333333338,37.8,4183.8,0.94,239.67,0.0,1.04,25.35,58.66,3.46,0.71,72.32,2.84,62344.79,97239.36,140518.6,100859.4,7.97,0.0,0.0,43.304645434964286,43633.16,14.893451946666666,0.20199999999999999,16.15,4.54,1.21,1.49,2.87,0.58,56.5,1.12,0,23552,1591200,242992,296381344,978,243190,419014,342488,56,94,196,18.6,342246.8,193.0,1385.0,184.89,147.84,131.82,0.03360985111297698,0.01349563711356438,big_database
61.09,0.0,27.12,0.11,0.83,2.13,0.0,0.0,91.17083333333332,42.8,3435.0,1.01,202.39,0.0,1.2,24.07,60.33,3.04,0.73,58.88,2.33,62069.6,96858.04,139930.4,100880.2,7.93,0.0,0.0,43.32951427030902,44062.86,15.04012288,0.19,15.52,4.8,1.36,1.62,3.09,0.59,57.13,1.05,0,23552,1713296,243264,296130464,1077,206792,420657,351434,33,91,95,20.6,349903.8,64.0,1382.0,185.3,148.54,132.14,0.033658455380674704,0.012766143215533873,big_database
64.49,0.0,25.92,0.09,0.83,2.13,0.0,0.0,93.37197916666668,39.0,576.0,0.94,79.0,0.0,6.01,24.62,140.45,1.92,1.51,21.76,0.87,66775.11,104012.21,150454.0,108125.4,8.52,0.0,0.0,43.369687705226546,43317.1,14.785570133333335,0.142,15.13,6.18,1.75,1.99,4.2,0.6,58.81,1.06,1,23816,1461896,243544,295917152,945,84030,422629,335890,28,94,188,1.8,337436.4,196.0,1383.0,186.56,149.41,132.51,0.03363415324682584,0.012766143215533873,big_database
63.55,0.0,25.93,0.24,0.83,2.2,0.0,0.0,92.51052083333332,45.6,4293.6,1.05,251.44,0.0,0.96,23.56,59.97,3.4,0.76,72.8,3.05,64666.22,100744.25,145668.6,104800.2,8.25,0.0,0.2,43.45735657613723,43626.86,14.891301546666664,0.168,15.37,5.28,1.46,1.77,3.6,0.61,58.66,0.95,1,24328,1480460,243780,295577920,1089,259769,418570,340175,24,92,73,1.8,340460.0,133.0,1384.0,187.39,150.2,132.85,0.03363415324682584,0.012766143215533873,big_database
45.12,0.0,7.79,1.65,0.64,1.93,0.0,0.0,68.62527027027025,33.2,939.4,0.84,314.92,0.0,3.79,25.93,343.28,4.69,2.62,93.04,2.48,50734.63,78921.69,114236.0,84894.4,6.47,0.0,0.0,43.53655613251949,39559.38,13.50293504,0.172,14.85,6.08,1.59,2.17,3.55,0.61,56.47,0.74,2,24576,1719768,243808,294860320,842,322979,371531,336171,27,55,98,1.8,332619.6,88.0,1385.0,177.11,148.68,132.46,0.03363415324682584,0.012766143215533873,big_database
59.17,0.0,11.29,1.37,0.84,2.22,0.0,0.0,77.2958426966292,8.2,4764.4,0.19,361.19,0.0,0.8,23.51,77.63,5.24,1.77,96.8,7.87,55940.83,87201.3,126097.2,92287.4,7.14,0.0,0.0,43.62236090380965,45036.88,15.372588373333333,0.149,14.92,6.56,1.6,2.0,4.17,0.62,58.03,0.85,5,24576,971728,244008,295190112,208,371736,431281,414450,0,73,82,1.8,416624.2,98.0,1386.0,173.66,148.44,132.47,0.033658455380674704,0.012766143215533873,big_database
46.85,0.0,10.39,0.95,1.42,1.95,0.0,0.0,74.16027777777778,10.4,6016.2,0.26,337.77,0.0,1.97,25.77,57.49,6.83,1.38,93.12,7.36,49462.17,76942.36,111503.4,82149.2,6.3,0.0,0.0,43.708372206707466,42717.32,14.580845226666666,0.17600000000000002,14.82,5.84,1.41,1.81,3.4,0.6,55.92,0.92,1,24576,1152832,244308,294397600,266,338098,414999,421692,26,61,76,6.6,422227.4,85.0,1405.0,168.8,147.85,132.36,0.034193102325349674,0.014954624909625397,big_database
47.77,0.0,11.38,0.22,1.43,1.81,0.0,0.0,72.94565789473684,11.2,456.4,0.24,42.44,0.0,22.04,22.36,95.21,0.75,1.35,11.36,0.57,51485.52,80155.33,116107.6,85229.2,6.57,0.0,0.0,43.803565813764536,42569.78,14.530484906666667,0.23600000000000002,14.55,4.57,1.18,1.5,2.43,0.57,53.54,0.96,0,24584,6448236,244620,288717344,240,43441,412428,409728,27,63,58,6.4,408830.8,19.0,1405.0,159.05,146.18,131.9,0.034193102325349674,0.015319371858640646,big_database
46.91,0.0,12.05,0.16,1.45,1.84,0.0,0.0,74.6687837837838,9.8,94.6,0.23,33.65,0.0,59.92,23.84,364.25,0.82,3.52,9.36,0.3,54079.33,83911.54,121792.0,89229.8,6.87,0.0,0.0,43.867215514289896,42927.58,14.652613973333334,0.233,14.46,4.51,1.21,1.54,2.48,0.58,53.7,0.93,1,24584,12909680,245032,282078848,234,34451,421741,415710,0,62,74,6.4,415988.6,33.0,1404.0,149.35,144.38,131.4,0.03414449805765195,0.01349563711356438,big_database
48.63,0.0,13.55,0.23,1.48,1.93,0.0,0.0,77.56320000000002,29.2,198.4,0.77,46.89,0.0,40.24,27.07,242.02,1.35,2.62,12.56,0.5,55846.68,86799.56,125858.4,92000.6,7.11,0.0,0.2,43.893551331494855,42525.04,14.515213653333333,0.599,14.47,1.56,0.46,0.65,0.83,0.49,45.93,0.86,1,24584,19497332,245460,275490048,796,48258,433033,425445,0,66,37,6.4,424578.6,96.0,1405.0,147.72,144.12,131.38,0.03368275751452356,0.0156841188076559,big_database
47.27,0.0,18.51,0.28,1.34,1.76,0.0,0.0,74.97258823529413,12.8,1557.4,0.31,71.19,0.0,3.99,24.81,46.81,0.8,0.8,21.84,1.05,50724.44,78967.21,114235.4,83197.4,6.47,0.0,0.0,43.89407373497302,38471.52,13.13161216,0.165,13.97,5.7,1.61,1.86,3.61,0.59,55.74,0.97,0,24584,20232636,245884,274282656,312,76069,389484,377866,0,70,131,6.4,377992.2,131.0,1405.0,146.3,143.89,131.38,0.03409589378995422,0.016048865756671155,big_database
59.41,0.0,13.11,0.24,1.53,2.37,0.0,0.0,85.45134146341466,15.8,7003.6,0.4,226.73,0.0,0.39,25.82,33.15,1.78,0.62,71.92,3.79,64598.2,100774.87,145568.2,105517.8,8.26,0.0,0.0,44.0254665621151,47419.02,16.185692160000002,0.136,13.65,6.75,1.82,2.1,4.41,0.6,56.04,0.9,2,24584,19251836,246268,274523808,413,231228,469022,439211,5,76,127,4.0,438936.0,133.0,1380.0,144.84,143.63,131.36,0.03409589378995422,0.0156841188076559,big_database
62.58,0.0,14.41,0.22,0.88,2.31,0.0,0.0,80.17833333333336,16.0,8125.0,0.35,196.29,0.0,0.43,22.25,24.74,1.76,0.47,62.48,3.26,62858.75,98009.09,141589.2,102698.0,8.03,0.0,0.0,44.16074704304825,45532.32,15.54169856,0.125,13.67,7.05,1.85,2.14,4.87,0.61,56.19,0.9,1,24584,18334812,246736,274774752,387,200400,466209,443009,26,81,127,24.2,442577.0,127.0,1382.0,144.37,143.55,131.4,0.03356124684527925,0.013130890164549129,big_database
56.54,0.0,12.03,0.33,0.83,2.23,0.0,0.0,82.83860759493673,14.2,7131.6,0.31,210.63,0.0,1.02,22.48,30.24,2.18,0.52,66.96,3.24,60867.68,94781.78,137134.2,99475.6,7.76,0.0,0.0,44.28273508896843,44915.74000000001,15.331239253333335,0.149,13.43,6.45,1.78,2.09,3.95,0.59,54.78,0.89,2,24584,17472608,247160,275111136,331,216439,450198,428482,12,71,103,12.2,428362.6,128.0,1379.0,143.54,143.39,131.41,0.03356124684527925,0.013130890164549129,big_database
42.29,0.0,8.58,0.81,0.71,2.16,0.0,0.0,69.4363888888889,14.57,13417.96,0.33,258.29,0.0,0.3,23.51,19.71,1.59,0.41,82.0,4.98,55934.23,87234.11,126227.6,92818.4,7.15,0.0,0.0,44.348529832845315,41299.2,14.096793599999998,0.19899999999999998,13.72,5.73,1.6,1.89,2.81,0.56,51.37,0.98,1,24584,17169044,247584,275424416,338,267542,439695,426919,0,53,42,1.6,427415.2,29.0,1381.0,138.05,142.25,131.11,0.03356124684527925,0.013130890164549129,big_database
59.17,0.0,14.55,0.47,0.8,2.01,0.0,0.0,76.52270833333334,38.8,3211.0,0.91,121.07,0.0,1.26,24.14,38.61,0.8,0.7,36.64,2.12,57365.47,89239.96,129313.2,94054.6,7.31,0.0,0.2,44.35684197074586,43473.56,14.838975146666666,0.133,15.11,6.54,1.68,2.05,4.72,0.63,59.46,0.88,1,24584,16422256,247984,275903840,967,119182,414771,376616,0,77,125,1.8,377796.0,156.0,1382.0,140.37,142.67,131.3,0.03356124684527925,0.013130890164549129,big_database
50.71,0.0,11.63,0.4,0.69,2.01,0.0,0.0,73.74705128205127,49.0,6517.6,1.17,164.53,0.0,0.75,24.51,25.85,1.5,0.39,53.52,2.41,54215.16,84201.24,122300.8,89823.4,6.9,0.0,0.0,44.420411184688845,42212.66,14.408587946666666,0.168,15.58,6.05,1.55,1.88,3.51,0.59,57.34,0.98,1,24584,15587364,248408,276433280,1193,172092,396041,361679,0,65,189,2.0,360172.2,48.0,1383.0,139.94,142.54,131.32,0.03358554897912811,0.013130890164549129,big_database
61.12,0.0,13.92,0.29,0.79,2.14,0.0,0.0,77.97291666666662,59.4,9330.6,1.35,175.67,0.0,0.54,23.29,19.28,1.66,0.32,61.44,2.84,57829.08,90141.62,130405.0,95225.2,7.38,0.0,0.0,44.461971114884186,43636.02,14.89442816,0.299,15.19,2.86,0.82,1.13,1.95,0.58,56.01,0.86,1,24584,14816704,248824,277154624,1407,178750,404914,349942,0,78,116,1.6,351046.4,145.0,1383.0,140.02,142.51,131.38,0.03360985111297698,0.013130890164549129,big_database
52.31,0.0,22.93,0.3,1.3,1.95,0.0,0.0,78.4870833333333,68.6,9393.4,1.62,229.22,0.0,0.45,24.12,24.99,1.98,0.41,72.8,3.68,53503.61,83413.32,120574.4,87691.4,6.83,0.0,0.0,44.46599240677433,40661.94,13.87927552,0.272,14.95,3.31,0.98,1.26,2.09,0.57,55.84,0.9,0,24584,12975248,249208,278612000,1642,233393,385011,332983,2,78,193,6.6,334031.4,195.0,1405.0,141.94,142.87,131.55,0.034193102325349674,0.015319371858640646,big_database
63.64,0.0,27.01,0.07,1.61,2.23,0.0,0.0,94.49354166666667,72.8,5250.8,1.69,227.27,0.0,0.77,23.75,44.32,3.15,0.59,68.64,2.97,65847.63,102510.25,148328.8,106365.2,8.4,0.0,0.0,44.57765159438984,44593.74000000001,15.22132992,0.131,15.59,6.87,1.78,2.05,4.59,0.6,58.59,1.01,2,24584,11972148,249616,278973056,1751,235268,413726,320708,0,95,116,6.6,320538.8,191.0,1402.0,146.19,143.73,131.89,0.03397438312070991,0.01349563711356438,big_database
59.8,0.0,20.24,0.08,1.56,2.06,0.0,0.0,83.66583333333334,84.8,1272.8,2.02,69.46,0.0,3.21,24.42,55.88,1.03,0.65,22.32,0.78,60548.6,94366.36,136653.4,99248.2,7.73,0.0,0.0,44.66432349470919,43886.82,14.98003456,0.17800000000000002,16.09,5.71,1.5,1.78,3.25,0.58,56.34,1.08,0,24584,11028152,250048,279882752,2056,67470,408901,350100,0,83,26,6.4,349048.4,55.0,1404.0,141.53,142.81,131.66,0.033707059648372416,0.0156841188076559,big_database
45.86,0.0,12.37,0.35,1.44,2.11,0.0,0.0,73.43027027027026,95.8,5659.8,2.27,234.69,0.0,0.89,24.32,42.46,2.51,0.6,68.0,3.35,55430.54,86145.89,125253.2,92232.0,7.06,0.0,0.2,44.66588159345514,42584.5,14.535509333333332,0.18899999999999997,15.86,5.83,1.54,1.81,2.95,0.56,54.29,1.09,0,24584,10402716,250472,280492704,2346,248704,404314,370584,1,62,66,6.4,370337.6,136.0,1404.0,140.85,142.65,131.66,0.03407159165610536,0.0156841188076559,big_database
50.9,0.0,15.89,0.31,1.52,2.26,0.0,0.0,70.57010416666664,86.4,6563.0,2.12,283.02,0.0,0.65,25.13,44.16,3.11,0.64,85.04,4.16,60519.41,93803.12,136471.0,99726.2,7.68,0.0,0.0,44.667188361457946,44969.0,15.349418666666667,0.179,15.85,6.0,1.57,1.83,3.17,0.57,55.36,1.12,0,24584,9845560,250896,281064640,2161,285390,428860,385001,0,71,191,6.4,384986.2,71.0,1404.0,137.18,141.86,131.47,0.03407159165610536,0.016048865756671155,big_database
43.98,0.0,21.2,0.46,1.48,1.96,0.0,0.0,69.03031578947368,84.4,7252.0,2.0,293.08,0.0,0.5,24.28,41.38,2.23,0.7,85.92,4.83,51390.47,80000.64,115948.4,84938.2,6.55,0.0,0.0,44.66572441682725,37813.5,12.907008,0.42100000000000004,15.5,2.08,0.64,0.88,1.29,0.54,52.45,0.93,0,24584,8643272,251248,282279648,2071,298951,373691,334742,0,68,75,1.2,333967.8,90.0,1380.0,132.28,140.76,131.17,0.03407159165610536,0.016048865756671155,big_database
66.1,0.0,26.41,0.03,0.84,2.06,0.0,0.0,95.40291666666668,109.4,158.6,2.71,42.76,0.0,19.16,25.4,276.07,0.89,2.3,14.88,0.42,65840.91,102589.4,148289.8,106513.8,8.4,0.0,0.0,44.66138269722231,43134.2,14.723140266666665,0.12300000000000001,15.44,7.07,1.88,2.14,4.85,0.6,57.83,1.1,0,24584,7975480,251712,282985216,2793,41830,425383,338150,21,96,202,17.4,339595.6,186.0,1380.0,137.38,141.68,131.52,0.03353694471143038,0.014225131011594887,big_database
58.81,0.0,26.04,0.17,0.82,2.15,0.0,0.0,87.82125,105.4,5506.0,2.62,249.18,0.0,0.66,25.5,46.34,2.12,0.67,75.12,3.4,62224.7,96817.57,140202.8,100859.8,7.93,0.0,0.0,44.65469016196558,42736.78,14.587487573333332,0.158,15.77,6.14,1.6,1.89,3.71,0.59,56.65,1.11,0,24584,7465088,252140,283490496,2697,258110,423715,353912,18,88,90,21.8,352706.0,65.0,1378.0,141.76,142.51,131.84,0.03353694471143038,0.014225131011594887,big_database
54.47,0.0,21.13,0.38,0.8,2.19,0.0,0.0,78.5842708333333,108.8,9460.8,2.7,203.99,0.0,0.42,25.38,22.08,1.96,0.37,68.48,3.23,59592.54,92760.17,134389.0,97444.0,7.6,0.0,0.0,44.656665120463735,42517.54,14.512653653333334,0.183,15.43,5.34,1.5,1.75,3.14,0.57,55.92,1.14,2,24584,6577136,252564,284388320,2806,209327,425916,376807,1,79,147,1.8,375803.2,108.0,1381.0,143.14,142.79,131.99,0.03353694471143038,0.014225131011594887,big_database
53.09,0.0,18.56,0.52,0.78,2.3,0.0,0.0,74.7291666666667,122.4,4775.0,3.09,305.36,0.0,0.88,25.88,65.48,3.1,0.98,91.2,4.63,62820.53,97820.24,141797.6,103412.4,8.01,0.0,0.2,44.65488378534776,44203.22,15.088032426666668,0.235,15.64,4.28,1.25,1.49,2.4,0.56,55.09,1.09,2,24584,5943124,252972,285064064,3206,315189,439936,395009,0,75,92,2.0,395262.6,97.0,1383.0,143.21,142.81,132.05,0.03358554897912811,0.014225131011594887,big_database
53.75,0.0,17.16,0.3,0.74,1.9,0.0,0.0,73.54864583333334,105.8,484.0,2.7,77.26,0.0,7.35,26.13,163.46,1.38,1.99,24.8,1.02,55746.0,86712.61,125806.2,91587.4,7.1,0.0,0.0,44.64681690373129,38869.54,13.267469653333333,0.214,15.14,4.58,1.29,1.59,2.73,0.58,55.99,1.05,1,24584,5415656,253412,285592864,2704,72615,391645,349466,0,74,40,2.0,350058.0,36.0,1385.0,143.99,142.98,132.16,0.03363415324682584,0.014225131011594887,big_database
40.43,0.0,11.55,0.92,0.67,1.96,0.0,0.0,67.63438356164387,102.4,6032.8,2.51,271.18,0.0,0.65,25.08,46.03,4.0,0.65,75.92,4.16,52494.5,81521.66,118591.8,87241.6,6.68,0.0,0.0,44.6462755175686,41344.24000000001,14.112167253333334,0.233,15.44,4.67,1.29,1.57,2.38,0.56,54.33,1.09,2,24584,4613080,253764,286408448,2610,282674,406616,390816,0,55,175,1.8,390108.6,111.0,1383.0,134.86,141.1,131.62,0.03358554897912811,0.014225131011594887,big_database
51.23,0.0,14.13,0.36,1.52,2.11,0.0,0.0,69.86085106382977,118.2,8173.0,3.07,248.29,0.0,0.56,26.61,31.11,2.09,0.5,78.24,3.85,55941.2,87149.2,126259.4,92381.6,7.14,0.0,0.0,44.648910314180895,41738.52,14.24674816,0.16899999999999998,15.52,6.29,1.63,1.9,3.41,0.58,55.39,1.08,1,24584,3864072,254180,287146560,3125,253598,404276,366213,0,69,45,6.6,366156.4,80.0,1405.0,138.24,141.7,131.86,0.034168800191500814,0.016048865756671155,big_database
50.69,0.0,16.84,0.23,1.55,2.05,0.0,0.0,71.14572916666664,120.0,622.4,3.84,40.45,0.0,5.9,32.81,66.55,1.08,0.62,14.0,0.46,59470.6,92523.26,134320.2,98377.2,7.58,0.0,0.0,44.647359808508746,43487.0,14.843562666666665,0.183,15.75,5.59,1.52,1.76,3.12,0.57,55.97,1.11,0,24584,3054336,254596,287964384,3953,37217,426019,390214,0,72,129,6.4,389930.4,122.0,1405.0,137.5,141.49,131.84,0.034193102325349674,0.01641361270568641,big_database
49.38,0.0,16.27,0.37,1.46,1.82,0.0,0.0,68.93520833333332,104.6,7511.2,2.55,228.71,0.0,0.52,24.95,31.18,1.85,0.56,73.52,4.04,48922.21,76033.3,110336.0,80030.0,6.23,0.0,0.0,44.642507075036356,39170.16,13.37008128,0.158,15.81,6.16,1.54,1.85,3.84,0.61,58.24,1.09,0,24584,2400184,254980,288630976,2611,234254,360394,319929,0,69,160,6.4,320266.6,195.0,1404.0,138.9,141.71,131.97,0.034168800191500814,0.0156841188076559,big_database
38.24,0.0,14.13,0.16,1.24,1.32,0.0,0.0,54.91895833333334,76.4,52.8,2.09,24.01,0.0,45.23,28.05,465.74,0.87,3.24,9.44,0.22,38834.03,60647.59,87794.6,64081.4,4.97,0.0,0.2,44.64169006029432,30270.06,10.332180479999998,0.201,16.45,5.69,1.26,1.67,3.04,0.61,55.43,1.05,0,24584,2111696,255396,288904672,2087,23862,278030,238302,0,53,4,6.4,246786.0,4.0,1404.0,128.98,139.61,131.34,0.03397438312070991,0.013860384062579636,big_database
36.26,0.0,10.84,0.22,1.15,1.25,0.0,0.0,55.311710526315785,80.0,44.4,2.08,21.76,0.0,47.64,26.66,501.95,0.71,3.14,8.96,0.18,36239.34,56408.04,81815.2,60098.4,4.62,0.0,0.0,44.646788809358185,30329.02,10.352305493333333,0.158,15.85,6.65,1.6,1.89,3.7,0.59,56.23,1.11,2,24584,1907152,255796,289101280,2162,29153,283179,251699,0,51,139,6.4,242542.8,106.0,1406.0,129.7,139.58,131.38,0.03387717458531446,0.0156841188076559,big_database
50.48,0.0,16.81,0.4,1.47,2.15,0.0,0.0,70.91187500000002,115.4,4548.8,2.9,276.73,0.0,1.0,25.75,62.3,4.22,0.64,84.88,3.2,57339.53,89114.43,129417.8,94465.2,7.3,0.0,0.0,44.64583132275065,44290.38,15.11778304,0.161,16.17,6.54,1.64,1.9,3.6,0.58,56.01,1.13,1,24584,1656888,256204,289369472,2986,283115,429728,406775,2,70,86,4.6,407038.8,172.0,1382.0,131.17,139.72,131.47,0.03412019592380309,0.015319371858640646,big_database
58.59,0.0,26.52,0.26,0.84,2.18,0.0,0.0,88.13374999999998,129.0,1642.2,3.32,324.82,0.0,2.63,26.36,202.54,5.68,1.53,92.08,3.12,61853.14,96284.84,139450.0,100670.6,7.89,0.0,0.0,44.642964937387134,44552.52,15.207260160000002,0.177,16.43,5.57,1.38,1.69,3.33,0.59,56.41,1.13,3,24584,1263784,256640,289764704,3428,331370,428639,375380,14,89,192,23.0,376872.8,180.0,1383.0,131.55,139.66,131.49,0.03360985111297698,0.013130890164549129,big_database
43.67,0.0,11.98,0.73,0.61,1.76,0.0,0.0,69.41767123287673,109.6,4617.0,2.78,305.36,0.0,1.02,26.0,67.72,4.77,0.86,87.84,4.31,47060.2,73357.88,106140.4,77864.2,6.01,0.0,0.0,44.64219803693226,36247.64,12.372527786666666,0.18,14.62,5.11,1.41,1.76,3.29,0.59,56.43,0.94,1,24584,1893992,256928,289113536,2878,316914,331813,285241,19,58,165,12.8,285702.8,128.0,1380.0,132.63,139.75,131.56,0.03353694471143038,0.012766143215533873,big_database
63.12,0.0,25.51,0.17,0.81,2.07,0.0,0.0,91.51979166666666,167.2,2323.8,5.11,159.85,0.0,1.83,31.32,70.44,2.77,0.84,52.0,2.29,61259.38,95583.49,138091.6,99636.0,7.83,0.0,0.0,44.64744333232067,42714.28,14.579807573333332,0.245,14.91,3.54,1.08,1.37,2.36,0.58,56.46,1.01,1,24584,1363472,257336,289633888,5225,155159,409631,336725,1,92,190,1.8,335882.8,188.0,1382.0,133.38,139.79,131.62,0.03358554897912811,0.012766143215533873,big_database
61.72,0.0,17.65,0.37,0.82,2.13,0.0,0.0,82.32052083333333,199.0,2241.6,5.08,109.79,0.0,2.08,26.16,50.15,2.11,0.62,38.8,1.64,62493.07,97368.89,140781.8,102500.2,7.98,0.0,0.2,44.650198099499185,43621.74000000001,14.88955392,0.136,15.11,6.46,1.71,2.03,4.5,0.61,58.75,0.99,1,24584,1018440,257752,290010752,5255,116870,423609,362808,0,82,149,2.0,361770.2,165.0,1384.0,135.43,140.11,131.77,0.03360985111297698,0.012766143215533873,big_database
55.72,0.0,14.98,0.75,0.74,2.23,0.0,0.0,73.67041666666667,235.0,6873.6,7.11,255.77,0.17,0.68,30.96,38.1,2.83,0.62,83.6,4.55,59942.52,93437.46,135111.58,98834.73,7.65,0.0,0.0,44.64355567852961,42871.2,14.633369599999998,0.159,14.3,5.87,1.69,2.0,3.74,0.59,56.82,0.93,2,24840,1629912,258028,289391712,7394,262017,415542,362623,20,74,101,1.6,363122.6,105.0,1384.0,129.39,138.78,131.38,0.03363415324682584,0.012766143215533873,big_database
55.14,0.0,12.6,0.88,0.75,2.26,0.0,0.0,76.2497647058823,268.0,5599.6,6.78,280.9,0.0,0.92,25.89,51.37,4.21,0.72,88.08,4.92,60154.44,94152.1,135724.6,100096.4,7.71,0.0,0.0,44.64389888546585,43759.0,14.936405333333333,0.166,14.12,5.73,1.62,1.97,3.55,0.59,56.15,0.88,2,24840,1270512,258404,289773888,6874,286612,422322,374977,0,71,158,2.0,374818.4,135.0,1386.0,123.75,137.45,130.99,0.033658455380674704,0.012766143215533873,big_database
48.9,0.0,11.04,0.57,1.33,2.12,0.0,0.0,76.06945945945948,247.0,7836.6,6.35,245.98,0.0,0.53,26.33,32.14,2.5,0.53,83.84,4.46,55290.5,86539.71,124751.6,92300.6,7.09,0.0,0.0,44.63709397271672,40386.36,13.78521088,0.196,14.39,5.42,1.49,1.87,2.97,0.58,54.44,0.87,0,24840,1892384,258796,289178080,6482,248454,387142,338912,14,62,36,6.8,343606.8,29.0,1406.0,123.69,137.21,130.95,0.03421740445919854,0.014589877960610141,big_database
49.73,0.0,11.25,0.13,1.33,1.73,0.0,0.0,64.04291666666668,232.6,64.2,5.88,30.69,0.0,42.37,25.87,489.55,0.92,3.6,16.48,0.42,50179.52,78208.36,113131.2,83185.0,6.41,0.0,0.0,44.64285559712426,37928.8,12.946363733333335,0.154,14.42,6.26,1.72,2.06,3.89,0.6,56.31,0.95,0,24840,1476512,259236,289540128,6096,34079,348710,296864,1,64,5,6.4,292558.0,48.0,1406.0,128.36,137.95,131.22,0.03421740445919854,0.013860384062579636,big_database
30.61,0.0,6.45,1.36,1.13,1.67,0.0,0.0,51.14602739726028,213.4,7289.8,5.47,279.21,0.0,0.6,26.26,39.22,4.67,0.67,95.68,5.69,43290.92,67667.91,97682.8,72968.0,5.54,0.0,0.0,44.64400139196229,33484.12,11.429246293333335,0.222,13.9,5.38,1.53,1.87,2.48,0.55,49.7,1.02,2,24840,1210668,259576,289794496,5547,289274,311732,261697,0,39,29,6.4,264771.0,30.0,1406.0,122.41,136.56,130.81,0.03421740445919854,0.01349563711356438,big_database
46.81,0.0,12.74,0.58,1.38,1.91,0.0,0.0,69.91537500000001,259.2,7292.6,6.52,219.61,0.0,0.61,25.76,30.84,2.64,0.58,86.24,4.7,51121.4,79595.48,115228.2,84649.6,6.52,0.0,0.2,44.6436164231201,40069.84,13.677172053333333,0.17,15.22,5.57,1.47,1.81,3.52,0.6,57.6,0.96,0,25096,1917084,259852,289127072,6865,223115,368822,318655,19,63,173,6.4,315055.6,77.0,1408.0,121.17,136.07,130.68,0.03363415324682584,0.011671902368488113,big_database
59.8,0.0,18.64,0.35,1.54,2.23,0.0,0.0,82.20427083333334,377.2,6611.4,9.92,201.13,0.0,0.69,26.92,31.15,2.66,0.55,82.56,4.19,60783.78,94699.24,137045.2,99604.0,7.76,0.0,0.0,44.642560985860406,44619.76,15.23021141333333,0.141,15.48,6.56,1.69,2.0,4.3,0.61,58.35,1.02,0,25096,1536356,260260,289471424,10119,206578,415476,353427,1,82,192,6.4,354476.2,175.0,1408.0,117.0,134.95,130.35,0.034168800191500814,0.01349563711356438,big_database
48.67,0.0,12.03,0.23,1.29,1.55,0.0,0.0,63.53697916666667,279.0,1699.6,7.24,74.01,0.0,2.57,26.56,44.59,1.78,0.72,36.08,1.62,44031.58,68318.92,99222.2,72359.6,5.6,0.0,0.0,44.64689511239154,33561.64,11.455706453333333,0.146,15.55,6.15,1.56,1.91,4.2,0.61,58.14,1.01,0,25096,1241408,260676,289773952,7500,70655,318669,275512,2,64,88,2.2,274730.6,82.0,1384.0,112.03,133.63,129.94,0.034168800191500814,0.01349563711356438,big_database
42.22,0.0,12.47,1.1,0.62,1.72,0.0,0.0,57.026875,325.4,5084.4,8.8,181.23,0.0,0.76,27.7,36.5,2.92,0.64,71.76,4.02,46785.38,73002.34,105538.0,77495.0,5.98,0.0,0.0,44.64183812523362,34497.36,11.77509888,0.23199999999999998,14.58,5.06,1.37,1.73,2.39,0.55,50.2,1.03,0,25352,1939488,260932,289072128,8930,193338,333739,285835,48,56,6,25.4,287273.0,38.0,1384.0,106.1,132.04,129.45,0.033658455380674704,0.011671902368488113,big_database
32.79,0.0,8.06,1.13,0.52,1.6,0.0,0.0,53.455068493150684,319.6,8256.4,8.34,274.6,0.0,0.5,26.73,34.06,3.23,0.62,94.88,5.87,40487.39,62902.57,91410.8,67696.2,5.15,0.0,0.0,44.64708797646633,30729.4,10.488968533333336,0.195,15.72,5.85,1.45,1.87,2.98,0.58,54.93,1.04,1,25352,1658740,261308,289343296,8368,279277,302020,270730,10,42,6,13.0,277253.6,5.0,1383.0,105.21,131.42,129.27,0.03360985111297698,0.012036649317503369,big_database
29.35,0.0,6.26,1.27,0.45,1.36,0.0,0.0,46.983150684931495,258.2,7725.8,6.73,245.6,0.0,0.51,26.7,32.55,2.92,0.57,94.64,4.94,32979.08,51092.68,74524.8,55288.2,4.19,0.0,0.0,44.648667335818956,27952.18,9.541010773333333,0.221,15.62,5.19,1.35,2.06,2.64,0.58,52.48,1.15,2,25352,1439996,261676,289547520,7041,251923,263312,238233,1,37,4,2.0,235454.4,34.0,1387.0,104.88,130.92,129.11,0.03368275751452356,0.012036649317503369,big_database
25.54,0.0,5.75,0.8,0.38,0.93,0.0,0.0,40.305342465753405,207.6,1086.4,5.63,42.09,0.0,4.1,27.77,39.67,1.02,0.63,20.48,0.86,26355.73,40983.8,59575.0,44330.4,3.36,0.0,0.2,44.648997634529714,23944.58,8.173083306666665,0.28300000000000003,15.62,3.83,0.97,1.36,2.07,0.59,52.5,0.98,1,25352,1135096,262088,289890944,5938,36773,209464,173324,0,33,73,1.6,170300.4,5.0,1387.0,104.89,130.49,128.98,0.033707059648372416,0.012036649317503369,big_database
15.62,0.0,4.25,1.36,0.28,0.77,0.0,0.0,41.5175,121.0,10041.2,3.12,234.7,0.0,0.43,26.39,23.94,2.24,0.53,88.72,5.32,15948.07,24782.65,36099.6,27003.6,2.03,0.0,0.0,44.63761182035061,13303.96,4.541085013333333,0.314,16.99,3.78,0.78,1.25,1.96,0.62,48.62,1.3,2,25352,1918912,262372,289143200,2961,248591,140955,118136,34,20,3,2.0,123719.2,5.0,1389.0,97.29,128.49,128.34,0.03373136178222129,0.012036649317503369,big_database
8.76,0.0,1.27,0.94,0.18,0.38,0.0,0.0,41.433333333333344,58.8,3409.0,1.52,91.25,0.0,1.22,26.54,27.41,0.83,0.49,33.92,1.7,7766.8,11941.9,17592.2,13695.8,0.98,0.0,0.0,44.63258216825841,10292.74,3.513255253333333,0.217,16.42,5.65,1.21,1.81,2.86,0.62,49.17,1.27,1,25352,1781620,262772,289314336,1762,85380,89895,65284,0,11,16,2.0,59410.6,21.0,1391.0,89.9,126.44,127.68,0.033804268183767874,0.012036649317503369,big_database
17.98,0.0,3.66,0.22,0.78,0.63,0.0,0.0,35.096111111111114,133.2,39.0,3.39,11.18,0.0,53.12,26.08,293.44,0.75,1.74,8.32,0.16,17814.72,27722.42,40399.2,30508.0,2.27,0.0,0.0,44.629847143071814,17564.2,5.995246933333332,0.23199999999999998,16.28,5.33,1.18,1.73,2.65,0.61,49.57,1.19,0,25352,1476292,263184,289609472,3469,11249,153558,124774,0,23,40,7.0,126373.6,25.0,1415.0,83.5,124.5,127.05,0.03436321726229172,0.01349563711356438,big_database
21.91,0.0,4.94,0.23,0.89,0.74,0.0,0.0,34.0521052631579,167.6,38.6,4.32,13.26,0.0,51.75,26.41,351.81,0.63,2.49,8.96,0.2,20658.27,32126.12,46695.2,34746.0,2.63,0.0,0.0,44.62975298895657,24057.78,8.21172224,0.213,15.76,4.68,1.18,1.57,2.82,0.6,55.54,1.0,0,25352,1247156,263584,289841856,4493,14619,169265,138379,0,29,131,6.4,135676.6,71.0,1411.0,77.45,122.57,126.41,0.034338915128442865,0.013130890164549129,big_database
22.63,0.0,5.82,0.85,0.89,0.88,0.0,0.0,35.5491304347826,175.0,632.0,4.63,122.59,0.0,5.73,27.07,198.62,2.09,1.83,51.92,1.47,22610.99,34910.1,51018.8,37823.6,2.86,0.0,0.0,44.62697544255661,18896.58,6.450032639999999,0.24600000000000002,17.39,5.58,1.0,1.71,2.63,0.65,47.35,1.53,0,25352,1012580,263864,290096736,4488,124282,173949,144518,1,28,4,6.4,152600.4,9.0,1411.0,82.3,122.83,126.47,0.034338915128442865,0.012766143215533873,big_database
25.71,0.0,9.43,0.58,0.98,1.11,0.0,0.0,44.24671232876712,242.0,88.6,6.19,42.37,0.0,28.78,26.2,489.7,3.5,7.38,22.08,1.49,31030.04,48383.31,70091.6,52352.8,3.96,0.0,0.2,44.62389796974114,26957.44,9.201472853333334,0.33899999999999997,15.07,2.95,0.86,1.15,1.61,0.55,51.42,0.95,11,25352,979564,264136,290117312,6768,50850,256219,229417,24,39,81,6.4,218094.8,85.0,1413.0,79.95,121.67,126.08,0.03429031086074513,0.010577661521442351,big_database
64.15,0.0,25.65,0.45,1.59,2.13,0.0,0.0,93.52166666666668,529.2,546.0,13.38,124.35,0.0,6.02,25.89,233.22,5.66,4.71,58.96,5.5,65273.09,101606.79,146990.0,105716.0,8.32,0.0,0.0,44.634289091251055,43991.64,15.01581312,0.139,15.39,6.44,1.74,2.01,4.24,0.59,57.73,1.07,0,25352,1421208,264368,289625184,13665,120933,426551,355869,22,94,195,6.4,358514.0,197.0,1413.0,89.17,122.88,126.45,0.0338528724514656,0.01240139626651862,big_database
46.47,0.0,16.18,0.5,1.35,1.79,0.0,0.0,65.78249999999997,414.4,4034.8,10.5,145.63,0.0,1.1,25.94,36.96,1.81,0.66,60.72,3.26,50055.29,77623.2,112852.2,82223.2,6.36,0.0,0.0,44.637172940684344,35959.86,12.27429888,0.225,16.24,5.2,1.2,1.61,2.65,0.59,52.84,1.12,1,25600,1886060,264664,289178176,10603,155121,353778,312374,32,65,6,4.0,316319.8,5.0,1389.0,97.8,124.11,126.83,0.03429031086074513,0.012766143215533873,big_database
29.18,0.0,7.76,0.89,0.48,1.23,0.0,0.0,46.576986301369885,248.2,8114.6,6.44,247.31,0.0,0.48,26.58,31.21,2.49,0.63,94.48,5.56,28782.5,44862.38,65134.0,48243.0,3.68,0.0,0.0,44.63670217010809,29189.76,9.96343808,0.20800000000000002,16.12,5.64,1.22,1.67,2.87,0.6,53.14,1.07,1,25600,1438460,265116,289599488,6600,251961,244842,223906,15,39,74,25.8,222151.8,17.0,1389.0,91.73,122.42,126.26,0.033779966049919015,0.010577661521442351,big_database
23.32,0.0,4.8,0.92,0.37,1.0,0.0,0.0,37.37013888888888,207.6,6672.0,5.36,217.49,0.0,0.67,26.43,33.38,2.44,0.69,86.88,4.97,23903.45,37255.13,54069.6,40583.6,3.05,0.0,0.0,44.64246607243777,22518.32,7.686253226666667,0.237,15.6,4.78,1.12,1.58,2.55,0.6,52.3,1.0,0,25600,1085408,265544,289949056,5384,217662,205182,182149,8,29,8,10.8,182971.8,34.0,1388.0,84.87,120.49,125.62,0.03373136178222129,0.010577661521442351,big_database
14.28,0.0,3.31,0.48,0.24,0.54,0.0,0.0,67.5,125.2,1186.6,3.49,26.45,0.0,2.77,28.56,22.83,1.05,0.42,14.0,0.57,13885.08,21506.88,31415.4,23766.4,1.76,0.0,0.0,44.63533769474431,13912.28,4.748724906666666,0.24100000000000002,16.1,4.95,1.16,1.61,2.48,0.6,50.94,1.11,2,25600,1828972,265804,289223584,3635,32621,125808,98818,38,18,4,1.6,96920.4,181.0,1390.0,80.79,119.05,125.13,0.033779966049919015,0.010577661521442351,big_database
36.0,0.0,11.52,1.89,0.54,1.47,0.0,0.0,57.205068493150684,325.0,1445.8,8.43,186.65,0.0,2.11,26.56,132.2,8.5,2.27,82.08,5.97,37578.65,58266.57,84770.8,62204.4,4.77,0.0,0.2,44.63972269486997,29326.42,10.010084693333333,0.248,16.42,4.25,1.08,1.45,2.37,0.59,53.52,1.11,1,25600,1352808,266004,289694176,8506,185212,283126,255392,0,49,3,1.8,262988.0,3.0,1391.0,87.7,119.85,125.35,0.033804268183767874,0.010577661521442351,big_database
13.04,0.0,2.31,1.01,0.22,0.51,0.0,0.0,51.30500000000001,110.4,543.0,2.78,65.9,0.0,6.96,25.75,124.28,2.29,1.71,24.32,1.17,12786.64,19933.74,29043.4,22170.6,1.63,0.0,0.0,44.638453892236214,13840.679999999997,4.724285439999999,0.268,16.02,4.64,1.1,1.6,2.25,0.6,46.29,1.33,2,25600,1120084,266392,289946368,2912,78002,116511,86899,0,16,9,1.6,85933.6,4.0,1391.0,82.03,118.14,124.77,0.033804268183767874,0.010577661521442351,big_database
17.84,0.0,3.82,0.81,0.28,0.64,0.0,0.0,42.84,163.8,429.2,4.12,55.16,0.0,7.94,25.79,131.6,0.85,0.93,22.4,0.51,17344.5,27052.4,39265.6,29432.0,2.22,0.0,0.0,44.63547133284338,16236.820000000003,5.542167893333334,0.23,16.34,5.02,1.11,1.63,2.66,0.61,51.11,1.11,1,25864,1855964,266652,289228896,4222,46206,153250,131073,18,23,24,1.8,130847.8,18.0,1389.0,88.52,118.88,124.97,0.03373136178222129,0.010577661521442351,big_database
28.68,0.0,7.43,0.37,1.04,0.94,0.0,0.0,43.1378082191781,265.0,44.2,6.69,16.48,0.0,50.89,25.83,381.74,0.8,2.51,13.52,0.32,27700.89,43132.05,62530.4,46103.0,3.53,0.0,0.0,44.632128861751916,30236.36,10.320677546666666,0.18,15.51,5.31,1.35,1.71,3.4,0.61,56.66,1.03,0,25864,1326460,267048,289646208,7264,17567,212497,167742,1,40,135,6.8,158467.2,190.0,1412.0,83.35,117.31,124.43,0.034314612994593985,0.01240139626651862,big_database
31.01,0.0,7.75,0.12,1.0,1.01,0.0,0.0,45.918783783783766,275.2,41.6,7.2,17.94,0.0,51.52,26.78,441.69,0.67,2.72,14.24,0.29,28835.24,44996.06,65227.8,48103.8,3.69,0.0,0.0,44.649061416349724,25674.34,8.763508053333334,0.22699999999999998,16.32,5.33,1.13,1.64,2.7,0.61,50.77,1.14,0,25864,1003772,267452,289978784,7148,18185,220660,186132,0,40,13,6.4,188089.8,102.0,1412.0,77.64,115.56,123.83,0.03436321726229172,0.012036649317503369,big_database
13.96,0.0,2.87,0.52,0.72,0.61,0.0,0.0,92.96,115.2,7898.4,3.11,215.72,0.0,0.46,27.66,27.97,1.86,0.49,68.88,3.95,12370.08,19279.13,28144.8,21458.8,1.58,0.0,0.0,44.654296081434815,16461.34,5.618804053333332,0.19,15.63,6.21,1.38,1.9,3.26,0.62,52.74,1.14,0,26120,1725724,267720,289206432,3049,220478,122353,101691,38,17,6,6.6,108536.0,2.0,1412.0,73.98,114.17,123.33,0.034338915128442865,0.012036649317503369,big_database
36.1,0.0,6.78,0.17,1.1,1.34,0.0,0.0,55.91739726027398,472.6,189.0,19.45,32.51,0.04,19.85,42.15,176.12,1.84,1.62,23.12,1.05,38539.74,60031.18,86907.4,64266.4,4.92,0.0,0.2,44.66239257603913,33437.96,11.413490346666665,0.204,14.89,5.05,1.34,1.73,2.89,0.59,54.18,1.01,0,26120,1297544,268148,289607808,20187,40753,276274,225485,1,47,74,6.4,217820.4,93.0,1414.0,69.34,112.54,122.76,0.034047289522256496,0.0102129145724271,big_database
39.57,0.0,7.41,1.87,1.24,1.74,0.0,0.0,60.99453333333335,443.2,3002.2,13.78,248.49,0.14,1.46,31.83,84.76,6.07,1.33,85.52,6.31,45074.65,70285.32,101603.2,75651.0,5.76,0.0,0.0,44.66095900370368,36468.2,12.447812266666665,0.213,14.82,5.2,1.4,1.9,2.81,0.6,54.03,0.81,0,26376,1121512,268448,289813056,14034,247206,349408,324420,14,49,10,6.4,327137.4,15.0,1414.0,67.71,111.49,122.36,0.03414449805765195,0.011671902368488113,big_database
28.18,0.0,6.03,0.5,0.9,0.97,0.0,0.0,43.47999999999999,276.2,345.0,7.72,43.79,0.0,9.45,28.62,129.98,2.69,2.15,23.44,1.47,27847.15,43556.25,62843.6,46575.2,3.57,0.0,0.0,44.67019294076485,27884.140000000007,9.517786453333336,0.20199999999999999,14.87,4.85,1.25,1.66,2.95,0.6,54.6,0.93,3,26376,1437936,268676,289289632,7986,51986,261912,268544,27,37,128,3.0,262172.6,106.0,1389.0,67.65,110.75,122.06,0.034314612994593985,0.011307155419472859,big_database
35.62,0.0,8.17,0.95,0.58,1.34,0.0,0.0,53.38905405405406,321.6,189.6,9.06,81.4,0.0,18.35,28.85,439.61,4.86,7.81,40.4,3.01,36964.77,57651.22,83354.8,61772.8,4.72,0.0,0.0,44.714666333381345,26417.52,9.01718016,0.27699999999999997,14.74,3.68,1.03,1.51,2.07,0.57,50.33,0.99,0,26376,968720,269072,289611776,9005,76313,310805,318808,8,44,14,15.6,327121.6,13.0,1389.0,67.68,110.04,121.77,0.03382857031761674,0.009483420674396592,big_database
31.51,0.0,6.27,0.38,0.49,1.15,0.0,0.0,47.3390410958904,361.0,50.0,10.11,20.07,0.0,43.82,28.67,411.12,0.9,2.89,17.44,0.42,33706.55,52558.48,75957.0,56447.6,4.31,0.0,0.0,44.73455790884317,28194.94,9.623872853333337,0.226,14.16,4.17,1.2,1.62,2.65,0.6,53.7,0.95,0,26376,1216956,269332,289288384,10734,21982,296076,293583,31,40,80,1.2,285048.2,60.0,1389.0,68.83,109.57,121.56,0.03375566391607015,0.009483420674396592,big_database
46.65,0.0,11.68,0.46,0.69,1.56,0.0,0.0,63.93735632183907,459.4,62.2,12.63,28.21,0.0,38.29,28.15,464.36,0.78,3.66,21.36,0.56,45131.54,70524.05,101822.4,74843.0,5.78,0.0,0.0,44.7418601679269,33296.4,11.3651712,0.255,14.55,3.64,1.0,1.38,2.34,0.6,53.9,1.02,1,28424,1463720,269568,289036864,12486,27598,361521,362166,435,60,8,1.8,371844.8,3.0,1392.0,74.21,110.01,121.64,0.033804268183767874,0.009483420674396592,big_database
22.65,0.0,5.35,1.23,0.43,0.89,0.0,0.0,37.20777777777776,237.4,6196.0,6.55,194.21,0.0,0.63,28.24,32.1,2.05,0.67,66.24,4.44,21300.29,33393.27,48114.4,35947.6,2.74,0.0,0.2,44.746677213952395,21734.14,7.418586453333332,0.38,15.5,2.86,0.64,1.11,1.55,0.59,51.46,1.01,4,28424,987716,269900,289445792,6764,207174,235080,261182,0,30,30,2.0,259720.6,24.0,1394.0,68.99,108.33,121.03,0.0338528724514656,0.009483420674396592,big_database
18.68,0.0,4.23,2.12,0.37,0.73,0.0,0.0,34.49249999999999,203.8,5957.6,4.92,240.66,0.0,0.39,24.73,41.37,5.13,0.91,98.48,6.24,14782.99,23225.06,33444.0,24973.4,1.9,0.0,0.0,44.76463483351464,16901.32,5.768983893333332,0.276,15.42,3.85,0.86,1.36,2.2,0.61,55.42,1.01,2,28424,1790212,269944,288781760,5270,246321,197340,231961,26,25,32,1.6,227130.4,124.0,1394.0,65.22,106.9,120.5,0.03387717458531446,0.009483420674396592,big_database
35.63,0.0,8.19,2.15,0.57,1.34,0.0,0.0,55.68917808219177,331.2,3906.0,9.17,240.25,0.0,0.94,28.36,62.98,5.76,1.49,98.08,7.52,32927.77,51264.76,74281.2,54953.4,4.2,0.0,0.0,44.74982909889121,29851.78,10.189407573333332,0.341,14.46,2.85,0.75,1.12,1.68,0.57,52.59,0.9,2,28424,1062388,270232,289147264,9246,244717,314966,356555,0,45,6,2.0,359814.0,6.0,1396.0,64.0,105.96,120.12,0.033901476719163326,0.009483420674396592,big_database
42.06,0.0,11.34,1.7,1.29,1.58,0.0,0.0,65.71013333333335,423.0,2627.2,11.43,179.13,0.0,1.31,27.67,69.82,8.03,2.04,97.36,8.3,40839.9,63653.22,92103.8,67560.2,5.21,0.0,0.0,44.80744686158138,32550.840000000004,11.110686720000002,0.249,14.49,3.94,1.03,1.38,2.35,0.59,54.02,0.99,3,28672,1337296,270368,288799104,11770,182580,353796,369232,20,56,30,6.6,368175.8,128.0,1415.0,68.49,106.19,120.12,0.034387519396140584,0.011671902368488113,big_database
40.46,0.0,11.33,1.58,1.24,1.55,0.0,0.0,63.60605263157896,378.2,2366.4,10.58,197.24,0.0,1.79,28.65,85.35,6.55,2.3,97.44,7.65,38662.41,60193.3,87222.4,64030.2,4.93,0.0,0.0,44.81454562628697,35200.56,12.01512448,0.28800000000000003,14.34,3.31,0.87,1.19,2.02,0.58,54.04,0.96,0,28936,1877824,270528,288237344,11458,197242,349344,368739,31,55,133,6.4,365478.0,70.0,1415.0,73.57,106.62,120.18,0.0344361236638383,0.012036649317503369,big_database
46.48,0.0,12.33,0.32,1.38,1.59,0.0,0.0,63.26119565217391,484.8,59.4,14.41,27.16,0.0,38.25,30.44,468.23,0.93,3.29,23.44,0.62,44660.67,69622.36,100775.0,73684.4,5.7,0.0,0.0,44.81607411204506,36984.06,12.62389248,0.221,14.23,4.41,1.14,1.46,2.7,0.6,55.6,1.02,0,28936,1330436,270940,288751680,15220,27733,380950,391305,0,61,134,6.4,390838.4,73.0,1415.0,75.21,106.41,120.04,0.0344361236638383,0.012036649317503369,big_database
41.88,0.0,11.63,1.53,1.33,1.66,0.0,0.0,65.81040000000002,467.2,3611.8,13.19,230.71,0.04,0.98,28.9,65.41,6.2,1.39,95.68,7.6,42395.65,66010.11,95768.8,70036.4,5.41,0.0,0.2,44.81860488354617,36665.96,12.515314346666667,0.262,14.62,3.77,0.96,1.28,2.23,0.59,54.81,0.95,2,29192,1646936,271100,288442528,12518,243008,365492,376046,21,57,44,6.4,377683.8,82.0,1416.0,69.91,104.79,119.45,0.034411821529989436,0.0102129145724271,big_database
43.34,0.0,10.71,1.8,1.35,1.61,0.0,0.0,64.26075949367089,424.4,3198.8,11.94,222.13,0.0,1.02,28.81,71.11,7.79,1.58,97.84,8.02,40354.62,62889.47,91132.8,66850.0,5.15,0.0,0.0,44.81746744108933,36217.78,12.362335573333333,0.263,14.68,3.75,0.93,1.28,2.25,0.59,55.17,0.93,5,29192,972548,271376,289135200,12310,226178,360181,371002,0,58,124,6.4,369198.4,116.0,1416.0,72.16,104.68,119.33,0.0338528724514656,0.01240139626651862,big_database
42.0,0.0,10.07,2.08,1.25,1.68,0.0,0.0,63.025512820512816,439.2,1675.2,22.64,195.86,0.27,1.84,52.8,119.73,8.76,2.83,98.8,8.27,41221.21,64192.99,93002.0,68291.6,5.26,0.0,0.0,44.8155190583495,35129.94,11.991019520000002,0.184,14.57,5.37,1.35,1.73,3.26,0.6,55.99,0.91,1,29448,1475136,271560,288612000,22966,202869,351728,369783,32,55,56,3.2,372483.4,103.0,1391.0,75.75,104.88,119.32,0.03436321726229172,0.012766143215533873,big_database
39.57,0.0,8.55,1.79,0.62,1.6,0.0,0.0,60.87527027027026,452.6,1983.6,18.42,139.63,0.22,1.69,41.67,72.08,5.31,1.76,74.08,5.83,43594.62,68061.45,98317.8,73063.8,5.58,0.0,0.0,44.821543403110894,34437.72,11.754741760000002,0.223,13.93,4.77,1.43,1.81,2.57,0.57,52.55,0.83,0,29696,1838948,271772,288256064,20657,135140,371354,378028,53,51,48,24.8,375820.0,52.0,1389.0,71.12,103.44,118.77,0.033804268183767874,0.010942408470457606,big_database
18.25,0.0,2.59,0.73,0.34,0.82,0.0,0.0,49.871,242.8,2371.4,8.59,108.02,0.0,1.94,36.22,46.64,1.36,0.76,43.92,2.09,25032.39,39136.22,56445.6,42278.6,3.21,0.0,0.0,44.81575672155978,16878.920000000002,5.761338026666667,0.4,17.18,3.28,0.7,1.35,1.51,0.6,48.2,1.0,1,29696,1517736,272180,288612896,6925,117942,223629,219760,0,22,9,1.2,225660.6,7.0,1324.0,66.47,101.94,118.2,0.032176025215894084,0.010942408470457606,big_database
5.29,0.0,0.81,1.52,0.17,0.18,0.0,0.0,65.5625,11.0,2689.4,0.23,211.7,0.0,0.77,21.67,80.61,4.38,2.79,99.84,7.38,648.51,1014.27,1484.8,1118.6,0.08,0.0,0.0,44.80998446684891,4892.980000000001,1.6701371733333334,0.64,25.09,2.36,0.16,0.87,1.06,0.68,51.26,1.03,2,29696,1261044,272396,288895840,204,213202,90410,129984,1,6,6,1.8,131237.2,6.0,1262.0,61.87,100.4,117.62,0.03064499078341574,0.010942408470457606,big_database
4.83,0.0,1.27,1.65,0.18,0.22,0.0,0.0,64.73400000000001,1.2,2444.6,0.02,210.5,0.0,0.51,14.67,88.18,7.67,4.13,98.8,9.54,85.47,149.72,201.2,164.8,0.01,0.0,0.2,44.80392291602585,4729.440000000001,1.61431552,0.721,25.41,2.09,0.13,0.73,0.9,0.65,48.96,0.94,2,29960,1450800,272372,288717280,23,215874,86689,126142,31,7,9,2.0,126069.2,5.0,1264.0,57.39,98.83,117.02,0.03069359505111346,0.010942408470457606,big_database
5.4,0.0,0.89,1.35,0.16,0.14,0.0,0.0,56.42666666666668,1.8,2499.8,0.04,112.07,0.0,0.68,20.89,45.91,14.67,2.28,54.88,5.61,157.32,228.7,346.4,270.2,0.02,0.0,0.0,44.802295720308216,4897.88,1.6718097066666666,0.542,28.72,2.61,0.13,1.79,1.32,0.72,50.41,1.14,1,30472,1769672,272376,288401664,47,110050,87404,126554,37,6,5,1.8,126652.4,6.0,1262.0,53.36,97.3,116.43,0.0306692929172646,0.010942408470457606,big_database
5.22,0.0,0.9,1.3,0.17,0.11,0.0,0.0,61.35166666666667,0.6,155.0,0.01,118.01,0.0,10.92,17.33,779.61,11.33,28.0,41.92,4.31,67.1,106.01,152.2,121.0,0.01,0.0,0.0,44.80304136015643,4745.14,1.6196744533333334,0.595,27.51,2.66,0.12,0.73,1.17,0.7,46.72,1.36,2,30472,1429312,272456,288740704,14,127914,84335,124953,0,6,8,6.0,124796.4,10.0,1282.0,49.72,95.82,115.84,0.0306692929172646,0.010942408470457606,big_database
4.45,0.0,1.26,1.59,0.55,0.12,0.0,0.0,69.46000000000001,0.8,646.0,0.02,183.87,0.0,3.18,31.0,291.46,35.75,15.69,99.84,10.03,52.84,79.96,118.4,93.8,0.01,0.0,0.0,44.80261235148612,4758.480000000001,1.62422784,0.5379999999999999,27.92,3.26,0.17,0.94,1.33,0.72,50.04,1.11,2,30720,1370024,272400,288808672,25,188013,87035,127709,37,6,6,2.2,127676.0,1.0,1271.0,46.3,94.35,115.26,0.031203939861939575,0.012766143215533873,big_database
4.59,0.0,0.88,0.73,0.49,0.07,0.0,0.0,52.42,2.2,135.0,0.04,56.46,0.0,12.56,17.09,428.24,8.82,23.74,32.88,3.13,116.9,189.32,271.4,219.0,0.02,0.0,0.0,44.80076571593536,4800.16,1.6384546133333333,0.528,28.4,3.41,0.17,0.88,1.35,0.71,47.87,1.31,1,30720,1052480,272552,289127840,85,51107,86670,126533,26,6,6,6.4,126533.6,6.0,1281.0,43.0,92.86,114.67,0.031131033460392987,0.01349563711356438,big_database
4.84,0.0,1.31,0.85,0.5,0.14,0.0,0.0,60.645,1.2,2925.4,0.02,164.16,0.0,0.59,18.67,57.46,10.33,2.41,70.8,6.9,69.64,112.27,159.8,129.6,0.01,0.0,0.0,44.8034916294334,5030.92,1.7172206933333334,0.573,27.12,2.85,0.13,0.73,1.22,0.7,43.44,1.3,1,30720,1634160,272516,288532864,24,174448,93559,135445,21,7,7,8.2,134987.4,7.0,1282.0,40.11,91.44,114.09,0.031203939861939575,0.01349563711356438,big_database
4.75,0.0,1.09,1.15,0.52,0.12,0.0,0.0,72.645,1.2,2678.6,0.03,144.34,0.0,0.51,22.67,55.18,5.5,3.79,100.0,10.02,92.12,146.72,210.2,164.6,0.01,0.0,0.2,44.80197377397865,4883.4,1.6668671999999998,0.599,26.1,2.61,0.12,0.68,1.14,0.68,44.9,1.15,2,30720,1411388,272644,288767008,27,146830,92397,134076,0,7,6,6.4,134392.0,3.0,1282.0,37.22,89.98,113.5,0.031203939861939575,0.01349563711356438,big_database
4.46,0.0,1.64,1.06,0.49,0.17,0.0,0.0,55.56666666666667,1.4,4953.0,0.04,180.58,0.0,0.21,31.43,37.33,4.71,2.04,99.92,9.79,42.11,78.56,101.0,84.4,0.01,0.0,0.0,44.80006867175955,5020.92,1.71380736,0.47,24.8,3.4,0.17,0.95,1.58,0.74,50.75,1.02,2,30984,1469904,272600,288711712,45,184998,92573,131172,41,6,5,6.4,131257.0,3.0,1284.0,34.8,88.61,112.92,0.031203939861939575,0.011307155419472859,big_database
4.3,0.0,0.93,1.1,0.42,0.13,0.0,0.0,63.7925,0.4,3667.2,0.01,170.61,0.0,0.33,18.0,47.64,5.0,2.89,100.0,10.38,57.29,94.66,133.4,110.8,0.01,0.0,0.0,44.799259250091325,4658.7,1.5901696,0.449,30.58,4.62,0.17,1.0,1.61,0.72,51.16,1.0,2,30984,1125052,272712,289058976,16,174848,90465,129581,9,6,5,7.0,129312.4,7.0,1260.0,32.57,87.25,112.36,0.03064499078341574,0.013130890164549129,big_database
4.28,0.0,1.03,1.12,0.21,0.19,0.0,0.0,75.25666666666667,0.8,5007.2,0.03,165.27,0.0,0.16,41.0,33.8,4.0,2.12,100.0,10.41,44.81,73.08,103.6,80.0,0.01,0.0,0.0,44.78059699327946,4890.980000000001,1.6694545066666666,0.42,25.34,3.67,0.17,0.94,1.82,0.76,52.7,0.96,2,30984,995704,272856,289290048,83,170755,91105,130568,12,5,3,11.6,130737.6,3.0,1259.0,30.53,85.92,111.79,0.030596386515718013,0.011307155419472859,big_database
4.36,0.0,1.27,0.97,0.22,0.27,0.0,0.0,76.04,0.2,7124.8,0.01,199.35,0.0,0.13,28.0,28.65,5.0,1.5,99.04,10.11,29.62,49.57,75.0,64.0,0.0,0.0,0.0,44.7827329249424,4663.980000000001,1.59197184,0.5429999999999999,22.31,2.75,0.13,0.78,1.31,0.71,48.66,1.0,2,30984,1395148,272780,288880192,6,206060,94050,132672,24,6,6,1.2,132422.4,6.0,1259.0,28.4,84.56,111.21,0.030596386515718013,0.011307155419472859,big_database
4.63,0.0,1.14,1.46,0.22,0.21,0.0,0.0,65.108,1.0,4433.8,0.05,179.47,0.0,0.33,48.8,41.45,4.2,2.34,99.84,10.13,58.71,86.4,129.4,105.0,0.01,0.0,0.0,44.785065517217035,4548.42,1.55252736,0.5529999999999999,25.83,2.62,0.12,0.75,1.3,0.72,48.02,0.9,2,31240,1839324,272756,288422688,51,181883,91113,131902,37,7,6,2.0,132204.4,9.0,1263.0,26.61,83.25,110.64,0.03064499078341574,0.011307155419472859,big_database
4.47,0.0,0.84,2.18,0.16,0.13,0.0,0.0,72.11666666666667,1.6,984.6,0.02,184.59,0.0,1.62,15.5,191.97,22.62,9.99,100.0,9.77,54.92,91.75,127.6,101.4,0.01,0.0,0.2,44.786661581332034,4115.04,1.40460032,0.618,25.89,2.25,0.12,0.71,1.13,0.7,46.49,0.93,3,31496,1443656,272768,288805376,34,188670,86392,127901,19,5,9,1.8,127951.2,11.0,1264.0,25.04,81.99,110.09,0.03069359505111346,0.011307155419472859,big_database
4.63,0.0,1.08,2.02,0.17,0.16,0.0,0.0,74.3575,1.0,359.4,0.02,179.06,0.0,4.72,21.6,510.18,49.8,27.33,100.0,9.79,37.72,62.76,88.4,70.0,0.01,0.0,0.0,44.78906858573003,4243.66,1.4485026133333332,0.5770000000000001,26.65,2.47,0.13,0.75,1.24,0.71,47.5,1.03,1,31496,1059756,272756,289185792,18,185576,85498,127168,14,6,9,2.0,127108.8,3.0,1266.0,23.75,80.78,109.54,0.03076650145266005,0.010942408470457606,big_database
4.39,0.0,1.15,1.81,0.15,0.18,0.0,0.0,79.16666666666667,0.2,1094.4,0.0,172.37,0.0,1.58,8.0,161.28,8.0,9.81,99.84,10.57,38.07,59.62,86.6,67.6,0.0,0.0,0.0,44.78922879958742,4301.02,1.468081493333333,0.49700000000000005,25.93,3.01,0.13,0.83,1.47,0.73,49.57,0.98,2,31744,1128784,272716,289105728,11,177345,85326,125877,28,6,6,1.6,125699.6,3.0,1263.0,22.49,79.57,109.0,0.03069359505111346,0.010942408470457606,big_database
4.18,0.0,1.27,1.26,0.53,0.13,0.0,0.0,65.285,0.8,413.2,0.01,194.86,0.0,2.27,16.0,482.91,42.0,24.45,100.0,9.96,46.27,83.87,111.0,89.8,0.01,0.0,0.0,44.79268668540081,4144.86,1.4147788799999998,0.5479999999999999,26.31,2.82,0.13,0.78,1.28,0.7,47.85,1.02,3,31744,1258448,272620,288964448,13,198634,85458,125003,35,6,6,6.6,125055.0,6.0,1285.0,21.01,78.31,108.44,0.031228241995788438,0.012766143215533873,big_database
12.84,0.0,2.62,4.37,0.68,0.61,0.0,0.0,65.744,216.4,358.4,4.34,181.42,0.0,5.03,20.55,518.36,14.49,25.07,100.0,12.09,14506.63,22680.87,32690.4,24480.6,1.86,0.0,0.0,44.79416201964222,17221.9,5.878408533333333,0.23800000000000002,15.2,4.67,1.47,1.77,2.27,0.54,51.57,0.96,15,31744,1273316,272720,288915808,5123,183230,166498,168419,54,18,44,6.4,163833.8,39.0,1285.0,19.73,77.1,107.88,0.031228241995788438,0.012766143215533873,big_database
39.82,0.0,7.7,8.77,1.17,2.0,0.0,0.0,62.71378378378377,883.6,1029.2,18.28,192.01,0.0,2.8,21.18,191.04,10.96,5.15,100.08,14.12,57218.03,89120.35,128806.8,96333.4,7.3,0.0,0.0,44.80407098096515,35955.240000000005,12.272721920000002,0.205,14.32,5.09,1.69,1.94,2.68,0.55,53.8,0.85,6,32264,1644000,272704,288516352,18869,196994,385670,306760,78,51,53,10.6,303838.6,6.0,1282.0,22.87,76.79,107.62,0.031203939861939575,0.012036649317503369,big_database
42.84,0.0,8.31,6.25,1.21,2.14,0.0,0.0,66.58250000000001,905.6,1712.0,19.33,194.59,0.0,1.92,21.86,116.39,6.32,3.47,100.16,11.57,60121.53,93707.54,135381.0,101184.8,7.68,0.0,0.2,44.80534206152106,36953.38,12.613420373333332,0.20800000000000002,14.09,4.9,1.65,1.89,2.64,0.55,53.76,0.83,2,32264,1246360,272900,288892960,19554,201633,406417,332977,36,55,63,6.4,332647.6,56.0,1282.0,26.01,76.55,107.37,0.031203939861939575,0.012036649317503369,big_database
41.54,0.0,8.47,7.0,1.22,2.14,0.0,0.0,64.71118421052631,841.4,1309.2,16.65,168.89,0.0,2.34,20.26,132.1,7.89,4.31,100.16,12.15,60403.2,94355.57,136119.2,101817.2,7.73,0.0,0.0,44.80697988754202,36576.88,12.484908373333333,0.21899999999999997,14.0,4.71,1.63,1.86,2.47,0.54,52.56,0.87,18,33032,1491952,272908,288647616,17087,171093,404552,325681,79,53,40,6.4,328041.4,56.0,1284.0,27.93,76.11,107.06,0.0310581270588464,0.0102129145724271,big_database
39.71,0.0,7.84,10.39,1.13,2.2,0.0,0.0,60.984025974025975,819.2,246.8,16.91,167.58,0.0,4.93,21.14,695.31,12.13,12.54,100.08,12.8,59309.83,92959.86,133803.0,100238.2,7.62,0.0,0.0,44.806950274554154,36214.38,12.36117504,0.20600000000000002,14.28,5.05,1.7,1.96,2.68,0.55,53.11,0.87,8,33032,980184,272836,289180384,17306,171154,405735,330411,68,51,55,5.0,328192.4,55.0,1260.0,31.06,75.96,106.85,0.03083940785420664,0.012036649317503369,big_database
