68.2,0.0,28.62,0.02,0.62,0.51,0.0,0.0,97.95239583333333,0.0,159.4,0.0,131.08,0.0,22.4,0.0,842.04,0.0,13.26,32.24,1.97,142644.51,787.49,100660.6,12215.0,11.69,0.0,0.0,21.13250012509589,25163.1,8.589004800000001,0.096,14.76,6.13,1.94,2.15,7.75,0.75,71.34,0.6,0,0,297702304,112536,117142768,1663,137310,163351,209351,0,98,196,16.6,210142.8,191.0,1317.0,133.96,132.74,93.7,0.03186009747585887,0.005471204235228803,big_database
68.69,0.0,27.31,0.01,0.61,0.51,0.0,0.0,97.12374999999996,0.0,163.2,0.0,134.06,0.0,23.88,0.0,841.18,0.0,13.31,33.36,2.05,142730.13,786.9,100762.8,12205.0,11.69,0.0,0.0,21.170293890681148,25490.3,8.700689066666667,0.094,14.61,6.22,1.94,2.16,7.97,0.75,71.37,0.57,0,0,296876928,113044,117867648,0,137419,172849,220844,0,97,178,13.4,220536.2,196.0,1318.0,138.53,133.7,94.23,0.03200591027895204,0.007294938980305071,big_database
67.71,0.0,27.93,0.01,0.63,0.51,0.0,0.0,96.78427083333328,0.0,165.0,0.0,134.12,0.0,25.14,0.0,832.34,0.0,13.78,33.68,2.14,142483.23,785.97,100543.2,12182.2,11.67,0.0,0.0,21.190243173503944,26072.78,8.899508906666666,0.095,14.57,6.3,1.93,2.15,7.84,0.74,71.16,0.54,0,0,295338944,113520,118568856,0,136245,169893,217285,0,97,192,15.8,217123.6,170.0,1320.0,138.73,133.83,94.48,0.03200591027895204,0.007659685929320323,big_database
66.81,0.0,28.51,0.06,0.6,0.55,0.0,0.0,96.46364583333332,0.0,223.95,0.0,197.28,0.0,18.87,0.0,902.06,0.0,18.63,48.38,3.98,139831.01,775.26,98690.4,11981.8,11.45,0.0,0.2,21.348584578907488,25729.78,8.782431573333332,0.095,14.58,6.25,1.92,2.13,7.75,0.74,70.87,0.53,0,0,293826624,113976,119256280,0,199303,164567,231621,0,97,191,25.0,231906.8,189.0,1322.0,143.48,134.89,95.03,0.032078816680498626,0.007659685929320323,big_database
64.55,0.0,26.59,0.21,0.58,0.55,0.0,0.0,92.27458333333334,0.0,287.8,0.0,253.74,0.0,14.19,0.0,902.8,0.0,20.27,62.24,5.66,133109.26,742.52,93929.0,11434.4,10.9,0.0,0.0,21.506506087329306,24415.94,8.333974186666666,0.10300000000000001,14.94,5.86,1.83,2.03,7.14,0.74,70.77,0.58,1,0,292171968,114384,120125504,0,268230,157850,239435,0,92,194,9.4,239304.8,188.0,1321.0,147.92,135.96,95.59,0.032103118814347485,0.007659685929320323,big_database
67.12,0.0,29.94,0.03,0.61,0.56,0.0,0.0,98.22739583333328,0.0,264.0,0.0,237.94,0.0,14.12,0.0,922.93,0.0,21.98,58.96,5.53,142683.55,792.27,100704.2,12225.6,11.69,0.0,0.0,21.653045578108927,26232.7,8.954094933333334,0.105,15.2,5.84,1.84,2.04,7.03,0.74,70.94,0.64,0,0,290219808,114784,121347848,0,235342,158491,195241,0,98,197,15.8,194888.6,192.0,1321.0,151.69,136.94,96.13,0.032103118814347485,0.007294938980305071,big_database
68.06,0.0,29.38,0.01,0.58,0.51,0.0,0.0,98.54562499999996,0.0,170.4,0.0,142.0,0.0,21.62,0.0,853.31,0.0,15.39,35.04,2.48,144013.84,799.18,101657.0,12355.6,11.8,0.0,0.0,21.792971501599446,25977.22,8.866891093333333,0.105,15.18,5.81,1.86,2.05,7.07,0.74,71.1,0.62,1,0,288244320,115280,122600336,5,149518,156827,195462,0,98,192,9.4,195338.2,196.0,1321.0,154.84,137.83,96.64,0.032103118814347485,0.007294938980305071,big_database
67.45,0.0,29.93,0.01,0.6,0.49,0.0,0.0,98.46749999999996,0.0,162.2,0.0,134.57,0.0,22.61,0.0,849.54,0.0,14.31,34.0,2.22,142486.79,792.59,100582.2,12190.4,11.67,0.0,0.0,21.931924752334815,26058.86,8.894757546666666,0.106,15.29,5.82,1.84,2.03,7.0,0.74,70.73,0.65,0,0,286274304,116288,123851528,133,135073,154645,199045,0,98,195,22.6,199133.2,104.0,1324.0,158.22,138.82,97.18,0.032103118814347485,0.007294938980305071,big_database
68.59,0.0,28.06,0.01,0.61,0.53,0.0,0.0,97.79958333333332,0.0,166.2,0.0,134.28,0.0,26.59,0.0,827.33,0.0,12.81,33.2,1.96,142624.37,793.84,100705.0,12262.6,11.68,0.0,0.0,22.06911565063873,26111.5,8.912725333333334,0.098,14.76,6.12,1.89,2.11,7.59,0.74,71.12,0.59,0,0,284515872,116780,124860080,0,136460,163274,202258,0,98,144,9.4,202629.0,193.0,1326.0,161.48,139.82,97.72,0.032176025215894084,0.006930192031289818,big_database
69.2,0.0,28.12,0.01,0.61,0.48,0.0,0.0,98.41489583333332,0.0,158.4,0.0,132.29,0.0,22.73,0.0,855.23,0.0,13.97,32.88,2.07,142753.22,797.34,100829.34,12298.2,11.69,0.0,0.2,22.21369688768257,25454.8,8.688571733333333,0.094,14.53,6.24,1.97,2.17,7.92,0.75,71.71,0.51,0,0,282949088,117280,125614016,0,138411,162175,204856,0,98,192,15.77,204180.84,179.0,1324.0,161.44,140.17,98.06,0.032176025215894084,0.006930192031289818,big_database
67.71,0.0,29.3,0.01,0.6,0.52,0.0,0.0,98.14270833333336,0.0,162.2,0.0,134.4,0.0,19.54,0.0,848.52,0.0,13.94,33.28,2.13,143474.43,795.17,101305.8,12263.8,11.75,0.0,0.0,22.36514605998817,25608.58,8.741061973333334,0.095,14.56,6.28,1.95,2.15,7.86,0.75,71.43,0.55,1,0,281372672,117740,126349824,0,138829,161835,201311,0,98,197,12.4,200769.4,195.0,1326.0,164.05,141.06,98.58,0.032176025215894084,0.007294938980305071,big_database
60.85,0.0,25.59,0.21,0.56,0.52,0.0,0.0,87.52666666666666,0.2,300.0,0.0,279.33,0.0,10.39,4.0,953.44,23.0,21.24,67.6,6.17,125652.37,701.36,88719.4,10822.4,10.29,0.0,0.0,22.526237676725952,20627.72,7.040928426666667,0.102,14.96,6.04,1.8,2.08,7.27,0.74,71.21,0.5,2,0,279989440,118068,126975328,1,289322,154723,238518,0,87,3,12.8,225156.8,193.0,1324.0,164.85,141.61,98.98,0.032176025215894084,0.007294938980305071,big_database
42.36,0.0,18.19,0.63,0.45,0.44,0.0,0.0,61.44104166666665,0.0,290.6,0.0,267.19,0.0,10.03,0.0,941.51,0.0,22.45,64.64,6.28,85864.39,486.92,60694.0,7468.6,7.03,0.0,0.0,22.666752822744176,19611.94,6.6942088533333335,0.122,15.89,5.3,1.65,1.88,6.05,0.74,70.47,0.68,0,0,278108288,118380,128068160,0,268094,150649,213344,0,62,190,16.0,227293.0,198.0,1326.0,152.37,139.41,98.5,0.032176025215894084,0.006930192031289818,big_database
68.85,0.0,27.77,0.01,0.63,0.53,0.0,0.0,97.77645833333332,0.0,161.6,0.0,132.64,0.0,23.05,0.0,840.52,0.0,13.67,32.96,2.07,142338.52,803.63,100561.6,12381.2,11.66,0.0,0.0,22.819015213254897,25715.78,8.777652906666667,0.096,14.85,6.21,1.94,2.14,7.75,0.74,71.32,0.59,0,0,276716928,118884,128976480,1,134822,171550,225032,0,98,177,9.4,225048.0,196.0,1325.0,155.94,140.36,99.03,0.032176025215894084,0.007294938980305071,big_database
47.85,0.0,20.69,0.56,0.48,0.46,0.0,0.0,69.4846875,0.2,294.0,0.0,270.29,0.0,14.53,4.0,941.42,22.0,21.86,65.84,6.18,97998.94,552.69,69258.2,8532.4,8.03,0.0,0.0,22.912165524149504,18551.68,6.3323067733333325,0.10300000000000001,15.43,6.1,1.79,2.05,7.24,0.74,70.97,0.53,0,0,275623712,119240,129456896,1,277601,152300,222439,0,70,195,17.8,222390.4,196.0,1327.0,159.15,141.29,99.55,0.032200327349742944,0.007294938980305071,big_database
69.29,0.0,28.49,0.01,0.59,0.5,0.0,0.0,98.88104166666665,0.0,158.8,0.0,132.68,0.0,21.15,0.0,855.54,0.0,13.85,32.8,2.09,142602.47,797.34,100596.0,12275.8,11.68,0.0,0.2,23.028281086784506,25496.38,8.702764373333332,0.094,14.86,6.31,1.94,2.15,7.95,0.75,71.46,0.56,0,0,274108768,119692,130169584,0,136123,152216,181324,0,99,169,9.0,181343.0,192.0,1325.0,162.02,142.18,100.06,0.032200327349742944,0.007659685929320323,big_database
68.56,0.0,29.01,0.0,0.59,0.5,0.0,0.0,98.66020833333334,0.0,162.2,0.0,133.78,0.0,21.79,0.0,844.6,0.0,13.91,33.36,2.08,143099.39,795.64,101001.0,12251.4,11.72,0.0,0.0,23.184084127613147,25709.32,8.775447893333334,0.107,15.22,5.67,1.84,2.03,6.9,0.74,70.99,0.67,1,0,272086048,120176,131426480,0,139340,155153,193435,0,99,193,15.8,193304.2,187.0,1325.0,165.22,143.17,100.61,0.03222462948359181,0.007659685929320323,big_database
68.35,0.0,29.47,0.01,0.6,0.51,0.0,0.0,98.93124999999998,0.0,170.46,0.0,140.2,0.0,23.61,0.0,842.23,0.0,13.99,34.89,2.27,143411.53,796.55,101223.6,12315.0,11.75,0.0,0.0,23.32601841912659,25679.5,8.765269333333334,0.107,15.26,5.68,1.83,2.02,6.9,0.74,70.84,0.67,5,0,270017856,120704,132764096,0,145774,152055,184735,0,99,163,10.8,185041.0,199.0,1327.0,167.61,144.03,101.12,0.032200327349742944,0.007659685929320323,big_database
39.64,0.0,18.28,0.74,0.44,0.53,0.0,0.0,58.88520833333333,0.2,427.2,0.0,413.77,0.0,6.19,4.0,991.81,22.0,24.53,99.68,10.19,81282.55,470.07,57490.8,7112.2,6.66,0.0,0.0,23.465112901034843,16913.64,5.77318912,0.15,16.03,4.39,1.37,1.59,4.86,0.73,69.92,0.65,1,0,267310272,121008,134335504,28,427999,156027,242737,0,59,181,14.4,242235.4,115.0,1325.0,170.12,144.95,101.64,0.032200327349742944,0.007294938980305071,big_database
68.37,0.0,29.55,0.0,0.59,0.51,0.0,0.0,99.02770833333336,0.0,179.4,0.0,152.47,0.0,21.11,0.0,870.3,0.0,16.47,37.92,2.77,144113.85,801.58,101679.4,12313.4,11.81,0.0,0.0,23.67936666475068,25502.58,8.704880639999999,0.106,15.12,5.74,1.86,2.06,7.05,0.74,70.91,0.64,1,0,265559408,121484,135593856,1,152451,152241,181111,0,99,195,13.8,181468.0,179.0,1326.0,171.95,145.74,102.14,0.03224893161744067,0.007294938980305071,big_database
28.52,0.0,12.52,1.01,0.36,0.44,0.0,0.0,41.8409375,0.2,380.0,0.0,370.51,0.0,5.66,4.0,998.44,24.0,24.25,89.28,8.93,55522.78,319.34,39321.8,4911.0,4.55,0.0,0.0,23.773212501206352,12795.58,4.367557973333333,0.157,16.56,4.55,1.27,1.54,4.66,0.73,69.15,0.64,0,0,263648144,121704,136843360,1,375370,152426,246880,0,42,194,11.4,246846.6,188.0,1325.0,174.28,146.66,102.67,0.032200327349742944,0.008024432878335578,big_database
68.52,0.0,29.46,0.01,0.58,0.5,0.0,0.0,99.06302083333335,0.0,178.0,0.0,144.04,0.0,26.87,0.0,828.64,0.0,14.62,35.68,2.44,143777.98,800.81,101469.4,12337.8,11.78,0.0,0.2,23.89243287172253,24843.04,8.479757653333333,0.094,14.78,6.23,1.99,2.18,7.96,0.75,71.53,0.61,0,0,262845952,122172,137609792,0,144411,151944,181512,0,100,194,16.2,181522.4,193.0,1325.0,176.02,147.48,103.17,0.03234614015283612,0.008024432878335578,big_database
68.08,0.0,28.0,0.02,0.62,0.54,0.0,0.0,97.25270833333329,0.2,189.4,0.0,161.46,0.0,18.5,4.0,872.95,25.0,15.11,40.24,2.73,142380.66,790.25,100475.45,12214.77,11.66,0.0,0.0,23.89752023117569,23882.4,8.1518592,0.10099999999999999,14.57,5.92,1.85,2.06,7.3,0.74,71.33,0.53,1,0,261052368,122612,138667248,1,173738,164010,205812,0,97,192,8.98,204557.49,192.0,1325.0,177.7,148.3,103.67,0.032200327349742944,0.008024432878335578,big_database
63.27,0.0,24.44,0.13,0.58,0.51,0.0,0.0,88.79000000000002,0.0,194.0,0.0,167.69,0.0,20.23,0.0,885.13,0.0,17.58,41.36,3.23,129199.22,723.82,91245.4,11128.6,10.58,0.0,0.0,24.044913183451623,25802.98,8.807417173333333,0.09699999999999999,14.42,6.06,1.89,2.09,7.61,0.74,71.49,0.53,0,0,259211456,123064,139672048,0,167212,165734,242020,0,88,196,16.2,236235.8,197.0,1325.0,164.19,145.99,103.16,0.03224893161744067,0.008389179827350832,big_database
69.03,0.0,27.41,0.01,0.63,0.51,0.0,0.0,97.58218749999996,0.0,161.8,0.0,133.36,0.0,18.61,0.0,843.99,0.0,14.41,32.88,2.21,141360.31,785.21,99734.8,12099.0,11.58,0.0,0.0,24.20869122970361,25679.28,8.76519424,0.094,14.61,6.27,1.91,2.13,7.9,0.75,71.41,0.54,0,0,257517296,123536,140535424,0,132681,165317,211703,0,98,197,12.0,217521.6,191.0,1326.0,166.74,146.82,103.66,0.032200327349742944,0.008389179827350832,big_database
65.61,0.0,27.74,0.1,0.6,0.49,0.0,0.0,94.42937499999996,0.0,194.0,0.0,164.31,0.0,19.03,0.0,867.27,0.0,16.36,40.64,3.06,135684.93,754.28,95794.0,11645.4,11.12,0.0,0.0,24.36690962731144,24789.34,8.461428053333334,0.10400000000000001,14.98,5.82,1.84,2.04,7.12,0.74,70.97,0.6,1,0,255788448,123980,141510816,0,170961,163297,239747,0,95,192,13.2,240132.0,185.0,1325.0,164.68,146.72,103.86,0.03222462948359181,0.008389179827350832,big_database
67.55,0.0,30.3,0.0,0.58,0.51,0.0,0.0,98.94562500000002,0.0,164.8,0.0,135.49,0.0,22.92,0.0,841.86,0.0,13.96,33.6,2.16,142930.1,795.4,100910.4,12256.0,11.71,0.0,0.0,24.509601707591184,25465.2,8.6921216,0.107,15.17,5.66,1.85,2.03,6.89,0.74,70.64,0.65,1,0,253756304,124444,142821200,0,136034,151731,189014,0,99,182,14.6,189344.0,202.0,1329.0,166.95,147.49,104.34,0.032200327349742944,0.008389179827350832,big_database
35.97,0.0,16.7,0.78,0.4,0.49,0.0,0.0,53.55958333333334,0.0,341.6,0.0,332.73,0.0,4.85,0.0,997.42,0.0,23.71,79.76,7.86,73115.74,414.14,51715.0,6339.8,5.99,0.0,0.2,24.643166913150502,13224.920000000002,4.514106026666667,0.22,17.55,3.47,0.96,1.18,3.24,0.71,67.3,0.68,2,0,251009936,124580,144384352,0,349354,154335,247764,0,52,4,12.2,245542.0,4.0,1325.0,169.19,148.28,104.83,0.032200327349742944,0.008389179827350832,big_database
38.35,0.0,17.92,0.65,0.41,0.45,0.0,0.0,57.13885416666666,0.0,299.6,0.0,278.28,0.0,12.91,0.0,951.12,0.0,22.37,67.2,6.48,78695.76,442.44,55543.0,6807.4,6.45,0.0,0.0,24.886709440476263,18496.56,6.313492480000002,0.124,15.59,5.1,1.63,1.84,5.95,0.74,70.33,0.65,1,0,248493696,124848,145884000,0,277574,152151,222971,0,58,194,15.8,224859.8,196.0,1325.0,156.28,145.95,104.31,0.03222462948359181,0.008389179827350832,big_database
35.66,0.0,14.38,0.87,0.43,0.45,0.0,0.0,50.91614583333336,0.0,305.8,0.0,291.54,0.0,8.55,0.0,976.26,0.0,22.47,70.16,6.63,70884.29,409.94,50190.6,6260.2,5.81,0.0,0.0,25.051423712729115,11872.24,4.052391253333333,0.132,16.44,5.33,1.36,1.83,5.63,0.74,68.56,0.55,2,0,248170944,125072,146237344,0,306753,165959,253068,0,50,4,9.4,250971.0,8.0,1325.0,159.62,146.82,104.81,0.032200327349742944,0.008753926776366085,big_database
53.61,0.0,21.67,0.4,0.47,0.45,0.0,0.0,76.20937500000002,0.0,226.2,0.0,202.51,0.0,15.47,0.0,916.75,0.0,18.96,49.04,4.09,106872.18,602.27,75452.4,9240.4,8.75,0.0,0.0,25.04563171602633,21854.94,7.45981952,0.09300000000000001,15.05,6.29,1.96,2.17,8.13,0.75,71.58,0.57,1,0,247644352,125428,146771088,0,202369,149061,197231,0,78,196,15.8,198747.6,194.0,1325.0,147.4,144.5,104.29,0.032200327349742944,0.008753926776366085,big_database
69.42,0.0,28.58,0.01,0.59,0.49,0.0,0.0,99.07124999999998,0.0,162.0,0.0,133.93,0.0,22.78,0.0,846.58,0.0,13.7,32.88,2.07,141696.0,787.36,100024.2,12172.4,11.61,0.0,0.0,25.045346975758427,24833.72,8.476576426666666,0.09300000000000001,14.82,6.25,1.97,2.18,8.05,0.75,71.2,0.55,2,0,246690912,125880,147515200,0,137047,149845,182810,0,99,193,12.8,182934.2,193.0,1327.0,151.37,145.37,104.79,0.032200327349742944,0.008753926776366085,big_database
68.49,0.0,28.46,0.02,0.6,0.55,0.0,0.0,98.0940625,0.0,240.4,0.0,212.88,0.0,16.18,0.0,906.8,0.0,19.33,51.92,4.48,141856.12,790.14,100118.8,12177.6,11.62,0.0,0.0,25.098265385067172,26067.68,8.897768106666666,0.099,14.68,6.1,1.92,2.15,7.55,0.74,70.99,0.56,1,0,245026112,126280,148351152,0,216343,158673,197071,0,99,198,15.0,196722.6,176.0,1325.0,155.27,146.27,105.3,0.032200327349742944,0.008753926776366085,big_database
68.15,0.0,28.55,0.01,0.61,0.52,0.0,0.0,97.8319791666667,0.0,161.08,0.0,133.22,0.0,22.33,0.0,846.9,0.0,14.07,33.37,2.13,142222.01,792.4,100347.4,12217.8,11.65,0.0,0.2,25.255890004302998,25808.32,8.809239893333332,0.094,14.6,6.27,1.93,2.14,7.91,0.75,71.0,0.54,1,0,243406592,126736,149119040,0,134031,162560,202547,0,98,194,13.8,202531.4,196.0,1326.0,156.45,146.67,105.64,0.032200327349742944,0.008389179827350832,big_database
68.02,0.0,28.36,0.02,0.61,0.51,0.0,0.0,97.4933333333333,0.0,170.2,0.0,133.9,0.0,24.96,0.0,805.6,0.0,12.9,33.6,2.06,142601.75,787.76,100674.2,12177.0,11.68,0.0,0.0,25.41909629209705,26062.98,8.89616384,0.106,14.89,5.72,1.83,2.03,6.96,0.74,70.79,0.63,1,0,241439584,127252,150281952,0,137162,171696,221065,0,97,193,11.2,221088.4,195.0,1325.0,156.33,146.81,105.91,0.032200327349742944,0.008389179827350832,big_database
67.93,0.0,29.36,0.02,0.61,0.52,0.0,0.0,98.41635416666668,0.0,160.8,0.0,131.78,0.0,23.06,0.0,839.16,0.0,12.87,32.64,1.92,142697.64,799.65,100701.8,12227.4,11.69,0.0,0.0,25.571204543209408,25684.92,8.76711936,0.107,15.05,5.7,1.84,2.03,6.93,0.74,70.48,0.63,0,0,239530560,127732,151567536,0,138750,157531,195512,0,98,187,16.2,195883.6,193.0,1325.0,156.87,147.08,106.22,0.032200327349742944,0.008024432878335578,big_database
67.31,0.0,30.19,0.01,0.58,0.49,0.0,0.0,98.563125,0.0,161.6,0.0,133.72,0.0,21.17,0.0,847.32,0.0,14.05,33.28,2.14,141669.23,788.11,99957.29,12168.26,11.61,0.0,0.0,25.675596399880728,25268.5,8.624981333333333,0.107,15.15,5.65,1.85,2.03,6.92,0.74,70.61,0.66,1,0,238016208,128220,152978128,1,137278,152511,192825,0,98,193,9.0,192576.4,190.0,1325.0,160.4,147.97,106.73,0.032200327349742944,0.008024432878335578,big_database
67.11,0.0,30.6,0.0,0.58,0.49,0.0,0.0,98.78322916666669,0.0,161.0,0.0,132.19,0.0,24.06,0.0,840.76,0.0,13.67,32.64,2.07,143044.2,795.22,100939.6,12252.2,11.72,0.0,0.0,25.695997470595252,25259.0,8.621738666666667,0.109,15.0,5.54,1.83,2.0,6.8,0.74,71.06,0.65,0,0,236301760,128732,154484080,0,135672,152753,184412,0,99,196,16.2,184661.2,193.0,1325.0,161.33,148.37,107.08,0.032200327349742944,0.008024432878335578,big_database
64.6,0.0,28.58,0.08,0.6,0.54,0.0,0.0,94.32499999999992,0.6,251.6,0.0,230.21,0.0,14.31,4.0,936.95,21.67,17.7,56.08,4.29,136338.48,770.05,96258.8,11729.8,11.17,0.0,0.0,25.740657652827505,22671.6,7.7385728,0.132,15.47,4.89,1.56,1.73,5.53,0.73,70.16,0.64,3,0,234103200,129108,156030000,5,241948,161225,225199,0,92,5,9.8,222995.8,4.0,1325.0,163.87,149.11,107.54,0.032200327349742944,0.008024432878335578,big_database
22.21,0.0,10.83,1.33,0.32,0.41,0.0,0.0,34.412289156626514,0.0,424.4,0.0,416.86,0.0,5.77,0.0,1005.8,0.0,24.91,99.84,10.28,42772.42,257.63,30386.2,3859.0,3.5,0.0,0.2,25.893821341199562,13036.66,4.449846613333333,0.16899999999999998,16.34,4.05,1.24,1.43,4.22,0.71,68.96,0.68,1,0,230495056,129184,158356352,0,426574,159710,279423,0,34,5,17.0,278847.8,5.0,1325.0,151.54,146.8,107.01,0.032200327349742944,0.008024432878335578,big_database
52.09,0.0,22.27,0.43,0.52,0.52,0.0,0.0,75.4117708333333,0.2,324.8,0.0,306.66,0.0,9.48,4.0,966.82,23.0,23.03,74.0,7.21,105665.27,599.85,74652.2,9208.8,8.66,0.0,0.0,26.109922499773536,21574.42,7.364068693333333,0.12,15.5,5.35,1.65,1.85,6.11,0.74,70.19,0.7,1,0,228483616,129432,159883120,1,306270,158039,237261,0,77,192,13.4,237552.4,124.0,1324.0,155.34,147.67,107.51,0.032200327349742944,0.008024432878335578,big_database
51.9,0.0,23.27,0.38,0.52,0.5,0.0,0.0,76.19541666666667,0.2,273.0,0.0,248.09,0.0,16.72,4.0,930.57,24.0,20.03,60.56,5.26,108014.46,606.99,76345.8,9327.4,8.85,0.0,0.0,26.20610396573337,18377.92,6.272996693333334,0.166,16.17,4.1,1.3,1.47,4.34,0.72,69.04,0.69,2,0,225758368,129728,161752592,1,262309,159831,228008,0,75,4,12.0,228105.4,5.0,1325.0,158.76,148.51,108.0,0.032176025215894084,0.008024432878335578,big_database
27.6,0.0,13.15,1.03,0.38,0.39,0.0,0.0,41.52510416666668,0.0,336.8,0.0,324.61,0.0,6.5,0.0,986.94,0.0,24.51,77.84,8.0,55300.49,315.86,39093.6,4879.4,4.53,0.0,0.0,26.399084214553838,15388.5,5.252608,0.156,16.14,4.31,1.38,1.57,4.66,0.73,69.58,0.69,0,0,222102864,129924,164116064,0,324780,153579,235027,0,44,185,15.8,237286.0,196.0,1325.0,146.77,146.19,107.46,0.03222462948359181,0.008389179827350832,big_database
68.43,0.0,29.01,0.01,0.59,0.52,0.0,0.0,98.55010416666669,0.0,162.2,0.0,133.5,0.0,22.61,0.0,842.82,0.0,13.64,32.8,2.06,141869.31,791.47,100143.4,12207.0,11.62,0.0,0.0,26.611148135782685,25367.14,8.658650453333333,0.099,15.12,6.04,1.88,2.09,7.51,0.75,70.96,0.66,0,0,220562656,130400,165348448,0,136994,154092,195253,0,98,196,9.4,195245.8,195.0,1325.0,150.87,147.05,107.95,0.032200327349742944,0.008024432878335578,big_database
68.62,0.0,28.21,0.01,0.6,0.5,0.0,0.0,97.92520833333332,0.0,158.2,0.0,130.77,0.0,21.99,0.0,846.44,0.0,13.65,32.88,2.03,141056.85,785.82,99540.0,12106.4,11.56,0.0,0.0,26.658161411588864,25763.6,8.793975466666666,0.10099999999999999,15.11,5.97,1.87,2.08,7.34,0.74,70.91,0.65,0,0,218996416,130848,166499216,0,134670,161593,208237,0,98,196,15.8,207592.8,184.0,1325.0,154.65,147.9,108.43,0.032200327349742944,0.008389179827350832,big_database
63.5,0.0,27.16,0.13,0.59,0.54,0.0,0.0,91.79333333333336,0.0,247.5,0.0,221.71,0.0,14.48,0.0,917.27,0.0,19.35,55.33,4.59,131808.19,731.92,93027.8,11311.2,10.8,0.0,0.2,26.746868255689467,21890.8,7.4720597333333325,0.124,15.73,5.15,1.58,1.8,5.9,0.73,69.93,0.67,1,0,217293520,131188,167695552,0,233456,157809,223887,0,90,5,10.8,222009.4,6.0,1327.0,158.04,148.71,108.91,0.032200327349742944,0.008389179827350832,big_database
18.85,0.0,9.61,1.62,0.32,0.43,0.0,0.0,48.51666666666666,0.0,425.2,0.0,418.32,0.0,4.23,0.0,1007.42,0.0,26.17,100.08,10.87,37068.74,218.95,26268.0,3312.6,3.04,0.0,0.0,26.85998151693973,10723.54,3.660301653333333,0.21600000000000003,17.38,3.55,0.98,1.21,3.26,0.7,67.56,0.72,3,0,214417952,131228,169297568,0,428359,152801,250795,0,31,195,14.4,252553.0,194.0,1325.0,146.1,146.39,108.37,0.032200327349742944,0.008389179827350832,big_database
23.23,0.0,11.33,1.61,0.34,0.4,0.0,0.0,35.30718750000001,0.0,426.2,0.0,415.69,0.0,5.42,0.0,998.74,0.0,25.97,99.68,10.77,46081.87,271.88,32654.4,4132.2,3.78,0.0,0.0,27.117569712200485,10776.18,3.67826944,0.203,17.37,3.75,1.02,1.25,3.46,0.7,67.39,0.73,3,0,211596928,131320,170865792,0,426282,153009,284208,0,35,3,16.2,270615.8,191.0,1324.0,135.12,144.11,107.84,0.03222462948359181,0.008389179827350832,big_database
3.29,0.0,2.43,2.5,0.27,0.33,0.0,0.0,54.36000000000001,0.0,429.4,0.0,419.29,0.0,3.94,0.0,999.88,0.0,26.57,99.92,11.06,2290.68,22.37,1772.2,327.8,0.19,0.0,0.0,27.336002703741727,4211.980000000001,1.4376891733333337,0.6829999999999999,22.31,2.85,0.16,0.47,0.9,0.62,53.74,1.6,3,0,209603872,131328,172231632,0,429382,165797,293286,0,4,3,9.2,305310.4,3.0,1325.0,125.02,141.87,107.31,0.032176025215894084,0.007659685929320323,big_database
20.95,0.0,10.31,1.87,0.36,0.41,0.0,0.0,42.059523809523796,0.0,419.8,0.0,414.45,0.0,5.15,0.0,1010.94,0.0,26.86,100.24,11.08,41080.08,238.73,29027.4,3618.2,3.37,0.0,0.0,27.45745619726563,10649.7,3.6350976000000004,0.21899999999999997,17.21,3.45,0.97,1.17,3.2,0.7,67.55,0.71,1,0,206899840,131380,173829984,0,424194,158312,276321,0,33,7,16.2,263514.8,163.0,1325.0,115.73,139.66,106.78,0.032200327349742944,0.007294938980305071,big_database
12.42,0.0,7.01,1.88,0.32,0.42,0.0,0.0,47.1075,0.8,425.4,0.0,416.96,0.0,5.63,4.0,1003.7,27.5,25.01,99.68,10.24,23038.9,141.25,16452.8,2148.0,1.89,0.0,0.0,27.66700073660409,7528.06,2.5695778133333342,0.271,18.65,3.15,0.75,0.97,2.55,0.69,66.21,0.75,1,0,204060112,131508,175396096,3,426774,177501,317836,0,19,7,14.2,327678.6,5.0,1325.0,107.27,137.51,106.26,0.032200327349742944,0.007294938980305071,big_database
54.0,0.0,24.17,0.33,0.57,0.5,0.0,0.0,79.24072916666667,0.0,313.6,0.0,199.82,0.0,25.19,0.0,652.48,0.0,20.6,48.64,6.24,113462.72,646.27,80184.0,9937.8,9.29,0.0,0.2,27.911651852706214,24801.86,8.465701546666667,0.11900000000000001,15.58,5.43,1.64,1.84,6.13,0.73,70.14,0.67,0,0,207524672,131920,171293328,0,198258,174797,254075,0,81,200,12.6,258433.6,191.0,1325.0,99.24,135.34,105.73,0.032200327349742944,0.007659685929320323,big_database
8.98,0.0,5.48,1.49,0.29,0.41,0.0,0.0,51.3075,0.2,422.0,0.0,400.09,0.0,8.38,4.0,970.83,25.0,23.95,95.36,9.85,14749.74,95.54,10569.2,1396.2,1.21,0.0,0.0,28.027598089795237,4662.14,1.5913437866666669,0.742,23.52,2.48,0.09,0.38,0.85,0.63,56.08,1.33,2,0,213727456,132028,164577776,1,415649,157304,281390,0,14,8,15.8,279189.6,4.0,1325.0,107.06,136.36,106.22,0.032200327349742944,0.007294938980305071,big_database
46.79,0.0,20.84,0.54,0.51,0.46,0.0,0.0,68.60260416666667,0.0,415.4,0.0,223.77,0.0,19.65,0.0,551.61,0.0,14.33,54.4,5.74,94903.65,530.85,66964.8,8191.6,7.77,0.0,0.0,28.100335181057225,21729.120000000006,7.416872960000001,0.10800000000000001,15.57,5.84,1.75,1.96,6.82,0.74,70.4,0.66,0,0,220044480,132392,158222080,0,223130,156465,233954,0,70,198,10.58,236506.99,197.0,1327.0,99.13,134.23,105.69,0.032200327349742944,0.007294938980305071,big_database
31.26,0.0,13.54,0.89,0.41,0.46,0.0,0.0,45.666249999999984,0.2,599.4,0.0,313.9,0.0,13.51,4.0,536.27,11.0,13.12,75.76,7.6,61642.18,357.7,43618.8,5462.4,5.05,0.0,0.0,28.11176731298658,14453.04,4.93330432,0.147,16.88,5.02,1.34,1.64,4.96,0.73,69.08,0.72,0,0,221585184,132896,156221824,1,318253,157682,248853,0,45,195,14.6,248681.0,191.0,1325.0,107.37,135.36,106.21,0.032200327349742944,0.007659685929320323,big_database
68.95,0.0,27.38,0.03,0.6,0.5,0.0,0.0,97.43947916666669,0.0,234.0,0.0,129.5,0.0,31.38,0.0,566.69,0.0,12.68,32.08,2.8,139392.1,774.53,98385.8,11953.2,11.42,0.0,0.0,28.200734599518892,26187.120000000006,8.938536960000002,0.09699999999999999,15.41,6.36,1.91,2.16,7.66,0.74,70.54,0.69,0,0,220347424,133276,157284496,0,135992,163768,203705,0,98,196,13.8,203188.0,193.0,1325.0,113.59,136.18,106.63,0.03222462948359181,0.008024432878335578,big_database
67.56,0.0,29.05,0.01,0.63,0.51,0.0,0.0,97.73739583333335,0.0,180.2,0.0,132.0,0.0,21.31,0.0,750.13,0.0,13.22,32.72,2.24,141811.32,786.45,100068.0,12157.6,11.62,0.0,0.0,28.229854037582825,25873.36,8.831440213333334,0.102,15.15,5.99,1.88,2.09,7.24,0.74,70.69,0.66,0,0,218839360,133676,158433632,0,134604,165750,212530,0,98,195,11.4,212458.0,197.0,1325.0,119.79,137.09,107.08,0.032200327349742944,0.008753926776366085,big_database
68.24,0.0,29.19,0.0,0.59,0.52,0.0,0.0,98.53208333333328,0.0,160.0,0.0,133.54,0.0,22.71,0.0,854.65,0.0,13.48,32.48,2.01,141077.15,784.42,99532.6,12085.8,11.56,0.0,0.2,28.30545523628621,25334.48,8.647502506666667,0.096,14.94,6.21,1.93,2.14,7.74,0.74,71.11,0.66,0,0,217718192,134136,159426128,0,137109,156400,202852,0,98,196,15.6,203161.6,190.0,1331.0,120.6,136.97,107.21,0.03232183801898726,0.008753926776366085,big_database
68.76,0.0,28.2,0.01,0.62,0.49,0.0,0.0,98.08000000000004,0.0,162.2,0.0,132.18,0.0,22.91,0.0,834.49,0.0,13.42,32.72,2.03,142377.1,791.78,100475.8,12201.0,11.66,0.0,0.0,28.32894289150477,25646.36,8.753957546666667,0.105,15.05,5.82,1.82,2.02,7.03,0.74,70.75,0.66,0,0,216399504,134624,160452144,0,134431,161986,200799,0,98,136,9.6,199583.6,199.0,1325.0,126.4,137.91,107.67,0.032200327349742944,0.008753926776366085,big_database
34.69,0.0,15.78,0.98,0.42,0.48,0.0,0.0,51.37208333333334,0.2,573.8,0.0,402.02,0.0,5.22,4.0,717.45,23.0,16.84,97.6,9.32,69259.47,396.08,49073.0,6100.2,5.67,0.0,0.0,28.397941912529763,12805.66,4.370998613333333,0.18100000000000002,17.75,4.52,1.11,1.38,3.94,0.71,68.09,0.75,1,0,214136992,134788,161846416,1,419894,159110,278745,0,49,7,16.2,277437.0,4.0,1327.0,132.22,138.92,108.16,0.032200327349742944,0.008753926776366085,big_database
49.94,0.0,20.94,0.46,0.49,0.53,0.0,0.0,71.9028125,0.2,394.21,0.0,329.83,0.0,8.78,4.0,856.76,23.0,20.65,80.16,7.85,100278.62,569.48,70806.0,8748.4,8.21,0.0,0.0,28.55010863031047,22655.22,7.73298176,0.102,15.46,6.09,1.86,2.09,7.27,0.74,70.56,0.69,0,0,212859424,135088,162888400,1,327161,157133,230155,0,74,192,9.0,232278.6,194.0,1325.0,122.11,136.71,107.61,0.032200327349742944,0.008753926776366085,big_database
66.89,0.0,30.33,0.03,0.58,0.55,0.0,0.0,98.34135416666662,0.2,242.2,0.0,211.12,0.0,17.84,4.0,892.62,19.0,16.95,52.32,3.91,141765.33,791.01,100068.4,12202.6,11.61,0.0,0.0,28.604002749603893,24983.22,8.52760576,0.11800000000000001,15.42,5.3,1.71,1.89,6.2,0.73,70.57,0.65,1,0,211071248,135492,164143072,1,227046,154311,198947,0,99,194,16.2,199337.8,198.0,1327.0,127.62,137.61,108.06,0.032200327349742944,0.008753926776366085,big_database
26.95,0.0,11.62,1.03,0.37,0.42,0.0,0.0,39.356562500000024,0.4,384.8,0.0,355.4,0.0,10.01,4.0,945.76,23.0,22.86,85.52,8.5,51935.71,299.81,36802.4,4608.0,4.25,0.0,0.0,28.723324108001762,12872.12,4.393683626666666,0.129,16.49,5.26,1.5,1.82,5.67,0.73,69.79,0.71,1,0,209219072,135712,165244128,2,357179,160616,269391,0,39,194,11.2,269432.2,195.0,1327.0,133.18,138.6,108.54,0.032200327349742944,0.00911867372538134,big_database
55.09,0.0,23.51,0.47,0.53,0.46,0.0,0.0,79.59656249999998,0.0,222.4,0.0,200.43,0.0,14.92,0.0,922.86,0.0,18.51,49.52,3.98,111991.94,628.76,79165.2,9669.0,9.17,0.0,0.2,28.845095751318325,20708.04,7.0683443200000005,0.11199999999999999,16.11,5.78,1.7,1.99,6.61,0.74,69.79,0.73,3,0,207696912,136092,166335360,0,212650,160021,236519,0,78,4,15.4,233409.6,5.0,1326.0,137.81,139.47,108.98,0.032200327349742944,0.008753926776366085,big_database
65.93,0.0,24.75,0.15,0.59,0.49,0.0,0.0,91.75885416666668,0.2,182.8,0.0,153.82,0.0,22.41,4.0,861.66,24.0,16.09,38.0,2.78,131330.75,739.2,92741.2,11382.4,10.76,0.0,0.0,28.918906503217144,26033.1,8.8859648,0.09300000000000001,15.32,6.44,1.94,2.21,7.99,0.75,70.41,0.65,1,0,206880448,136564,167101200,1,148708,167042,211599,0,93,197,12.2,213686.6,194.0,1325.0,136.14,139.1,109.02,0.03232183801898726,0.00911867372538134,big_database
69.32,0.0,27.84,0.01,0.61,0.5,0.0,0.0,98.26510416666667,0.0,159.2,0.0,131.79,0.0,23.39,0.0,847.72,0.0,14.76,33.12,2.25,141967.11,785.7,100234.0,12145.4,11.63,0.0,0.0,28.92415939167937,25550.92,8.721380693333334,0.094,14.92,6.31,1.97,2.19,8.01,0.75,71.03,0.61,2,0,206019904,137040,167890528,0,136774,163519,201924,0,98,192,12.8,201801.4,189.0,1325.0,140.54,139.96,109.46,0.032200327349742944,0.00911867372538134,big_database
69.05,0.0,28.76,0.01,0.6,0.49,0.0,0.0,98.89635416666664,0.0,161.8,0.0,133.87,0.0,20.06,0.0,847.22,0.0,14.57,33.12,2.26,142903.27,794.15,100879.0,12257.2,11.71,0.0,0.0,28.93373046121773,25066.7,8.556100266666666,0.096,14.95,6.18,1.95,2.16,7.83,0.75,71.1,0.61,1,0,205302288,137512,168594848,0,134042,154611,185929,0,99,198,13.8,186286.2,196.0,1326.0,144.74,140.84,109.91,0.032200327349742944,0.009483420674396592,big_database
67.84,0.0,29.62,0.01,0.57,0.54,0.0,0.0,98.57552083333336,0.0,204.6,0.0,178.04,0.0,19.26,0.0,891.07,0.0,17.39,44.4,3.35,142391.66,788.12,100522.2,12181.2,11.66,0.0,0.0,28.94942002963273,25891.7,8.837700266666666,0.106,15.45,5.77,1.84,2.04,7.0,0.74,70.61,0.66,1,0,203632896,137964,169783968,0,184151,155879,192246,0,99,196,11.2,192565.6,195.0,1325.0,148.84,141.76,110.37,0.032200327349742944,0.009483420674396592,big_database
68.76,0.0,28.56,0.0,0.61,0.49,0.0,0.0,98.42708333333329,0.0,164.6,0.0,131.99,0.0,26.97,0.0,821.13,0.0,13.6,32.64,2.11,140930.71,782.94,99513.6,12061.6,11.55,0.0,0.0,29.053050301000837,25969.22,8.864160426666668,0.10099999999999999,15.11,5.95,1.88,2.1,7.41,0.75,70.88,0.64,1,0,201888128,138448,171018768,0,134794,162159,202331,0,98,112,15.57,196125.95,191.0,1330.0,152.86,142.71,110.85,0.032200327349742944,0.009483420674396592,big_database
60.62,0.0,24.7,0.21,0.58,0.55,0.0,0.0,86.4547916666667,0.0,394.4,0.0,291.58,0.0,10.36,0.0,757.05,0.0,18.32,70.8,6.97,123980.97,694.85,87618.0,10692.2,10.16,0.0,0.2,29.12423384936116,22883.3,7.810833066666667,0.09699999999999999,14.83,6.06,1.85,2.1,7.58,0.74,70.28,0.58,0,0,201240688,138844,171648064,5,298254,169237,261698,0,87,186,9.6,264434.2,144.0,1325.0,156.15,143.56,111.3,0.032200327349742944,0.009848167623411844,big_database
68.85,0.0,27.21,0.04,0.64,0.52,0.0,0.0,97.22083333333336,0.0,183.0,0.0,153.57,0.0,21.99,0.0,859.34,0.0,15.63,38.32,2.69,141544.14,785.0,99923.95,12148.9,11.6,0.0,0.0,29.12972364172628,25382.48,8.663886506666667,0.094,14.75,6.23,1.97,2.19,8.01,0.75,71.32,0.59,1,0,200523424,139320,172340928,0,159947,175913,227201,0,97,198,16.2,228129.0,79.0,1325.0,154.3,143.38,111.41,0.032200327349742944,0.009483420674396592,big_database
68.9,0.0,28.56,0.01,0.58,0.51,0.0,0.0,98.54,0.0,159.6,0.0,134.79,0.0,21.38,0.0,864.82,0.0,14.57,33.44,2.21,142835.9,793.49,100817.0,12225.6,11.7,0.0,0.0,29.13268721843459,25023.48,8.541347839999998,0.09300000000000001,14.77,6.22,1.97,2.18,8.04,0.75,70.95,0.58,1,0,199808800,139768,173051872,0,136918,157645,202269,0,99,165,9.0,203835.0,191.0,1325.0,157.32,144.19,111.85,0.032200327349742944,0.009483420674396592,big_database
69.33,0.0,28.49,0.01,0.59,0.49,0.0,0.0,98.90645833333332,0.0,162.4,0.0,132.69,0.0,23.03,0.0,836.69,0.0,13.79,32.8,2.09,142205.41,790.77,100360.0,12173.0,11.65,0.0,0.0,29.1359112375746,24660.06,8.417300480000002,0.09300000000000001,14.71,6.2,2.0,2.2,8.09,0.75,71.42,0.56,0,0,199081152,140260,173802736,0,136294,151958,197715,0,99,197,16.2,197561.2,197.0,1325.0,161.06,145.18,112.34,0.032200327349742944,0.00911867372538134,big_database
68.57,0.0,29.4,0.0,0.59,0.5,0.0,0.0,99.07125,0.0,161.4,0.0,133.48,0.0,23.0,0.0,846.85,0.0,13.49,32.96,2.03,143323.3,796.74,101213.6,12315.2,11.74,0.0,0.0,29.127765387990515,24886.76,8.494680746666667,0.094,14.79,6.24,1.95,2.16,7.87,0.74,70.63,0.54,0,0,198071808,140752,174563552,0,135804,151572,180944,0,100,197,9.2,181931.2,194.0,1325.0,163.86,146.03,112.79,0.03232183801898726,0.00911867372538134,big_database
50.74,0.0,19.18,0.54,0.52,0.48,0.0,0.0,70.92666666666669,0.6,290.62,0.0,270.56,0.0,13.8,4.0,953.33,25.33,20.7,65.95,5.83,100037.37,566.34,70716.0,8700.6,8.2,0.0,0.0,29.2065503625427,19853.44,6.776640853333332,0.102,15.03,6.03,1.81,2.05,7.33,0.75,70.72,0.54,1,0,196834448,141052,175229280,2,279658,169516,262809,0,71,196,16.2,261859.0,196.0,1325.0,165.71,146.71,113.19,0.032176025215894084,0.00911867372538134,big_database
67.59,0.0,30.07,0.0,0.59,0.5,0.0,0.0,98.75291666666668,0.0,162.6,0.0,134.58,0.0,22.5,0.0,847.57,0.0,13.63,33.28,2.12,142705.3,796.1,100732.6,12257.4,11.69,0.0,0.2,29.32013591298398,25484.9,8.698845866666668,0.094,14.72,6.31,1.97,2.17,7.93,0.75,71.09,0.52,0,0,195250816,141544,175988272,0,134682,153410,183908,0,99,193,13.8,184243.0,195.0,1326.0,167.73,147.44,113.61,0.032176025215894084,0.008753926776366085,big_database
67.78,0.0,28.6,0.06,0.59,0.53,0.0,0.0,97.49510416666664,0.2,266.6,0.0,209.83,0.0,14.72,4.0,805.94,27.0,17.39,51.44,4.44,139553.13,774.32,98481.8,11969.6,11.43,0.0,0.0,29.47593971312,25194.22,8.599627093333334,0.095,14.75,6.27,1.95,2.16,7.86,0.74,70.96,0.52,0,0,193687680,141964,176725696,1,215935,151885,205034,0,98,193,12.8,205118.0,187.0,1324.0,170.4,148.33,114.08,0.032176025215894084,0.008753926776366085,big_database
68.57,0.0,29.1,0.0,0.59,0.5,0.0,0.0,98.76249999999996,0.0,158.2,0.0,131.57,0.0,22.15,0.0,851.61,0.0,13.97,32.48,2.08,142971.11,799.45,100933.2,12293.6,11.71,0.0,0.0,29.633325150530798,25534.76,8.715864746666666,0.094,14.68,6.31,1.97,2.18,7.97,0.75,71.18,0.52,0,0,192107168,142436,177479552,0,135507,154061,185883,0,99,194,13.2,185389.4,195.0,1324.0,171.89,149.01,114.48,0.032176025215894084,0.008753926776366085,big_database
69.19,0.0,27.87,0.01,0.6,0.49,0.0,0.0,98.14729166666672,0.0,161.6,0.0,133.89,0.0,21.63,0.0,848.38,0.0,13.83,32.96,2.1,141386.24,785.89,99797.2,12116.6,11.58,0.0,0.0,29.791379537744287,25710.64,8.775898453333333,0.094,14.78,6.28,1.92,2.13,7.9,0.75,71.35,0.56,0,0,190515584,142912,178218464,0,136925,159880,202513,0,98,195,12.0,202455.4,162.0,1324.0,173.9,149.8,114.92,0.03222462948359181,0.008389179827350832,big_database
69.64,0.0,27.84,0.01,0.61,0.5,0.0,0.0,98.59885416666664,0.0,159.4,0.0,131.46,0.0,20.14,0.0,844.49,0.0,14.51,32.0,2.18,140607.25,782.22,99272.4,12081.4,11.52,0.0,0.0,29.953609356246297,25498.74,8.70356992,0.09300000000000001,14.8,6.35,1.94,2.16,8.07,0.75,71.81,0.53,0,0,188845152,143412,179080736,0,134905,153343,184398,0,99,198,13.4,184591.2,186.0,1324.0,175.83,150.6,115.37,0.032176025215894084,0.008389179827350832,big_database
68.34,0.0,28.39,0.01,0.59,0.5,0.0,0.0,97.82416666666664,0.0,182.6,0.0,149.11,0.0,25.65,0.0,836.17,0.0,15.03,36.88,2.62,141308.09,789.93,99821.0,12157.2,11.58,0.0,0.0,30.107218758051033,25433.54,8.681314986666667,0.095,14.66,6.26,1.96,2.16,7.84,0.74,71.11,0.51,0,0,187328848,143892,179777472,0,153850,159474,209315,0,98,194,11.8,209021.4,139.0,1324.0,176.48,151.16,115.74,0.03222462948359181,0.008389179827350832,big_database
68.29,0.0,29.44,0.0,0.59,0.51,0.0,0.0,98.82677083333334,0.0,166.0,0.0,137.63,0.0,22.21,0.0,848.98,0.0,14.38,33.92,2.22,142940.11,795.16,100917.0,12287.2,11.71,0.0,0.2,30.26481376429899,25597.48,8.737273173333334,0.094,14.6,6.29,1.97,2.17,7.93,0.75,71.49,0.5,0,0,185787552,144380,180476320,0,139673,154079,190317,0,98,194,15.8,190329.8,196.0,1324.0,177.89,151.87,116.16,0.032176025215894084,0.008389179827350832,big_database
68.32,0.0,29.16,0.01,0.6,0.49,0.0,0.0,98.5734375,0.0,162.0,0.0,133.95,0.0,22.04,0.0,846.7,0.0,14.15,32.72,2.15,143365.12,798.07,101229.8,12298.6,11.74,0.0,0.0,30.423639607811666,25572.32,8.728685226666666,0.095,14.65,6.29,1.97,2.17,7.9,0.75,71.17,0.51,0,0,184240496,144876,181182304,0,136849,155220,186969,0,98,194,9.4,187273.0,194.0,1324.0,178.38,152.4,116.52,0.03237044228668499,0.008389179827350832,big_database
68.72,0.0,29.1,0.01,0.59,0.51,0.0,0.0,98.90999999999997,0.0,182.8,0.0,150.78,0.0,21.41,0.0,844.64,0.0,15.33,37.04,2.65,142869.73,797.47,100908.2,12286.8,11.7,0.0,0.0,30.58348444182973,25467.74,8.692988586666665,0.095,14.61,6.28,1.98,2.18,7.92,0.75,71.56,0.5,0,0,182695104,145320,181889536,0,154834,153794,183623,0,99,144,15.8,183411.2,194.0,1324.0,179.79,153.13,116.95,0.032176025215894084,0.008389179827350832,big_database
68.06,0.0,29.74,0.01,0.61,0.5,0.0,0.0,98.90885416666669,0.0,163.6,0.0,135.89,0.0,21.57,0.0,850.59,0.0,14.22,33.44,2.19,143452.0,794.77,101286.4,12306.4,11.75,0.0,0.0,30.744342191894134,25447.88,8.686209706666666,0.095,14.72,6.28,1.96,2.16,7.86,0.74,71.11,0.5,0,0,181144432,145816,182593616,0,139120,153159,182889,0,99,191,9.4,182049.6,194.0,1324.0,180.45,153.71,117.33,0.03222462948359181,0.008024432878335578,big_database
68.29,0.0,29.33,0.01,0.58,0.5,0.0,0.0,98.710625,0.0,194.0,0.0,167.15,0.0,20.75,0.0,882.27,0.0,17.58,41.36,3.26,142214.4,791.17,100394.2,12189.2,11.65,0.0,0.0,30.90514982767139,25450.0,8.686933333333334,0.094,14.75,6.31,1.97,2.17,7.98,0.75,71.52,0.51,1,0,179595680,146264,183289248,0,171893,152812,194007,0,98,190,15.77,194175.05,192.0,1324.0,181.45,154.36,117.74,0.032176025215894084,0.008024432878335578,big_database
68.76,0.0,28.83,0.02,0.59,0.53,0.0,0.0,98.70364583333333,0.0,273.4,0.0,200.75,0.0,13.81,0.0,751.89,0.0,15.61,49.44,4.09,142462.79,795.25,100619.6,12236.0,11.67,0.0,0.0,31.06725587907028,25461.64,8.690906453333334,0.095,14.72,6.28,1.96,2.16,7.88,0.74,71.08,0.51,0,0,178056576,146696,183988800,0,204718,152458,197298,0,99,197,9.4,197797.0,193.0,1324.0,181.9,154.9,118.11,0.032176025215894084,0.008024432878335578,big_database
68.6,0.0,29.18,0.01,0.6,0.5,0.0,0.0,98.88489583333336,0.0,166.0,0.0,133.0,0.0,26.22,0.0,820.41,0.0,13.32,32.56,2.09,143060.78,794.79,101016.0,12309.4,11.72,0.0,0.2,31.22639683514609,25528.14,8.713605119999999,0.094,14.67,6.31,1.98,2.18,7.97,0.75,71.58,0.5,0,0,176502080,147180,184697296,0,136198,154777,186594,0,99,194,17.4,186207.6,195.0,1324.0,183.03,155.58,118.53,0.032176025215894084,0.008024432878335578,big_database
68.77,0.0,29.12,0.0,0.59,0.49,0.0,0.0,98.97687499999996,0.0,161.8,0.0,133.95,0.0,21.0,0.0,847.73,0.0,14.63,33.36,2.24,143184.46,799.35,101104.8,12319.2,11.73,0.0,0.0,31.38805793241967,25469.58,8.693616639999998,0.094,14.73,6.3,1.97,2.17,7.93,0.75,71.31,0.51,0,0,174893504,147652,185451664,0,137364,153569,187187,0,99,194,10.6,187287.2,199.0,1329.0,183.98,156.24,118.94,0.03232183801898726,0.008024432878335578,big_database
68.55,0.0,29.36,0.01,0.6,0.49,0.0,0.0,99.00635416666664,0.0,163.6,0.0,135.85,0.0,21.65,0.0,850.28,0.0,14.07,33.92,2.19,143424.24,798.67,101280.6,12306.8,11.75,0.0,0.0,31.54940239851534,25572.42,8.728719360000001,0.094,14.64,6.3,1.98,2.18,7.96,0.75,71.52,0.51,1,0,173295184,148120,186205424,0,138878,153296,184170,0,99,194,14.6,183853.2,189.0,1324.0,184.71,156.85,119.34,0.032176025215894084,0.008024432878335578,big_database
68.53,0.0,29.46,0.0,0.59,0.5,0.0,0.0,99.06677083333334,0.0,162.28,0.0,133.97,0.0,22.42,0.0,845.38,0.0,13.8,33.21,2.1,143381.08,795.55,101240.0,12300.0,11.75,0.0,0.0,31.711961756420717,25585.46,8.733170346666666,0.094,14.69,6.3,1.97,2.17,7.92,0.75,71.25,0.51,0,0,171693632,148620,186965648,0,138241,152917,183077,0,100,193,10.8,183146.2,197.0,1326.0,185.53,157.48,119.75,0.032176025215894084,0.008024432878335578,big_database
68.12,0.0,29.7,0.01,0.59,0.49,0.0,0.0,98.89802083333332,0.0,162.0,0.0,133.15,0.0,23.51,0.0,841.67,0.0,14.3,32.72,2.17,143068.24,795.02,101005.6,12276.6,11.72,0.0,0.0,31.872581083967482,25540.78,8.717919573333333,0.094,14.66,6.31,1.98,2.18,7.97,0.75,71.46,0.51,1,0,170087600,149100,187720784,0,135406,154059,185177,0,99,193,14.4,184696.6,191.0,1324.0,186.21,158.09,120.15,0.032176025215894084,0.008024432878335578,big_database
62.2,0.0,26.02,0.16,0.58,0.49,0.0,0.0,89.29687499999999,0.0,235.87,0.0,184.47,0.0,15.08,0.0,800.85,0.0,15.99,45.21,3.62,128557.22,722.77,90824.0,11135.0,10.53,0.0,0.0,32.035068307671665,23419.26,7.9937740800000014,0.09699999999999999,14.83,6.18,1.9,2.13,7.68,0.74,70.95,0.51,1,0,168608880,149544,188420304,0,188674,157609,209851,0,89,190,12.8,208664.4,145.0,1327.0,185.23,158.35,120.43,0.032176025215894084,0.008024432878335578,big_database
68.72,0.0,28.95,0.01,0.59,0.5,0.0,0.0,98.75875,0.0,166.6,0.0,133.19,0.0,25.69,0.0,818.66,0.0,14.17,32.48,2.22,142805.96,794.32,100836.4,12271.4,11.7,0.0,0.2,32.178935795777285,25517.52,8.70998016,0.094,14.68,6.32,1.98,2.18,7.97,0.75,71.31,0.51,1,0,167008624,149992,189175856,0,137142,155562,188672,0,99,188,12.2,188686.8,194.0,1324.0,186.01,158.96,120.84,0.032176025215894084,0.008024432878335578,big_database
68.54,0.0,29.29,0.0,0.6,0.5,0.0,0.0,98.92364583333334,0.0,162.2,0.0,134.09,0.0,21.79,0.0,846.54,0.0,14.25,33.2,2.2,142797.91,795.18,100795.0,12252.4,11.7,0.0,0.0,32.341870251528924,25446.72,8.68581376,0.094,14.62,6.28,1.98,2.17,7.95,0.75,71.33,0.5,1,0,165405936,150428,189932448,0,136794,153071,190427,0,99,193,13.8,192456.6,195.0,1324.0,185.85,159.38,121.18,0.032176025215894084,0.008024432878335578,big_database
68.4,0.0,28.92,0.02,0.61,0.5,0.0,0.0,98.43989583333335,0.0,165.0,0.0,134.13,0.0,21.43,0.0,832.43,0.0,13.81,33.28,2.16,142964.96,793.38,100941.92,12260.28,11.71,0.0,0.0,32.50274622497047,25581.1,8.731682133333333,0.09699999999999999,14.58,6.16,1.94,2.12,7.72,0.75,71.4,0.55,0,0,163756896,150924,190709344,0,137434,160198,198590,0,98,193,11.4,197902.0,188.0,1324.0,185.54,159.75,121.5,0.032176025215894084,0.008389179827350832,big_database
68.69,0.0,28.92,0.01,0.6,0.49,0.0,0.0,98.70395833333336,0.0,157.49,0.0,132.42,0.0,18.99,0.0,861.03,0.0,15.51,32.97,2.32,141673.57,789.52,100023.2,12164.8,11.61,0.0,0.0,32.66846657950324,25318.04,8.641890986666667,0.095,14.6,6.25,1.96,2.15,7.93,0.75,71.81,0.52,0,0,161919232,151352,191693536,0,135920,153879,185569,0,99,194,16.2,184882.8,196.0,1324.0,186.3,160.34,121.9,0.032176025215894084,0.007659685929320323,big_database
69.32,0.0,28.47,0.01,0.58,0.5,0.0,0.0,98.870625,0.0,162.8,0.0,133.23,0.0,19.72,0.0,838.02,0.0,13.83,32.8,2.13,143116.91,797.25,101013.8,12286.4,11.72,0.0,0.0,32.83250051234265,25346.84,8.651721386666667,0.094,14.82,6.4,1.98,2.19,7.97,0.75,71.42,0.51,0,0,160383104,151816,192395296,0,136358,153098,182941,0,98,191,9.0,183682.0,195.0,1324.0,187.0,160.92,122.29,0.032200327349742944,0.007659685929320323,big_database
67.91,0.0,29.38,0.02,0.6,0.51,0.0,0.0,98.40447916666666,0.0,172.2,0.0,144.52,0.0,21.37,0.0,859.4,0.0,14.04,35.36,2.29,142260.13,790.04,100417.0,12218.8,11.65,0.0,0.0,32.99056325193735,25478.84,8.696777386666668,0.094,14.66,6.23,1.95,2.15,7.88,0.74,71.01,0.51,2,0,158846240,152256,193096176,0,158386,154444,191407,0,99,192,16.2,191302.6,150.0,1324.0,187.64,161.48,122.68,0.032176025215894084,0.008024432878335578,big_database
68.85,0.0,28.77,0.03,0.59,0.53,0.0,0.0,98.7415625,0.2,263.6,0.0,217.67,0.0,14.97,4.0,845.57,1.0,18.19,52.88,4.6,142185.62,790.6,100359.8,12178.8,11.65,0.0,0.2,33.1501962391961,25422.120000000006,8.67741696,0.094,14.7,6.29,1.97,2.17,7.99,0.75,71.04,0.52,0,0,157301680,152668,193801536,1,212604,152744,194514,0,99,174,10.6,194529.8,196.0,1324.0,188.07,162.0,123.06,0.032200327349742944,0.008024432878335578,big_database
68.71,0.0,29.12,0.0,0.59,0.5,0.0,0.0,98.91843749999998,0.0,167.6,0.0,132.62,0.0,24.78,0.0,810.29,0.0,12.93,32.8,1.99,142687.16,797.58,100711.0,12274.4,11.69,0.0,0.0,33.311617395337265,25441.22,8.683936426666667,0.094,14.61,6.26,1.98,2.18,8.01,0.75,71.5,0.51,0,0,155745888,153132,194496000,0,135588,153220,185151,0,99,193,16.2,185221.2,200.0,1324.0,188.06,162.44,123.41,0.032176025215894084,0.008024432878335578,big_database
68.61,0.0,28.78,0.01,0.58,0.5,0.0,0.0,98.4790625,0.0,161.2,0.0,134.68,0.0,23.38,0.0,855.51,0.0,14.02,32.88,2.12,143070.6,792.79,100970.4,12255.0,11.72,0.0,0.0,33.47367940690804,25545.3,8.719462400000001,0.094,14.58,6.27,1.97,2.17,7.92,0.74,70.87,0.51,0,0,154184016,153572,195203088,0,137881,155521,190629,0,99,191,9.0,190614.4,187.0,1324.0,188.14,162.88,123.76,0.032200327349742944,0.008389179827350832,big_database
67.91,0.0,28.88,0.02,0.6,0.5,0.0,0.0,97.89552083333331,0.0,160.2,0.0,132.89,0.0,21.01,0.0,849.43,0.0,13.79,33.04,2.08,142654.07,795.7,100713.2,12256.2,11.69,0.0,0.0,33.637117283453314,25698.120000000006,8.77162496,0.095,14.56,6.23,1.93,2.15,7.85,0.74,70.95,0.52,1,0,152609472,154036,195905248,0,135925,160298,198763,0,98,175,16.2,197842.8,194.0,1324.0,188.93,163.46,124.16,0.032176025215894084,0.008389179827350832,big_database
69.17,0.0,27.87,0.01,0.61,0.49,0.0,0.0,98.12875000000004,0.0,161.8,0.0,132.71,0.0,22.44,0.0,839.91,0.0,13.83,33.2,2.11,142005.54,787.13,100220.0,12135.8,11.63,0.0,0.0,33.799276486368875,25586.08,8.733381973333334,0.109,15.0,5.5,1.82,2.01,6.81,0.74,70.51,0.62,1,0,151038976,154488,197087104,0,136231,159962,200938,0,98,193,9.2,202063.6,195.0,1324.0,189.17,163.94,124.52,0.032176025215894084,0.008753926776366085,big_database
68.16,0.0,29.76,0.01,0.6,0.52,0.0,0.0,99.0455208333333,0.0,253.4,0.0,195.64,0.0,14.57,0.0,790.57,0.0,16.75,47.6,4.07,141949.41,788.16,100252.2,12184.6,11.63,0.0,0.0,33.82880746903336,25323.2,8.643652266666667,0.11,15.05,5.47,1.82,2.01,6.78,0.74,70.44,0.63,1,0,149544224,154904,198548048,0,200062,149464,191987,0,99,194,16.17,191387.82,193.0,1324.0,189.64,164.45,124.9,0.032176025215894084,0.008753926776366085,big_database
68.68,0.0,29.4,0.0,0.58,0.5,0.0,0.0,99.16208333333331,0.0,162.2,0.0,134.47,0.0,22.32,0.0,848.95,0.0,14.48,33.6,2.23,143302.83,802.39,101218.0,12330.2,11.74,0.0,0.2,33.83415754884036,25274.24,8.626940586666667,0.10800000000000001,14.98,5.52,1.84,2.03,6.88,0.74,70.51,0.62,1,0,148075328,155372,199963040,0,136502,149666,177343,0,99,193,12.0,177322.6,199.0,1324.0,189.99,164.94,125.27,0.032176025215894084,0.008753926776366085,big_database
67.83,0.0,30.21,0.0,0.58,0.51,0.0,0.0,99.12906250000002,0.0,165.2,0.0,134.34,0.0,26.45,0.0,832.73,0.0,13.59,33.2,2.1,143364.6,795.24,101208.6,12279.8,11.74,0.0,0.0,33.84702097518302,25385.98,8.665081173333334,0.109,14.98,5.5,1.83,2.03,6.84,0.74,70.47,0.63,0,0,146585888,155824,201388160,0,139131,150497,178388,0,99,195,13.2,178205.8,187.0,1325.0,190.79,165.52,125.68,0.032176025215894084,0.008753926776366085,big_database
68.4,0.0,29.55,0.0,0.59,0.49,0.0,0.0,99.01833333333336,0.0,162.2,0.0,134.5,0.0,22.24,0.0,849.11,0.0,14.46,32.64,2.23,143473.25,799.17,101318.2,12314.2,11.75,0.0,0.0,33.859031699336754,25339.88,8.649345706666665,0.10099999999999999,14.74,5.83,1.88,2.1,7.41,0.75,71.05,0.59,1,0,145164608,156276,202728480,0,138498,153530,183108,0,99,194,13.4,183161.2,197.0,1324.0,187.53,165.27,125.81,0.032176025215894084,0.008753926776366085,big_database
69.44,0.0,27.43,0.01,0.61,0.5,0.0,0.0,97.98375,0.0,161.0,0.0,132.42,0.0,22.89,0.0,842.25,0.0,14.11,32.72,2.11,141758.68,788.79,100085.6,12175.8,11.61,0.0,0.0,33.896896839815824,25926.7,8.849646933333334,0.096,14.58,6.14,1.88,2.12,7.72,0.74,70.49,0.55,0,0,143702128,156744,203540672,0,136478,163223,214199,0,98,196,11.8,213390.2,189.0,1326.0,188.36,165.81,126.2,0.032176025215894084,0.008753926776366085,big_database
51.21,0.0,20.78,0.42,0.52,0.48,0.0,0.0,72.98812500000003,0.0,257.49,0.0,212.39,0.0,12.36,0.0,844.64,0.0,17.76,51.18,4.42,104409.6,583.25,73781.0,9004.6,8.55,0.0,0.0,34.04079014437243,17346.84,5.92105472,0.14,16.16,5.08,1.29,1.82,5.25,0.74,68.91,0.5,1,0,142365600,157080,204270992,0,227938,160017,236275,0,70,3,15.8,233586.8,2.0,1323.0,188.98,166.31,126.57,0.032176025215894084,0.008753926776366085,big_database
28.97,0.0,12.72,1.05,0.4,0.43,0.0,0.0,42.512083333333344,0.2,429.2,0.0,416.15,0.0,4.32,4.0,992.86,23.0,24.64,99.76,10.27,57115.82,332.36,40412.4,5068.8,4.68,0.0,0.0,34.13616826312309,15240.5,5.202090666666667,0.11199999999999999,15.39,5.59,1.7,1.96,6.56,0.73,69.75,0.57,1,0,141564864,157228,204705648,1,425536,153545,264788,0,46,176,9.8,259913.0,149.0,1328.0,174.4,163.67,125.93,0.032176025215894084,0.008753926776366085,big_database
56.73,0.0,24.75,0.29,0.55,0.55,0.0,0.0,82.58177083333334,0.2,404.8,0.0,339.64,0.0,8.37,4.0,859.16,24.0,21.27,82.08,8.31,116956.34,656.23,82628.0,10098.8,9.58,0.0,0.2,34.18284668437422,22097.52,7.54262016,0.122,15.77,5.18,1.66,1.87,6.04,0.74,69.93,0.59,1,0,139916176,157532,206326096,1,337291,155490,224500,0,83,192,17.2,232604.0,200.0,1324.0,172.77,163.51,126.08,0.032200327349742944,0.008753926776366085,big_database
68.71,0.0,29.35,0.01,0.56,0.49,0.0,0.0,99.10635416666665,0.0,167.4,0.0,134.11,0.0,25.67,0.0,820.36,0.0,14.13,32.48,2.23,143064.32,795.63,101005.2,12300.2,11.72,0.0,0.0,34.18211698998101,25529.84,8.714185386666665,0.111,15.37,5.49,1.8,1.99,6.7,0.75,70.86,0.6,0,0,138308064,158016,207936720,0,136578,150271,189621,0,99,199,13.2,189655.6,193.0,1325.0,173.59,163.83,126.38,0.032176025215894084,0.008753926776366085,big_database
68.73,0.0,29.32,0.0,0.59,0.48,0.0,0.0,99.12375000000002,0.0,160.0,0.0,132.16,0.0,22.03,0.0,845.81,0.0,14.16,31.92,2.17,142758.04,797.24,100780.0,12284.6,11.69,0.0,0.0,34.182709249738245,25427.38,8.679212373333332,0.111,15.57,5.56,1.79,1.98,6.61,0.74,69.99,0.63,0,0,136598080,158492,209643424,0,138033,148832,184537,0,99,196,12.0,184669.4,195.0,1324.0,175.7,164.43,126.78,0.032200327349742944,0.008753926776366085,big_database
69.07,0.0,29.01,0.01,0.57,0.49,0.0,0.0,99.13312500000002,0.0,164.2,0.0,134.1,0.0,22.84,0.0,836.31,0.0,14.24,32.72,2.2,142167.06,790.97,100350.8,12206.2,11.65,0.0,0.0,34.18234554150272,25342.42,8.650212693333334,0.102,15.2,5.89,1.86,2.06,7.33,0.75,71.38,0.62,0,0,135182992,158976,211062976,0,134374,149855,186053,0,99,193,13.2,185919.0,198.0,1324.0,176.85,164.85,127.12,0.032176025215894084,0.008753926776366085,big_database
69.63,0.0,28.34,0.01,0.58,0.49,0.0,0.0,99.04229166666669,0.0,157.8,0.0,130.44,0.0,23.69,0.0,846.43,0.0,14.37,31.44,2.15,141058.51,782.85,99552.8,12101.8,11.56,0.0,0.0,34.185077529459804,25555.26,8.72286208,0.105,15.35,5.83,1.83,2.02,7.09,0.74,70.99,0.61,0,0,133748480,159456,212444272,0,137305,149330,185688,0,99,197,12.0,184936.8,196.0,1324.0,176.7,165.02,127.38,0.032200327349742944,0.00911867372538134,big_database
54.95,0.0,22.46,0.43,0.53,0.46,0.0,0.0,78.39979166666664,0.0,224.0,0.0,197.22,0.0,14.37,0.0,901.59,0.0,18.61,47.28,4.05,111544.27,623.25,78840.8,9584.2,9.14,0.0,0.0,34.19431450375048,18378.22,6.273099093333334,0.183,16.64,3.83,1.21,1.4,3.95,0.72,69.43,0.6,2,0,131573600,159820,214604640,0,210982,157905,234189,0,76,5,15.8,230886.2,5.0,1324.0,177.69,165.42,127.71,0.032176025215894084,0.00911867372538134,big_database
29.08,0.0,13.05,0.91,0.37,0.46,0.0,0.0,42.95479166666669,0.2,433.2,0.0,418.69,0.0,6.72,4.0,989.71,15.0,24.02,100.0,10.12,55769.52,328.66,39506.2,4983.6,4.57,0.0,0.2,34.194228702016424,15416.22,5.26206976,0.184,16.4,3.71,1.18,1.37,3.84,0.71,68.06,0.61,2,0,128934032,159948,217261680,1,427931,151370,256546,0,46,195,9.4,260493.4,194.0,1324.0,164.02,162.79,127.06,0.032176025215894084,0.00911867372538134,big_database
36.38,0.0,16.14,0.9,0.42,0.48,0.0,0.0,53.42854166666665,0.0,427.6,0.0,417.44,0.0,7.04,0.0,999.67,0.0,24.9,99.6,10.33,72412.3,413.35,51285.2,6365.0,5.93,0.0,0.0,34.18622408360521,14289.6,4.8775167999999995,0.17300000000000001,16.14,3.93,1.26,1.45,4.15,0.72,69.11,0.59,3,0,126476424,160092,219756736,0,427597,152031,260839,0,50,4,15.8,256991.6,7.0,1324.0,166.98,163.43,127.46,0.032176025215894084,0.00911867372538134,big_database
42.69,0.0,18.6,0.78,0.44,0.48,0.0,0.0,62.20447916666666,0.2,389.4,0.0,372.32,0.0,10.69,4.0,979.09,27.0,23.32,88.96,8.83,85592.91,490.54,60507.78,7525.95,7.01,0.0,0.0,34.18384972942461,17855.44,6.0946568533333325,0.13699999999999998,15.66,4.63,1.54,1.72,5.36,0.74,70.32,0.62,1,0,124142128,160320,222091184,1,370388,151786,224775,0,65,197,13.4,228788.8,194.0,1329.0,169.46,164.0,127.84,0.032176025215894084,0.008753926776366085,big_database
63.13,0.0,25.76,0.14,0.55,0.49,0.0,0.0,89.94052083333332,0.0,205.2,0.0,180.42,0.0,17.85,0.0,900.34,0.0,17.72,43.44,3.51,127811.11,714.06,90258.4,11055.2,10.47,0.0,0.0,34.183646994353865,20808.5,7.102634666666668,0.12300000000000001,15.92,5.25,1.59,1.8,5.96,0.73,69.93,0.64,3,0,122443296,160684,223793360,0,196547,149804,202392,0,87,7,11.6,198204.2,5.0,1324.0,171.83,164.58,128.22,0.032200327349742944,0.008753926776366085,big_database
30.86,0.0,13.22,1.26,0.39,0.45,0.0,0.0,44.9171875,0.4,429.6,0.0,417.18,0.0,9.1,4.0,994.38,24.0,23.68,100.0,9.91,58222.16,336.81,41241.6,5156.2,4.77,0.0,0.0,34.18663031305408,16256.78,5.5489809066666655,0.18,17.36,4.05,1.15,1.41,3.96,0.71,67.98,0.6,0,0,120435616,160848,225765632,2,426781,150977,257182,0,48,198,13.8,261637.2,198.0,1325.0,158.71,161.98,127.57,0.032176025215894084,0.008389179827350832,big_database
44.57,0.07,19.16,0.68,0.45,0.53,0.0,0.0,64.78406250000002,0.6,431.0,0.0,417.15,0.0,10.54,4.0,991.08,18.67,23.22,99.36,9.7,88604.04,506.5,62663.4,7771.0,7.26,0.0,0.0,34.18854908280604,17687.68,6.037394773333332,0.188,16.74,3.73,1.13,1.4,3.78,0.71,68.08,0.58,3,0,118789552,161084,227398320,3,428199,152290,244706,0,65,193,12.0,243973.0,180.0,1325.0,161.7,162.55,127.94,0.03232183801898726,0.008389179827350832,big_database
35.07,0.0,14.11,0.86,0.41,0.48,0.0,0.0,50.06614583333336,0.2,430.6,0.0,418.59,0.0,5.9,4.0,995.44,22.0,24.14,99.84,10.12,66941.06,382.83,47437.8,5898.4,5.48,0.0,0.2,34.19063945602612,11969.92,4.085732693333333,0.15,15.83,4.28,1.36,1.59,4.83,0.72,69.5,0.58,1,0,116990768,161256,229207808,1,427825,152786,266456,0,47,6,17.8,262178.8,6.0,1325.0,164.92,163.2,128.34,0.032200327349742944,0.007659685929320323,big_database
22.29,0.0,9.94,1.53,0.34,0.43,0.0,0.0,35.212105263157895,0.2,422.8,0.0,419.27,0.0,2.27,4.0,1015.44,22.0,26.58,99.92,10.94,42753.74,250.53,30295.0,3798.2,3.5,0.0,0.0,34.192285634428266,9529.0,3.252565333333333,0.8190000000000001,24.12,2.36,0.12,0.43,0.71,0.58,50.34,1.41,3,0,115459904,161360,230737152,1,430019,170071,304361,0,33,4,9.2,301822.6,6.0,1326.0,163.89,163.02,128.47,0.03222462948359181,0.007294938980305071,big_database
2.3,0.0,1.67,2.35,0.28,0.29,0.0,0.0,87.77666666666666,0.4,423.4,0.0,420.07,0.0,2.67,4.0,1015.94,36.5,27.92,100.16,11.59,5.22,10.06,80.8,80.6,0.0,0.0,0.0,34.187445809181355,3817.9,1.3031765333333334,0.237,18.25,3.49,0.89,1.14,2.95,0.7,66.98,0.67,2,0,113840288,161464,232385632,2,430932,159672,281931,0,4,3,16.2,285095.8,5.0,1326.0,151.49,160.46,127.82,0.03222462948359181,0.007294938980305071,big_database
22.76,0.0,9.9,1.25,0.34,0.42,0.0,0.0,33.460105263157885,0.2,432.0,0.0,418.55,0.0,8.71,4.0,992.12,43.0,36.62,99.84,15.45,42782.7,248.78,30315.4,3816.0,3.5,0.0,0.0,34.18949062395856,10423.76,3.5579767466666667,0.496,23.09,2.69,0.33,0.63,1.28,0.64,58.13,0.8,3,0,111889400,161600,234320016,1,427173,157328,275186,0,34,4,15.2,272272.6,7.0,1331.0,139.83,157.89,127.17,0.03222462948359181,0.007294938980305071,big_database
22.56,0.0,10.21,1.47,0.37,0.44,0.0,0.0,34.17253012048192,0.0,478.4,0.0,415.25,0.0,3.16,0.0,888.82,0.0,27.29,99.36,12.69,42678.28,246.9,30145.2,3759.6,3.5,0.0,0.0,34.18572066281156,10496.7,3.5828736000000005,0.203,17.3,3.87,1.03,1.26,3.53,0.72,68.13,0.67,1,0,110419040,161712,235791600,1,424408,171773,295272,0,34,4,10.0,297868.6,5.0,1326.0,129.36,155.42,126.53,0.03222462948359181,0.007294938980305071,big_database
2.22,0.0,1.8,1.54,0.25,0.38,0.0,0.0,59.4025,0.4,422.0,0.0,419.24,0.0,2.36,4.0,1017.29,29.0,39.49,99.92,16.31,14.85,12.25,163.2,125.0,0.0,0.0,0.0,34.18737519359491,3790.84,1.2939400533333334,0.7879999999999999,23.18,2.25,0.12,0.45,0.76,0.6,51.75,1.26,2,0,109055896,161800,237169632,1,431387,157953,278279,0,4,3,15.8,278148.4,4.0,1326.0,119.48,152.94,125.89,0.03224893161744067,0.007294938980305071,big_database
11.13,0.0,5.7,1.48,0.3,0.35,0.0,0.0,96.8,0.2,407.8,0.0,396.93,0.0,5.34,4.0,996.71,25.0,37.97,94.56,15.1,19551.02,116.51,13846.4,1763.6,1.6,0.0,0.2,34.18381707920722,9664.02,3.29865216,0.142,16.46,4.8,1.45,1.67,5.15,0.73,69.86,0.68,0,0,107787728,161996,238408336,1,395241,153348,253676,0,21,197,13.8,257818.2,197.0,1327.0,110.39,150.5,125.24,0.03222462948359181,0.007659685929320323,big_database
53.39,0.0,23.12,0.43,0.5,0.49,0.0,0.0,77.50052083333334,0.0,318.0,0.0,199.91,0.0,22.89,0.0,643.72,0.0,16.59,48.88,5.11,108669.51,612.07,76805.2,9410.8,8.9,0.0,0.0,34.19256278162236,18511.26,6.31851008,0.203,17.91,4.14,0.99,1.22,3.5,0.71,67.22,0.75,1,0,113115408,162312,233051360,0,214704,150549,234572,0,74,5,11.4,230510.6,7.0,1326.0,117.49,151.31,125.64,0.03222462948359181,0.008024432878335578,big_database
9.23,0.0,5.69,1.42,0.29,0.39,0.0,0.0,59.124285714285726,0.2,619.96,0.0,388.14,0.0,7.92,4.0,641.1,24.0,15.8,92.61,9.47,14771.87,95.47,10504.4,1391.6,1.21,0.0,0.0,34.19625301549435,9925.66,3.3879586133333333,0.134,16.67,5.29,1.45,1.67,5.48,0.74,70.14,0.69,0,0,119737200,162452,226427520,1,385870,156233,261135,0,19,187,16.2,265461.8,197.0,1326.0,108.72,148.93,125.01,0.03222462948359181,0.008024432878335578,big_database
67.85,0.0,28.99,0.04,0.58,0.51,0.0,0.0,97.93447916666666,0.0,288.4,0.0,130.37,0.0,30.91,0.0,462.89,0.0,13.0,32.32,3.63,138216.79,768.01,97554.2,11860.8,11.32,0.0,0.0,34.19750966921002,25679.7,8.765337599999999,0.10300000000000001,15.39,5.98,1.8,2.01,7.16,0.73,70.43,0.65,0,0,126144064,162944,220007584,0,132981,145676,217539,0,98,197,9.0,217855.4,194.0,1326.0,115.87,149.74,125.4,0.03222462948359181,0.006930192031289818,big_database
66.46,0.0,28.96,0.07,0.56,0.5,0.0,0.0,96.48135416666666,0.0,293.0,0.0,143.72,0.0,30.3,0.0,502.3,0.0,12.93,35.12,3.65,134397.26,746.6,94822.55,11492.81,11.01,0.0,0.0,34.19975038529155,24197.3,8.259345066666668,0.11599999999999999,15.84,5.64,1.62,1.83,6.28,0.73,69.75,0.66,3,0,132687312,163380,213446560,0,159789,145169,245600,0,96,190,18.0,244657.8,157.0,1327.0,121.73,150.39,125.74,0.03224893161744067,0.006565445082274564,big_database
27.73,0.0,13.05,1.13,0.39,0.47,0.0,0.0,41.64208333333333,0.2,620.4,0.0,409.93,0.0,17.13,4.0,676.61,13.0,16.33,98.96,9.82,54190.65,320.29,38470.4,4889.2,4.44,0.0,0.0,34.20301464772277,11498.58,3.92484864,0.205,18.05,3.94,1.03,1.27,3.46,0.71,67.96,0.7,2,0,137374448,163580,208736160,1,419151,153113,266335,0,38,4,12.0,262472.2,5.0,1327.0,112.7,148.05,125.11,0.03224893161744067,0.006565445082274564,big_database
31.74,0.0,14.91,0.99,0.4,0.49,0.0,0.0,47.5445833333333,0.2,610.2,0.0,407.29,0.0,6.67,4.0,683.49,11.0,16.78,98.88,9.81,64328.23,375.26,45616.8,5800.4,5.27,0.0,0.2,34.20734118118008,16895.079999999998,5.766853973333332,0.129,15.96,5.08,1.6,1.79,5.63,0.73,69.76,0.7,3,0,135409408,163784,210392208,1,417140,153873,266700,0,51,196,14.8,269717.8,30.0,1327.0,104.15,145.69,124.47,0.032273233751289536,0.006565445082274564,big_database
67.6,0.0,29.96,0.01,0.59,0.53,0.0,0.0,98.6725,0.0,234.6,0.0,149.15,0.0,30.01,0.0,651.02,0.0,14.53,37.04,3.23,143225.54,801.48,101067.8,12349.8,11.73,0.0,0.0,34.313443757380945,25388.72,8.666016426666667,0.102,15.22,5.96,1.87,2.07,7.22,0.74,70.9,0.66,1,0,133513312,164536,211693648,0,150368,152719,182141,0,99,199,13.4,183182.8,195.0,1327.0,111.59,146.54,124.86,0.03224893161744067,0.006565445082274564,big_database
65.48,0.0,29.53,0.1,0.57,0.63,0.0,0.0,96.20791666666668,0.4,547.0,0.0,401.69,0.0,8.77,4.0,751.98,19.5,18.11,99.28,9.52,134422.99,749.0,94856.4,11561.4,11.01,0.0,0.0,34.376593833649565,24463.0,8.350037333333333,0.10800000000000001,15.63,5.92,1.75,1.96,6.77,0.73,69.98,0.66,1,0,132546128,164716,212671200,2,413910,146869,248641,0,94,183,11.8,245855.8,6.0,1327.0,118.75,147.44,125.27,0.03224893161744067,0.006565445082274564,big_database
46.03,0.0,21.16,0.55,0.47,0.57,0.0,0.0,68.23375,0.2,554.4,0.0,406.95,0.0,7.48,4.0,751.66,8.0,18.95,99.36,10.07,93018.68,527.67,65747.2,8118.2,7.62,0.0,0.0,34.375236951359604,19131.84,6.53033472,0.10400000000000001,15.38,5.99,1.82,2.03,7.11,0.74,70.59,0.66,0,0,131479328,164904,213739408,1,410035,151075,234769,0,71,196,15.8,237266.8,199.0,1327.0,125.1,148.28,125.66,0.03224893161744067,0.006930192031289818,big_database
68.15,0.0,29.76,0.01,0.59,0.5,0.0,0.0,99.00177083333334,0.0,187.2,0.0,156.83,0.0,20.75,0.0,857.86,0.0,16.86,38.96,2.97,142172.45,792.46,100321.6,12211.0,11.65,0.0,0.0,34.37901070904351,25279.78,8.628831573333333,0.098,15.1,6.19,1.91,2.11,7.58,0.74,70.75,0.64,0,0,130499800,165292,214697280,1,167083,152936,188916,0,99,190,9.4,188816.0,199.0,1327.0,130.85,149.09,126.05,0.03224893161744067,0.007294938980305071,big_database
67.13,0.0,29.38,0.04,0.57,0.59,0.0,0.0,97.67854166666666,0.2,322.2,0.0,274.45,0.0,17.55,4.0,872.26,31.0,20.3,68.4,6.2,138225.61,768.09,97535.0,11858.0,11.32,0.0,0.0,34.379831520322455,25132.34,8.578505386666668,0.096,14.99,6.21,1.94,2.15,7.77,0.75,71.17,0.65,0,0,129491696,165612,215692992,0,269467,148369,207592,0,98,197,15.77,207413.57,196.0,1327.0,135.35,149.72,126.37,0.03237044228668499,0.007294938980305071,big_database
68.43,0.0,29.05,0.01,0.61,0.49,0.0,0.0,98.58989583333336,0.0,166.0,0.0,133.01,0.0,22.93,0.0,820.49,0.0,13.64,32.72,2.14,141985.55,792.67,100206.8,12212.8,11.63,0.0,0.2,34.38448531526101,25565.08,8.726213973333332,0.102,15.11,5.99,1.87,2.09,7.33,0.74,70.68,0.67,1,0,128344600,166092,216749344,0,138943,156052,191518,0,98,120,9.4,189506.2,190.0,1327.0,140.05,150.46,126.74,0.03224893161744067,0.007294938980305071,big_database
67.31,0.0,29.3,0.02,0.62,0.5,0.0,0.0,97.73239583333329,0.0,159.0,0.0,132.26,0.0,21.98,0.0,851.79,0.0,13.99,32.56,2.09,142224.87,790.89,100414.4,12203.0,11.65,0.0,0.0,34.44317901651015,26144.78,8.924084906666668,0.10400000000000001,15.31,5.92,1.87,2.08,7.18,0.74,70.38,0.66,3,0,126665056,166540,217938160,0,136336,166558,210557,0,98,190,15.8,212093.0,185.0,1327.0,144.45,151.2,127.1,0.03224893161744067,0.007659685929320323,big_database
67.44,0.0,30.05,0.01,0.59,0.53,0.0,0.0,98.60270833333333,0.0,162.0,0.0,133.75,0.0,24.79,0.0,845.46,0.0,13.33,33.52,2.01,142987.26,793.59,100932.2,12283.0,11.71,0.0,0.0,34.53208783637412,25895.4,8.8389632,0.10400000000000001,15.26,5.9,1.87,2.08,7.19,0.75,70.75,0.66,1,0,125022320,167016,219107424,0,134998,155316,191722,0,98,182,9.4,191993.4,179.0,1328.0,148.9,152.01,127.5,0.03224893161744067,0.007659685929320323,big_database
56.72,0.0,25.12,0.25,0.54,0.53,0.0,0.0,82.90364583333334,0.0,272.2,0.0,249.97,0.0,10.87,0.0,940.38,0.0,20.56,61.76,5.38,118009.79,660.58,83342.8,10155.6,9.67,0.0,0.0,34.62138845884672,19895.98,6.791161173333332,0.177,17.65,4.36,1.12,1.44,4.06,0.72,66.81,0.71,2,0,122994464,167288,220419296,0,267865,155582,219981,0,79,4,15.8,215425.8,4.0,1327.0,152.83,152.77,127.87,0.032297535885138395,0.008024432878335578,big_database
27.54,0.0,11.27,1.17,0.37,0.42,0.0,0.0,39.59958333333334,0.0,349.0,0.0,331.31,0.0,7.92,0.0,972.11,0.0,24.34,79.36,8.24,51659.54,297.71,36518.4,4539.8,4.23,0.0,0.0,34.74548737928626,15163.3,5.175739733333333,0.10300000000000001,15.57,6.02,1.82,2.05,7.24,0.75,70.36,0.66,0,0,121902544,167476,221363216,0,325806,151002,231179,0,43,198,13.8,235752.4,191.0,1328.0,141.47,150.42,127.25,0.03224893161744067,0.008024432878335578,big_database
68.75,0.0,28.7,0.04,0.59,0.57,0.0,0.0,98.61354166666662,0.0,261.8,0.0,228.97,0.0,18.59,0.0,895.57,0.0,19.11,57.28,4.77,139764.56,776.39,98659.28,12001.8,11.45,0.0,0.0,34.746454736889746,23099.24,7.884540586666668,0.131,16.47,5.22,1.47,1.72,5.6,0.74,69.15,0.68,2,0,120913704,167816,222348496,0,247394,149633,215150,0,96,8,11.4,198303.8,199.0,1327.0,145.92,151.19,127.62,0.03224893161744067,0.008024432878335578,big_database
41.22,0.0,15.67,0.71,0.43,0.44,0.0,0.0,57.75593750000001,0.0,317.8,0.0,274.98,0.0,11.48,0.0,886.02,0.0,21.77,66.0,6.69,78179.54,441.84,55293.0,6785.6,6.4,0.0,0.2,34.749997665129804,19083.92,6.513978026666668,0.09699999999999999,15.41,6.24,1.9,2.12,7.67,0.75,70.61,0.6,0,0,119905176,168088,223379968,0,269270,152268,229876,0,60,194,17.8,247096.6,198.0,1327.0,135.03,148.85,126.99,0.03234614015283612,0.008024432878335578,big_database
67.95,0.0,28.34,0.05,0.59,0.52,0.0,0.0,97.40874999999993,0.0,238.12,0.0,200.59,0.0,16.28,0.0,862.6,0.0,18.08,48.46,4.17,140342.44,782.52,99062.4,12075.2,11.5,0.0,0.0,34.77004641721951,25823.66,8.814475946666667,0.106,15.68,5.97,1.84,2.05,7.02,0.74,70.41,0.61,0,0,118317768,168528,224533264,0,206818,156242,216509,0,97,136,9.0,215907.0,196.0,1327.0,140.08,149.66,127.37,0.03224893161744067,0.007659685929320323,big_database
68.21,0.0,29.43,0.02,0.58,0.5,0.0,0.0,98.71822916666667,0.0,159.4,0.0,132.81,0.0,21.86,0.0,853.15,0.0,15.25,32.32,2.32,143055.28,797.45,100955.8,12328.6,11.72,0.0,0.0,34.86662879747655,26049.56,8.891583146666667,0.107,15.97,5.99,1.84,2.04,6.95,0.74,70.43,0.63,0,0,116478032,169008,225804800,0,137742,154829,188174,0,99,194,16.2,187807.2,197.0,1327.0,145.04,150.53,127.77,0.03232183801898726,0.007659685929320323,big_database
68.71,0.0,29.11,0.0,0.6,0.49,0.0,0.0,98.91666666666669,0.0,165.2,0.0,135.51,0.0,22.44,0.0,839.98,0.0,14.96,32.8,2.36,143242.08,797.8,101084.0,12296.2,11.73,0.0,0.0,34.987848424327076,26130.26,8.919128746666667,0.106,15.73,5.95,1.83,2.05,6.99,0.74,70.53,0.61,0,0,114483744,169428,227161056,0,135302,153653,189213,0,99,182,9.0,189634.6,194.0,1327.0,149.44,151.35,128.16,0.03224893161744067,0.007659685929320323,big_database
68.71,0.0,28.27,0.01,0.61,0.5,0.0,0.0,98.09260416666666,0.0,171.4,0.0,132.26,0.0,23.28,0.0,790.18,0.0,13.38,32.16,2.18,142564.05,796.88,100709.0,12325.2,11.68,0.0,0.0,35.10210064664894,25797.94,8.805696853333334,0.095,15.03,6.26,1.97,2.18,7.9,0.75,70.76,0.59,0,0,113066528,169892,228228448,0,138671,165765,205758,0,98,188,16.2,203915.2,191.0,1327.0,153.01,152.06,128.51,0.032297535885138395,0.007659685929320323,big_database
68.81,0.0,28.91,0.01,0.56,0.5,0.0,0.0,98.77708333333337,0.0,198.0,0.0,160.27,0.0,20.61,0.0,828.88,0.0,16.24,38.56,3.08,143560.7,798.42,101299.8,12304.2,11.76,0.0,0.0,35.12114559438089,24797.86,8.464336213333333,0.09300000000000001,14.86,6.24,2.01,2.21,8.1,0.75,71.3,0.57,0,0,112359944,170332,228932096,0,162538,150593,181194,0,99,184,12.0,182914.6,179.0,1327.0,156.05,152.71,128.85,0.03224893161744067,0.007659685929320323,big_database
68.81,0.0,27.64,0.02,0.62,0.53,0.0,0.0,97.59718749999996,0.2,205.4,0.0,175.22,0.0,20.02,4.0,873.54,27.0,16.74,42.4,3.31,142389.62,798.25,100572.2,12298.6,11.66,0.0,0.2,35.117525216787946,23122.18,7.892370773333332,0.109,15.91,5.83,1.65,2.02,6.83,0.75,70.07,0.55,1,0,111670320,170744,229634672,1,192211,165350,212866,0,98,174,13.0,212584.0,167.0,1327.0,158.45,153.26,129.16,0.032273233751289536,0.008024432878335578,big_database
7.31,0.0,2.62,1.68,0.27,0.33,0.0,0.0,49.16,0.0,436.2,0.0,420.04,0.0,3.62,0.0,986.06,0.0,24.33,100.0,10.34,9409.38,63.63,6777.8,950.4,0.77,0.0,0.0,35.11406733097457,6748.82,2.3035972266666667,0.109,15.9,5.77,1.7,2.04,6.9,0.75,70.74,0.57,2,0,111555184,170836,229778480,0,428720,152760,278958,0,10,177,15.8,276741.8,172.0,1327.0,146.32,150.83,128.5,0.03224893161744067,0.008024432878335578,big_database
69.1,0.0,28.46,0.01,0.58,0.52,0.0,0.0,98.65927083333334,0.0,189.2,0.0,158.92,0.0,18.45,0.0,860.12,0.0,17.19,39.04,3.11,143772.64,790.69,101490.4,12183.4,11.78,0.0,0.0,35.10796249963079,24252.06,8.27803648,0.092,14.78,6.07,2.04,2.22,8.19,0.76,71.41,0.57,0,0,110811568,171284,230549168,0,151619,145733,177046,0,99,163,9.4,179366.4,162.0,1327.0,149.1,151.33,128.78,0.03224893161744067,0.007659685929320323,big_database
69.26,0.0,27.9,0.01,0.54,0.5,0.0,0.0,98.19572916666668,0.0,162.4,0.0,134.26,0.0,22.45,0.0,846.59,0.0,14.79,32.4,2.29,143010.92,776.79,100979.24,11987.62,11.72,0.0,0.0,35.10368911769014,23708.1,8.0923648,0.092,14.76,5.92,2.05,2.22,8.23,0.76,71.7,0.55,0,0,110065136,171752,231318272,0,135699,147906,188806,0,98,141,15.8,188214.4,142.0,1327.0,150.13,151.51,128.96,0.03237044228668499,0.007659685929320323,big_database
69.44,0.0,27.05,0.02,0.52,0.53,0.0,0.0,97.53749999999998,0.0,165.6,0.0,135.95,0.0,23.97,0.0,840.65,0.0,14.93,33.44,2.36,142697.7,761.73,100824.4,11777.6,11.69,0.0,0.0,35.097664772928745,22934.18,7.828200106666666,0.09300000000000001,14.72,5.64,2.04,2.2,8.13,0.76,71.98,0.5,0,0,109337936,172256,232082064,0,139145,154002,208859,0,98,114,9.4,207394.4,115.0,1329.0,149.08,151.27,129.01,0.03224893161744067,0.007659685929320323,big_database
69.89,0.0,25.63,0.04,0.55,0.53,0.0,0.0,96.59239583333333,0.0,164.0,0.0,135.79,0.0,20.54,0.0,847.85,0.0,14.7,33.52,2.3,142629.62,749.8,100842.0,11575.6,11.68,0.0,0.0,35.092245596150065,23059.68,7.87103744,0.10800000000000001,15.63,5.15,1.86,2.05,6.98,0.76,71.05,0.54,0,0,108087616,172764,233363872,0,138602,160909,230132,0,97,100,15.8,228996.4,88.0,1327.0,145.95,150.58,128.9,0.03224893161744067,0.008024432878335578,big_database
65.69,0.0,13.44,0.21,0.43,0.44,0.0,0.0,79.9947916666667,0.0,166.4,0.0,129.81,0.0,26.82,0.0,798.86,0.0,13.48,31.36,2.12,136480.05,695.57,96790.2,10705.8,11.18,0.0,0.2,35.08532147214211,21382.0,7.298389333333333,0.109,14.89,5.31,2.07,2.23,6.99,0.76,71.11,0.44,0,0,107043392,173236,234452368,0,132944,153992,220870,0,79,62,13.8,223528.4,63.0,1263.0,141.63,149.61,128.7,0.0306692929172646,0.008024432878335578,big_database
44.2,0.0,3.29,0.45,0.26,0.35,0.0,0.0,58.972394366197186,0.2,155.2,0.0,124.03,0.0,23.09,4.0,818.33,27.0,12.6,30.32,1.87,118740.55,593.09,84305.0,9159.8,9.73,0.0,0.0,35.07697516540942,15675.62,5.350611626666667,0.172,15.69,4.63,2.06,2.27,4.14,0.71,64.9,0.45,0,0,106418392,173720,235122560,1,127989,100947,119954,0,47,19,13.0,126715.0,26.0,1197.0,135.09,148.12,128.34,0.02908965421708853,0.008024432878335578,big_database
6.98,0.0,0.96,0.54,0.1,0.15,0.0,0.0,49.602500000000006,0.2,120.8,0.0,101.42,0.0,15.99,4.0,859.73,24.0,16.99,24.48,1.99,22100.9,107.66,15586.6,1593.0,1.81,0.0,0.0,35.07001611326193,4404.58,1.5034299733333332,0.578,26.82,3.82,0.24,0.95,1.19,0.69,51.59,1.58,0,0,105597328,173912,235965184,1,99137,33560,13309,0,7,5,15.8,15041.2,4.0,1132.0,125.55,145.93,127.73,0.027510015516912463,0.008024432878335578,big_database
2.98,0.0,0.55,0.2,0.07,0.09,0.0,0.0,63.03000000000001,0.0,0.4,0.0,0.0,0.0,33.33,0.0,6.0,0.0,0.0,0.0,0.0,1.31,6.41,11.8,12.0,0.0,0.0,0.0,35.0690829244906,2962.54,1.0112136533333334,0.43799999999999994,28.1,5.25,0.21,1.45,1.68,0.74,54.33,0.85,0,0,105312752,173928,236245584,0,6,26039,3713,0,4,4,10.6,3630.0,5.0,1133.0,115.9,143.59,127.07,0.0274857133830636,0.007659685929320323,big_database
3.3,0.0,0.54,0.22,0.04,0.12,0.0,0.0,86.60000000000002,0.0,0.6,0.0,0.02,0.0,70.0,0.0,32.0,0.0,0.0,0.0,0.0,0.19,2.89,2.2,2.2,0.0,0.0,0.0,35.0664959642433,3218.88,1.09871104,0.49,28.0,4.84,0.23,1.21,1.43,0.7,51.76,1.04,0,0,104943040,173944,236634080,0,22,26245,4190,0,4,3,14.6,4245.4,4.0,1131.0,106.94,141.27,126.41,0.0274857133830636,0.007659685929320323,big_database
3.36,0.0,1.19,0.74,0.05,0.17,0.0,0.0,74.9,0.0,197.0,0.0,188.84,0.0,2.38,0.0,981.6,0.0,24.05,45.04,4.64,0.3,4.17,4.0,3.8,0.0,0.0,0.0,35.065448879364816,4256.34,1.45283072,0.47600000000000003,25.62,5.09,0.22,0.98,1.43,0.68,52.19,0.98,2,0,104342448,173956,237232064,0,211702,35038,21438,0,4,4,16.4,18029.8,5.0,1132.0,98.7,138.99,125.75,0.02753431765076133,0.007659685929320323,big_database
3.21,0.0,1.19,0.73,0.04,0.17,0.0,0.0,94.495,0.0,285.8,0.0,140.58,0.0,4.16,0.0,503.68,0.0,12.71,33.44,3.5,0.22,4.46,2.6,3.8,0.0,0.0,0.2,35.06597432007251,3995.52,1.3638041599999997,0.584,27.56,3.93,0.2,0.91,1.14,0.66,49.79,0.95,0,0,103564864,173976,238008576,0,125633,35869,23008,0,4,4,9.6,26366.6,5.0,1134.0,91.35,136.8,125.12,0.027510015516912463,0.007659685929320323,big_database
3.28,0.0,1.2,0.71,0.07,0.2,0.0,0.0,75.25500000000002,0.0,409.4,0.0,242.06,0.0,2.01,0.0,605.45,0.0,14.96,57.68,5.95,0.25,4.09,4.2,2.4,0.0,0.0,0.0,35.06703583179125,4225.46,1.4422903466666666,0.466,26.18,5.23,0.25,1.05,1.44,0.67,51.12,1.09,0,0,103016112,173992,238550112,0,247877,31608,14232,0,4,4,15.8,14250.0,4.0,1132.0,84.36,134.6,124.46,0.027510015516912463,0.008024432878335578,big_database
3.19,0.0,1.24,0.21,0.05,0.1,0.0,0.0,60.64833333333333,0.0,31.2,0.0,29.7,0.0,8.77,0.0,974.9,0.0,21.42,7.2,0.68,0.32,5.73,4.4,4.2,0.0,0.0,0.0,35.066674401477854,4002.86,1.3663095466666666,0.478,26.42,4.89,0.26,1.07,1.43,0.69,51.04,1.12,1,0,102459968,174012,239105424,0,49275,26452,4490,0,4,4,15.8,4461.4,4.0,1132.0,77.92,132.43,123.82,0.027631526186156774,0.006930192031289818,big_database
3.37,0.0,0.92,0.42,0.04,0.15,0.0,0.0,77.94000000000003,0.0,120.0,0.0,102.76,0.0,7.41,0.0,876.87,0.0,22.17,24.48,2.58,0.15,2.96,2.4,2.6,0.0,0.0,0.0,35.06716111750912,3879.68,1.3242641066666667,0.611,27.09,3.72,0.17,0.82,1.06,0.65,49.01,0.96,0,0,101938040,174040,239627792,0,86413,26522,4482,0,4,3,9.4,4466.0,4.0,1137.0,72.16,130.33,123.18,0.027510015516912463,0.006930192031289818,big_database
2.93,0.0,1.46,0.35,0.06,0.1,0.0,0.0,84.44999999999997,0.0,102.2,0.0,88.46,0.0,4.13,0.0,886.38,0.0,21.13,20.96,2.12,1.34,5.9,12.2,11.8,0.0,0.0,0.0,35.067303107989375,3946.38,1.34703104,0.461,26.48,5.24,0.26,1.13,1.47,0.68,50.48,1.16,0,0,100977376,174056,240589440,0,90592,26166,3832,0,5,5,15.8,3880.8,4.0,1132.0,66.7,128.23,122.54,0.027510015516912463,0.007294938980305071,big_database
3.4,0.0,0.94,0.21,0.05,0.12,0.0,0.0,57.31333333333334,0.0,6.6,0.0,2.74,0.0,15.38,0.0,424.73,0.0,6.03,0.64,0.04,0.28,5.71,4.6,3.8,0.0,0.0,0.0,35.066546837837826,3949.9800000000014,1.34825984,0.473,27.02,5.46,0.25,1.13,1.48,0.7,50.95,1.15,1,0,100430432,174072,241133376,0,2806,26356,4355,0,4,4,16.2,4339.8,5.0,1132.0,61.68,126.17,121.91,0.027631526186156774,0.006930192031289818,big_database
3.2,0.0,0.84,0.52,0.09,0.15,0.0,0.0,64.91199999999999,0.2,413.0,0.0,204.26,0.0,2.04,4.0,506.44,11.0,12.3,48.8,4.93,0.21,1.17,1.6,1.0,0.0,0.0,0.2,35.06857039200838,4487.96,1.531890346666667,0.47100000000000003,26.81,4.97,0.24,1.08,1.5,0.71,53.51,0.91,1,0,99954392,174128,241605760,1,227597,27254,5499,0,4,6,10.6,5426.0,5.0,1133.0,56.9,124.11,121.26,0.027510015516912463,0.006565445082274564,big_database
3.47,0.0,1.17,0.83,0.07,0.21,0.0,0.0,65.90400000000002,0.2,596.0,0.0,356.77,0.0,3.4,4.0,612.97,13.0,15.12,85.12,8.77,0.24,5.79,4.0,4.4,0.0,0.0,0.0,35.068331210183345,4418.8,1.5082837333333332,0.48700000000000004,26.77,4.83,0.25,1.08,1.41,0.69,50.53,1.02,0,0,99335840,174200,242225312,1,346900,29635,10093,0,4,4,16.2,10172.6,3.0,1132.0,52.83,122.15,120.64,0.027510015516912463,0.006930192031289818,big_database
3.47,0.0,0.93,0.29,0.06,0.13,0.0,0.0,60.31333333333333,0.0,111.6,0.0,55.44,0.0,2.28,0.0,508.74,0.0,12.59,13.2,1.39,0.25,5.75,4.2,4.2,0.0,0.0,0.0,35.068130753034744,4100.58,1.39966464,0.39799999999999996,29.68,5.79,0.28,1.15,1.86,0.74,54.54,0.81,2,0,98668272,174228,242887200,0,75630,26440,4299,0,4,5,15.8,4253.4,5.0,1132.0,49.0,120.2,120.02,0.027631526186156774,0.006565445082274564,big_database
3.34,0.0,1.2,0.52,0.05,0.15,0.0,0.0,74.744,0.0,362.2,0.0,196.88,0.0,2.32,0.0,556.62,0.0,14.04,46.96,4.94,0.28,2.85,2.8,2.0,0.0,0.0,0.0,35.070584075182964,3756.36,1.28217088,0.245,30.28,8.16,0.31,1.28,3.11,0.76,56.6,0.54,1,0,98473272,174272,243062080,0,182772,26110,3329,0,4,7,9.4,3404.6,4.0,1132.0,45.55,118.31,119.41,0.027510015516912463,0.00620069813325931,big_database
2.54,0.0,2.03,0.34,0.07,0.13,0.0,0.0,48.63,0.0,127.0,0.0,90.84,0.0,4.22,0.0,732.42,0.0,18.31,21.6,2.25,1.38,6.3,12.0,13.2,0.0,0.0,0.0,35.0785879342868,4257.58,1.4532539733333334,0.449,27.16,5.54,0.2,0.77,1.49,0.67,52.86,1.4,1,0,97761136,174296,243477600,0,93047,26102,3665,0,5,4,15.8,3622.0,4.0,1132.0,42.23,116.41,118.79,0.027510015516912463,0.006565445082274564,big_database
2.19,0.0,2.2,0.21,0.09,0.08,0.0,0.0,62.225,0.0,0.4,0.0,0.0,0.0,33.33,0.0,6.0,0.0,0.5,0.0,0.0,0.32,5.73,4.4,4.2,0.0,0.0,0.0,35.191074007640296,4443.02,1.5165508266666663,0.297,30.02,7.71,0.24,1.01,2.41,0.72,56.35,0.82,1,0,96508368,174312,244183792,0,13,26345,4366,0,4,5,16.2,4351.2,4.0,1132.0,39.16,114.54,118.17,0.027631526186156774,0.006930192031289818,big_database
2.0,0.0,2.49,0.2,0.1,0.06,0.0,0.0,46.58666666666667,0.0,2.8,0.0,1.76,0.0,54.84,0.0,644.0,0.0,7.21,0.4,0.02,0.13,1.17,1.2,1.6,0.0,0.0,0.2,35.23757626957902,3945.62,1.3467716266666665,0.237,32.49,8.88,0.29,1.26,3.2,0.76,56.6,0.53,1,0,96418112,174332,244230144,0,1811,25754,3159,0,5,4,9.0,3202.2,4.0,1132.0,36.35,112.71,117.56,0.027510015516912463,0.006930192031289818,big_database
2.89,0.0,1.61,0.21,0.1,0.09,0.0,0.0,96.8,0.0,4.6,0.0,0.05,0.0,60.34,0.0,10.09,0.0,0.39,0.0,0.0,0.37,5.67,5.0,4.6,0.0,0.0,0.0,35.244956737323,3730.42,1.273316693333333,0.29,31.8,7.78,0.24,1.1,2.52,0.73,56.05,1.08,1,0,96241400,174348,244358304,0,50,25749,3157,0,5,4,16.2,3180.6,4.0,1132.0,33.76,110.9,116.95,0.027510015516912463,0.006930192031289818,big_database
2.14,0.0,2.4,0.39,0.09,0.08,0.0,0.0,54.07714285714286,0.2,142.6,0.0,80.68,0.0,3.12,4.0,579.33,7.0,13.25,19.36,1.86,0.23,5.78,3.8,4.6,0.0,0.0,0.0,35.27372537537689,4547.82,1.55232256,0.42,29.0,5.75,0.25,1.02,1.64,0.69,58.16,0.95,0,0,95508256,174384,244859760,1,102276,26099,3587,0,5,5,15.8,3574.4,4.0,1132.0,31.37,109.13,116.34,0.027631526186156774,0.006930192031289818,big_database
2.81,0.0,1.51,0.24,0.1,0.08,0.0,0.0,66.47600000000001,0.0,34.6,0.0,25.61,0.0,10.82,0.0,757.8,0.0,19.04,6.08,0.61,0.18,2.88,2.0,2.2,0.0,0.0,0.0,35.31004988117978,4478.219999999998,1.5285657599999998,0.436,30.99,5.86,0.24,1.22,1.69,0.74,61.88,0.83,0,0,94405328,174404,245802080,0,6562,25627,2900,0,5,5,9.4,2908.2,6.0,1132.0,29.34,107.41,115.75,0.027510015516912463,0.007294938980305071,big_database
3.5,0.0,1.0,0.59,0.1,0.15,0.0,0.0,69.36800000000001,0.0,396.0,0.0,214.01,0.0,2.13,0.0,553.41,0.0,13.72,51.04,5.3,1.24,5.94,11.0,12.0,0.0,0.0,0.0,35.35604644440272,4543.2,1.5507456,0.381,31.41,6.73,0.32,1.49,2.02,0.77,62.49,0.89,0,0,93846208,174452,246032784,0,219166,26346,3713,0,4,4,15.8,3726.6,5.0,1132.0,27.55,105.75,115.16,0.027510015516912463,0.007294938980305071,big_database
3.63,0.0,0.86,0.48,0.11,0.11,0.0,0.0,55.93333333333334,0.2,286.6,0.0,143.67,0.0,1.17,4.0,513.33,15.0,11.99,34.48,3.33,0.32,4.15,3.8,4.0,0.0,0.0,0.0,35.4228723277031,4469.16,1.52547328,0.419,30.95,5.94,0.28,1.33,1.8,0.75,62.13,0.86,0,0,93203520,174496,246282752,1,147125,26267,3791,0,5,5,16.2,3786.6,4.0,1132.0,25.83,104.09,114.58,0.02753431765076133,0.007659685929320323,big_database
3.65,0.0,0.64,0.18,0.09,0.07,0.0,0.0,92.8525,0.0,0.6,0.0,0.03,0.0,84.21,0.0,52.0,0.0,0.33,0.0,0.0,0.27,2.4,2.6,2.0,0.0,0.0,0.2,35.49262989680177,3921.84,1.33865472,0.41600000000000004,31.99,5.71,0.26,1.39,1.84,0.77,63.13,0.73,0,0,92701472,174512,246492032,0,62,25731,3172,0,5,3,10.6,3154.6,4.0,1132.0,24.24,102.46,114.0,0.027510015516912463,0.007659685929320323,big_database
