0.31,0.0,0.2,0.69,0.1,0.06,0.0,0.0,34.800000000000004,0.0,0.0,0.0,0.0,0.0,0.0,0.0,0.0,0.0,0.0,0.0,0.0,1.25,1.5,4.8,7.0,0.0,0.0,0.0,1.1669536940052643,828.6600000000002,0.28284928000000004,0.912,27.6,2.49,0.33,1.92,0.44,0.4,39.32,0.35,0,15904,520382272,11340,353792,9151,37,35723,7226,2,0,0,34.2,7155.2,2.0,2957.0,6.07,30.51,45.78,0.07178186466861677,1.4336,big_data
0.05,0.0,0.09,0.02,0.08,0.07,0.0,0.0,0.0,1.8,0.0,0.01,0.0,0.0,0.0,4.0,0.0,0.11,0.0,0.0,0.0,42794.55,34.58,937.6,496.0,1.4,0.0,0.0,1.1817221405270228,867.4,0.2960725333333333,0.677,29.94,5.26,0.37,1.23,0.71,0.48,48.33,0.94,1,15904,520191776,11416,571056,16,50,36180,6060,0,0,0,19.6,6141.0,7.0,2962.0,5.59,30.0,45.54,0.07175759764202158,1.5104,big_data
1.38,0.0,0.25,0.21,0.1,0.08,0.0,0.0,41.20000000000001,0.2,0.4,0.0,0.04,0.0,96.23,4.0,106.0,0.0,0.5,0.08,0.0,0.42,0.87,2.79,5.19,0.0,0.0,0.0,1.1764184500341743,3321.42,1.13371136,1.225,23.49,1.74,0.26,1.12,0.26,0.32,28.77,1.13,0,15904,519694464,11640,820816,5944,62,40227,24133,0,1,5,53.6,24147.8,6.0,3084.0,5.46,29.57,45.31,0.07185466574840238,1.4848,big_data
3.65,0.0,0.32,0.08,0.1,0.08,0.0,0.0,30.53,0.2,102.8,0.0,25.63,0.0,6.2,4.0,255.28,6.0,4.74,6.08,0.48,2.48,4.46,20.0,24.0,0.0,0.0,0.0,1.2264937802571467,7888.3600000000015,2.692560213333333,1.043,22.38,2.13,0.34,1.43,0.29,0.3,29.31,1.42,2,15904,518348672,11740,844456,2497,26278,52278,43124,0,5,5,199.0,43671.6,8.0,3598.0,5.18,29.11,45.08,0.07496084515258862,1.536,big_data
5.39,0.0,0.46,0.1,0.12,0.07,0.0,0.0,0.0,0.6,254.2,0.0,57.74,0.0,12.95,4.0,232.61,3.67,5.58,14.48,1.42,4.64,7.38,36.2,40.4,0.0,0.0,0.0,1.483957435666026,10122.76,3.455235413333333,1.0590000000000002,22.62,2.15,0.33,1.38,0.27,0.29,27.04,1.62,3,15904,516006144,11864,852868,2,59170,61112,66866,0,6,2,273.2,66785.8,5.0,4020.0,4.93,28.66,44.85,0.08731276168954805,1.6384,big_data
5.45,0.0,0.45,0.01,0.13,0.08,0.0,0.0,40.85,1.2,0.4,0.0,0.05,0.0,96.72,4.0,122.0,0.5,0.5,0.08,0.0,3.55,5.39,25.6,29.2,0.0,0.0,0.0,1.9188683964077602,11693.32,3.991319893333333,1.124,23.32,1.92,0.33,1.28,0.25,0.28,26.06,1.55,0,15904,513481088,12032,870628,5,93,66988,76995,0,6,5,372.0,76845.0,11.0,5116.0,4.85,28.25,44.63,0.09794171933824787,1.7664,big_data
5.2,0.03,0.46,0.16,0.11,0.08,0.0,0.0,31.2,6.0,0.4,0.02,0.04,0.0,96.15,4.0,104.0,0.07,0.0,0.16,0.0,4.67,8.86,39.8,43.2,0.0,0.0,0.0,2.4306741498618214,8967.880000000001,3.0610363733333337,1.09,19.54,1.88,0.33,1.47,0.27,0.3,27.19,1.36,0,15904,511235392,13412,898860,3807,138,57784,65831,0,6,1,216.6,65422.0,2.0,5174.0,4.86,27.86,44.42,0.11854442491757705,1.9712,big_data
0.09,0.0,0.08,0.01,0.08,0.07,0.0,0.0,0.0,0.0,0.4,0.0,0.01,0.0,84.62,0.0,26.0,0.0,0.5,0.0,0.0,0.44,1.8,4.2,6.0,0.0,0.0,0.0,2.810930182013635,607.92,0.20750336,0.59,32.66,4.83,0.21,1.45,0.8,0.47,46.09,0.28,0,15904,511279712,13436,898452,0,53,35243,6609,0,0,1,23.0,6618.4,2.0,5152.0,4.47,27.4,44.18,0.12555759560359134,2.0736,big_data
0.04,0.0,0.04,0.0,0.09,0.05,0.0,0.0,0.0,0.0,0.0,0.0,0.0,0.0,0.0,0.0,0.0,0.0,0.0,0.0,0.0,0.58,2.08,5.8,7.4,0.0,0.0,0.0,2.8025663493007524,291.5,0.09949866666666668,0.49700000000000005,27.77,3.99,0.13,0.86,1.13,0.56,57.24,0.14,0,15904,511281248,13452,898484,0,23,35167,6347,0,0,0,16.8,6328.4,2.0,5150.0,4.12,26.95,43.94,0.1249751869653064,2.0992,big_data
2.2,0.0,1.74,8.36,0.16,0.12,0.0,0.0,0.0,2.4,1108.0,0.01,276.25,0.0,0.22,4.0,255.31,6.0,5.62,68.32,6.22,283463.15,378.87,7442.0,5533.4,9.29,0.0,0.0,2.8025087252153407,17940.5,6.1236906666666675,0.7440000000000001,32.32,5.04,0.48,1.84,0.53,0.4,41.07,1.11,0,15904,508311744,13648,3792744,909,282895,183063,276659,0,4,60,38.0,282104.4,65.0,5234.0,8.67,27.51,44.03,0.12509652209828245,2.0736,big_data
62.58,0.0,4.24,1.69,0.48,0.22,0.0,0.0,67.51609374999998,1111.2,4.6,262.88,0.44,2.29,91.22,242.25,97.22,53.21,0.52,57.84,15.01,93.94,43.04,141.0,173.2,0.0,0.0,0.0,2.833758418376563,119309.36000000002,40.72426154666668,1.15,34.28,2.16,0.33,1.02,0.35,0.4,34.59,3.12,0,15904,479659712,14244,5936440,280278,467,143360,369202,0,68,69,129.0,364740.6,70.0,5678.0,14.46,28.4,44.23,0.12723202043866047,2.0736,big_data
42.52,0.0,5.3,18.07,0.43,0.28,0.0,0.0,56.954421052631595,1843.8,3.2,457.3,0.11,2.95,88.15,253.98,34.0,134.02,59.62,100.24,32.07,0.66,11.97,6.6,8.4,0.0,0.0,0.0,8.183145569168445,141515.26,48.30387541333334,0.92,43.63,3.78,0.83,0.94,0.39,0.36,31.05,5.4,68,15904,438434720,14268,10897880,480500,150,68910,93598,0,48,31,10.8,93037.6,30.0,5682.0,20.75,29.47,44.49,0.13778817700757473,2.0736,big_data
32.74,0.0,3.29,27.87,0.35,0.2,0.0,0.0,48.55025,1820.4,6.8,453.23,0.25,0.09,88.96,254.95,38.35,139.19,59.74,100.32,32.1,0.86,12.36,9.8,14.8,0.0,0.0,0.0,14.716104896913734,134213.66,45.811595946666664,1.046,44.59,3.67,0.83,0.94,0.29,0.3,25.06,3.81,66,15904,433056672,14284,15563988,463334,268,59060,63140,0,37,45,19.2,63153.2,46.0,5662.0,28.38,30.91,44.88,0.13778817700757473,2.0736,big_data
41.96,0.0,3.43,25.16,0.43,0.25,0.0,0.0,54.82787234042552,1834.2,0.4,456.34,0.02,0.08,90.48,254.76,42.0,137.68,45.0,100.16,32.05,4.97,20.55,32.2,49.0,0.0,0.0,0.0,14.842027929560167,156967.66,53.57829461333333,1.06,46.07,3.7,0.82,0.96,0.32,0.33,28.68,3.97,25,15904,427252032,14316,20724512,460409,130,64883,80895,0,46,71,40.4,81031.2,74.0,5689.0,35.24,32.29,45.25,0.13739990458205142,2.0736,big_data
38.2,0.0,3.15,22.43,0.39,0.23,0.0,0.0,54.34819277108435,1877.8,0.4,462.6,0.04,0.03,96.0,252.26,100.0,133.33,48.0,100.16,32.05,3.63,19.19,20.2,33.6,0.0,0.0,0.0,14.974056840625313,135896.58000000002,46.38603264000001,1.111,47.3,3.86,0.84,1.11,0.28,0.32,27.02,3.65,68,15904,421557184,14344,25801272,480546,54,61379,79642,0,42,19,35.8,79323.6,28.0,5695.0,45.39,34.44,45.88,0.13800658024693155,2.0736,big_data
28.25,0.0,2.04,32.39,0.34,0.19,0.0,0.0,46.05349206349207,1780.4,16.8,443.33,4.15,0.0,41.67,254.98,252.86,140.84,45.0,100.16,32.05,0.76,12.2,7.2,9.6,0.0,0.0,0.0,15.099504474567098,124178.54,42.386274986666656,1.198,48.63,4.04,0.87,1.24,0.23,0.28,23.34,3.05,70,15904,416757632,14380,30317176,453819,4354,57025,58340,0,31,102,14.8,58531.4,39.0,5683.0,49.76,35.53,46.17,0.1381521824065028,2.0992,big_data
32.48,0.0,3.04,30.87,0.37,0.22,0.0,0.0,48.57818181818182,1760.0,29.2,438.12,7.28,0.01,20.22,254.9,255.29,143.0,44.14,100.16,32.05,3.58,17.56,29.2,44.6,0.0,0.0,0.0,15.145686387966515,141978.4,48.46196053333333,1.197,49.36,4.08,0.87,1.22,0.25,0.3,26.11,3.62,62,15904,411610400,14416,35133380,448238,7614,59316,63852,2,37,38,33.8,63883.6,120.0,5675.0,58.51,37.58,46.77,0.13793377916714594,2.0992,big_data
34.59,0.0,2.44,27.43,0.36,0.21,0.0,0.0,52.09394736842104,1804.0,24.6,446.31,5.97,0.0,34.57,253.34,248.42,140.22,43.1,100.08,32.02,3.55,19.01,19.8,33.6,0.0,0.0,0.0,15.210643138247118,140754.38,48.044161706666664,1.2690000000000001,49.79,4.06,0.86,1.23,0.22,0.28,24.04,3.12,65,15904,406486464,14448,40137104,457107,5903,61904,72726,0,38,42,28.8,72577.8,42.0,5672.0,61.75,38.6,47.05,0.13766684187459868,2.0992,big_data
30.74,0.0,2.07,29.0,0.34,0.2,0.0,0.0,47.73680555555554,1833.8,11.6,454.96,2.84,0.01,43.69,254.05,250.41,137.18,44.4,100.16,32.05,2.13,15.46,13.4,20.8,0.0,0.0,0.0,15.220723562135953,130468.34,44.53319338666667,1.311,49.66,3.95,0.84,1.2,0.22,0.28,23.67,2.99,68,15904,401748320,14464,44911352,466604,3114,58772,66439,0,34,33,28.8,66419.4,29.0,5658.0,64.98,39.65,47.35,0.13759404079481308,2.0992,big_data
30.17,0.0,2.08,27.31,0.34,0.19,0.0,0.0,51.6409523809524,1738.6,47.2,432.39,11.73,0.15,15.11,254.67,254.58,143.9,42.31,100.48,32.15,2.55,16.31,16.6,26.4,0.0,0.0,0.0,15.220115476392534,133375.56,45.52552448,1.27,49.68,4.11,0.87,1.23,0.21,0.27,22.83,2.86,63,15904,397033856,14572,49601084,442414,12590,59366,63416,0,33,42,27.6,63471.2,43.0,5660.0,67.78,40.66,47.63,0.1373756375554562,2.0736,big_data
30.65,0.0,2.12,27.96,0.32,0.2,0.0,0.0,51.80380952380955,1720.0,59.6,426.42,14.45,0.01,14.61,253.87,248.23,145.51,43.67,100.08,32.02,2.81,17.13,17.0,28.4,0.0,0.0,0.0,15.227755975191162,135729.58000000002,46.32902997333334,1.288,50.55,4.17,0.87,1.23,0.22,0.28,23.68,2.96,60,15904,392339872,14616,54310308,435738,14421,58508,64027,0,34,41,27.4,64028.8,47.0,5658.0,70.76,41.72,47.94,0.13735137052886098,2.0736,big_data
27.74,0.0,1.72,29.85,0.33,0.2,0.0,0.0,47.660847457627135,1775.8,27.4,440.51,6.49,0.01,25.95,254.02,242.69,142.18,44.65,100.32,32.1,1.87,14.76,13.2,20.0,0.0,0.0,0.0,15.221690281989908,125888.74,42.97002325333333,1.364,51.13,4.09,0.85,1.19,0.2,0.27,22.67,2.81,64,15904,387772160,14632,58887332,452519,6619,56675,58150,0,30,122,24.6,60074.8,46.0,5644.0,73.02,42.67,48.22,0.13732710350226582,2.0736,big_data
28.74,0.0,1.81,27.44,0.35,0.19,0.0,0.0,48.41169230769232,1757.8,34.2,437.46,8.33,0.01,16.59,254.84,249.43,143.11,43.47,100.16,32.05,2.66,16.42,19.6,31.6,0.0,0.0,0.0,15.222381012803199,128818.1,43.96991146666666,1.3519999999999999,51.4,4.25,0.88,1.25,0.21,0.28,23.57,2.93,64,15904,383156576,14648,63545500,447945,8460,57235,58299,0,31,42,30.2,56475.0,47.0,5643.0,75.74,43.74,48.53,0.13696309810333773,2.0736,big_data
33.21,0.0,2.23,29.31,0.32,0.21,0.0,0.0,52.92930555555557,1757.2,38.4,436.56,9.19,0.03,19.67,254.4,245.17,143.05,43.59,100.16,32.05,3.8,19.53,20.8,34.8,0.0,0.0,0.0,15.216716413564875,144258.22,49.24013909333333,1.28,51.1,4.28,0.89,1.26,0.23,0.3,25.62,3.26,55,15904,378238592,14676,68477984,446070,9496,59982,66224,0,36,47,29.4,66092.4,47.0,5643.0,78.33,44.81,48.85,0.13693883107674254,2.0992,big_data
28.64,0.0,2.16,27.95,0.35,0.2,0.0,0.0,49.01651515151515,1764.8,40.0,436.38,9.75,0.0,22.48,253.2,249.6,141.54,43.34,100.16,32.05,1.69,14.55,11.4,17.6,0.0,0.0,0.0,15.206080220536474,127239.8,43.43118506666666,1.3119999999999998,51.84,4.28,0.87,1.23,0.21,0.28,23.74,2.94,67,15904,373404832,14696,73119104,447773,10103,57317,56031,0,32,43,27.6,56252.8,46.0,5643.0,80.38,45.79,49.15,0.13693883107674254,2.0992,big_data
27.24,0.0,1.84,30.83,0.31,0.18,0.0,0.0,47.254098360655746,1750.2,36.4,435.62,8.85,0.01,14.95,254.87,249.08,144.01,44.41,100.0,32.0,2.14,15.2,15.2,22.8,0.0,0.0,0.0,15.243416836825158,125014.52,42.671622826666656,1.34,51.44,4.27,0.89,1.26,0.21,0.28,23.38,2.85,66,15904,368876576,14720,77693904,447699,9075,56999,53936,0,29,37,23.6,53669.2,37.0,5638.0,81.71,46.64,49.41,0.13693883107674254,2.0992,big_data
31.53,0.0,2.03,28.29,0.37,0.21,0.0,0.0,48.65391891891893,1757.2,30.6,437.41,7.31,0.01,21.13,254.9,244.73,143.15,43.53,100.4,32.13,3.45,18.2,21.6,35.0,0.0,0.0,0.0,15.243862665275447,139377.4,47.57415253333333,1.3430000000000002,51.59,4.17,0.87,1.22,0.21,0.29,24.14,3.07,70,15904,364124352,14740,82524824,446596,7446,58633,66519,0,35,47,30.6,66487.8,40.0,5643.0,84.22,47.75,49.75,0.13686602999695693,2.0992,big_data
28.35,0.0,1.58,40.99,0.32,0.18,0.0,0.0,51.290526315789464,1741.2,39.6,431.52,9.56,0.01,0.0,253.78,247.09,143.79,44.89,100.08,32.02,1.33,13.69,10.0,15.2,0.0,0.0,0.0,15.230150407582359,119116.26,40.65835008000001,1.344,52.97,4.18,0.85,1.23,0.22,0.29,24.29,3.68,68,15904,359172640,14756,86017808,440826,10070,53310,54995,0,30,71,20.2,55076.2,17.0,5641.0,87.73,49.08,50.17,0.13693883107674254,2.0992,big_data
5.23,0.0,0.3,36.97,0.16,0.11,0.0,0.0,53.06333333333333,642.91,1065.27,159.88,261.7,0.0,3.33,254.64,251.56,131.95,12.12,99.96,22.58,1.54,13.68,14.4,21.6,0.0,0.0,0.0,15.502013260439371,19424.36,6.630181546666666,1.281,56.32,4.81,0.85,1.34,0.22,0.28,24.34,2.41,65,15904,358217120,14820,86919344,141953,271418,40322,15994,0,6,1,23.0,15642.2,2.0,5643.0,87.67,49.71,50.37,0.13689029702355213,2.0992,big_data
1.58,0.0,0.21,37.29,0.15,0.09,0.0,0.0,0.0,139.68,1487.58,33.95,371.05,0.0,0.7,248.87,255.42,21.76,11.37,100.04,18.5,0.75,12.12,7.0,9.4,0.0,0.0,0.0,15.515085587499726,10876.88,3.7126417066666666,1.131,59.76,5.06,0.73,1.16,0.24,0.27,24.24,2.59,65,15904,357793408,14900,87249968,34692,379996,38269,11078,0,2,5,9.6,11096.2,1.0,5643.0,85.77,49.95,50.44,0.13693883107674254,2.0992,big_data
4.19,0.0,0.29,34.71,0.17,0.11,0.0,0.0,0.0,223.2,1387.0,54.98,346.06,0.0,0.77,252.25,255.49,22.42,12.1,100.0,19.43,1.1,12.65,11.0,16.4,0.0,0.0,0.0,15.525335850798204,26259.68,8.963304106666667,1.304,60.44,4.84,0.76,1.17,0.2,0.26,22.33,2.36,65,15904,356899456,14972,87978976,61934,352908,40766,16767,0,5,3,22.6,16832.8,8.0,5631.0,84.11,50.2,50.52,0.13693883107674254,2.0992,big_data
12.45,0.0,0.57,31.25,0.23,0.17,0.0,0.0,0.0,697.8,964.4,173.22,241.04,0.03,0.88,254.2,255.93,28.07,17.66,100.0,25.08,2.12,14.69,16.2,23.4,0.0,0.0,0.0,15.559146024702006,69951.81999999999,23.87688789333333,1.287,55.16,4.55,0.82,1.21,0.22,0.29,24.72,3.16,58,15904,354501856,15024,89956408,176309,247052,46666,31118,0,13,30,22.6,31222.2,18.0,5637.0,83.54,50.64,50.66,0.1366476267576001,2.0992,big_data
18.78,0.0,0.73,32.92,0.29,0.22,0.0,0.0,34.04266666666667,1136.4,523.2,282.08,130.74,0.0,1.69,254.18,255.88,90.98,34.89,100.0,31.18,1.61,13.8,12.4,17.8,0.0,0.0,0.0,15.645276593524894,90336.82,30.83496789333333,1.247,54.05,4.73,0.88,1.27,0.25,0.31,27.42,3.03,65,15904,351192160,15064,93047400,290332,132777,51118,41549,0,20,17,19.0,41500.0,13.0,5639.0,83.1,51.1,50.81,0.1368174959437665,2.0992,big_data
14.18,0.0,0.48,35.07,0.26,0.18,0.0,0.0,32.91333333333333,881.2,755.4,219.42,188.78,0.0,1.05,254.98,255.91,30.93,23.08,100.0,28.16,2.2,15.23,18.2,29.0,0.0,0.0,0.0,15.680522820294096,71082.64,24.262874453333332,1.2819999999999998,55.99,4.84,0.87,1.26,0.23,0.3,25.84,2.29,65,15904,348788608,15112,95427552,221870,193806,48585,35447,0,15,21,24.2,35602.6,18.0,5638.0,83.65,51.74,51.02,0.1368417629703617,2.0992,big_data
13.58,0.0,0.4,32.0,0.25,0.17,0.0,0.0,34.33500000000001,743.4,884.4,184.78,221.03,0.0,0.81,254.53,255.92,29.1,19.84,99.92,26.62,2.35,15.18,19.2,28.4,0.0,0.0,0.0,15.679217938044177,67256.4,22.9568512,1.327,55.81,4.43,0.77,1.18,0.23,0.3,25.64,2.16,65,15904,346718336,15172,97553936,193451,225950,46933,32159,0,15,21,27.2,32163.6,17.0,5644.0,83.44,52.23,51.18,0.1368174959437665,2.0992,big_data
14.04,0.0,0.37,31.48,0.26,0.19,0.0,0.0,32.07,781.4,843.8,194.16,210.89,0.0,1.06,254.44,255.92,28.43,20.18,100.0,26.92,2.19,15.64,14.0,22.0,0.0,0.0,0.0,15.675266897135206,66948.0,22.851584,1.268,55.58,4.6,0.81,1.23,0.23,0.29,24.81,2.09,65,15904,344541600,15220,99675856,193610,216738,47419,34385,0,15,15,18.6,34172.8,16.0,5641.0,89.49,54.0,51.76,0.13696309810333773,2.0992,big_data
12.87,0.0,0.36,30.53,0.23,0.17,0.0,0.0,0.0,705.4,902.6,174.97,225.59,0.0,0.97,253.99,255.93,24.75,18.82,99.92,26.47,1.38,13.61,11.2,16.2,0.0,0.0,0.0,15.683667124007295,65709.01999999999,22.428678826666665,1.32,56.55,4.54,0.8,1.19,0.22,0.29,25.22,2.17,65,15904,342537984,15276,101718816,180258,231278,46264,31204,0,14,18,24.8,31194.2,12.0,5638.0,88.41,54.37,51.89,0.13689029702355213,2.0736,big_data
12.47,0.0,0.35,29.99,0.25,0.16,0.0,0.0,33.565000000000005,799.4,790.2,198.06,197.49,0.0,1.08,253.71,255.92,24.33,21.63,100.0,27.67,1.54,13.98,11.6,17.8,0.0,0.0,0.0,15.673040029518695,62429.02,21.309105493333334,1.335,56.41,4.42,0.78,1.15,0.22,0.29,24.6,2.23,65,15904,340475264,15332,103824016,203362,202411,46792,32157,0,13,11,20.8,32275.2,15.0,5635.0,87.25,54.69,52.01,0.1368174959437665,2.0736,big_data
12.29,0.0,0.38,29.45,0.23,0.17,0.0,0.0,0.0,777.6,824.4,193.14,206.04,0.0,1.2,254.34,255.93,24.52,20.72,100.0,27.37,1.63,13.93,12.6,18.6,0.0,0.0,0.0,15.66475808366403,61832.38000000001,21.105452373333332,1.2919999999999998,57.11,4.74,0.83,1.22,0.22,0.28,24.27,2.1,65,15904,338484224,15392,105871896,194707,212042,46339,31411,0,13,105,19.0,31940.4,16.0,5635.0,86.35,55.05,52.14,0.1367446948639809,2.0736,big_data
11.92,0.0,0.32,33.96,0.23,0.16,0.0,0.0,0.0,765.6,816.4,190.05,204.03,0.0,0.97,254.2,255.92,24.75,21.02,100.0,27.42,1.25,13.36,10.2,15.0,0.0,0.0,0.0,15.656528454413225,62034.86,21.174565546666667,1.294,57.81,4.85,0.85,1.24,0.22,0.29,25.09,2.2,65,15904,336431296,15440,107940192,196699,207522,46084,30392,0,13,14,19.0,29745.6,12.0,5633.0,85.92,55.48,52.29,0.1367446948639809,2.0736,big_data
11.52,0.0,0.33,31.58,0.22,0.17,0.0,0.0,0.0,694.0,698.0,172.55,174.43,0.03,1.16,254.6,255.9,29.0,24.95,100.0,27.49,2.44,14.97,21.4,31.4,0.0,0.0,0.0,15.654836884221725,58113.3,19.8360064,1.298,57.68,4.67,0.8,1.19,0.22,0.28,24.08,2.06,65,15904,334550368,15484,109838648,176281,178234,45364,30167,0,13,8,26.2,30159.8,16.0,5640.0,85.69,55.93,52.46,0.13669616081079047,2.0736,big_data
10.07,0.0,0.3,34.63,0.21,0.15,0.0,0.0,0.0,694.6,718.4,172.48,179.53,0.0,1.07,254.27,255.9,29.74,24.44,100.0,27.72,1.54,14.05,11.0,16.4,0.0,0.0,0.0,15.650631084198306,52565.31999999999,17.942295893333327,1.318,58.21,4.78,0.82,1.21,0.22,0.29,24.99,2.06,64,15904,332724896,15528,111653696,176990,183969,44848,28516,0,11,9,14.4,28511.4,12.0,5640.0,90.92,57.51,52.99,0.13686602999695693,2.0736,big_data
10.68,0.0,0.32,32.91,0.23,0.16,0.0,0.0,0.0,657.0,749.6,163.65,187.09,0.0,1.08,255.07,255.57,24.49,23.28,100.0,26.96,1.6,13.93,13.4,20.2,0.0,0.0,0.0,15.653354580445669,53068.42,18.114020693333334,1.331,58.03,4.55,0.78,1.16,0.21,0.28,23.35,1.96,65,15904,331014464,15580,113409840,165534,193394,44750,29274,0,12,13,25.2,29234.8,11.0,5634.0,89.8,57.84,53.12,0.13686602999695693,2.0736,big_data
10.75,0.0,0.32,33.71,0.2,0.15,0.0,0.0,0.0,651.0,754.2,161.81,187.99,0.0,1.15,254.53,255.24,26.81,22.88,100.0,26.92,2.5,15.76,17.6,26.8,0.0,0.0,0.0,15.64206329255153,55448.24000000001,18.926332586666668,1.337,57.95,4.61,0.8,1.18,0.21,0.28,24.16,2.05,65,15904,329204704,15624,115195696,167029,190942,45375,30053,0,12,10,25.4,30080.2,13.0,5638.0,88.46,58.09,53.22,0.1367204278373857,2.0736,big_data
10.39,0.0,0.29,33.77,0.22,0.14,0.0,0.0,0.0,673.8,726.6,167.41,181.14,0.0,0.93,254.41,255.27,25.59,24.07,100.0,27.56,1.25,17.83,10.2,15.2,0.0,0.0,0.0,15.647268415529856,54718.2,18.6771456,1.2770000000000001,57.65,4.91,0.85,1.25,0.22,0.28,24.66,2.08,65,15904,327394880,15672,117012656,172960,184383,44849,27858,0,11,14,17.2,27837.4,12.0,5635.0,87.86,58.47,53.37,0.1368174959437665,2.0736,big_data
10.41,0.0,0.3,33.51,0.21,0.16,0.0,0.0,38.60000000000001,642.0,751.0,159.7,187.19,0.0,1.11,254.72,255.24,25.52,23.16,100.0,26.88,1.65,13.94,13.6,20.0,0.0,0.0,0.0,15.644815600841598,54829.64,18.715183786666667,1.344,57.94,4.85,0.85,1.23,0.22,0.29,25.33,2.16,65,15904,325639232,15716,118764616,161074,193398,44896,29053,0,11,8,21.8,29080.2,14.0,5633.0,86.59,58.69,53.47,0.13669616081079047,2.0736,big_data
10.66,0.0,0.35,32.13,0.22,0.14,0.0,0.0,0.0,691.4,680.2,171.29,169.54,0.0,0.99,253.69,255.22,25.17,25.13,100.0,27.95,2.54,15.41,21.4,32.0,0.0,0.0,0.0,15.647207000386196,53817.48,18.36969984,1.3259999999999998,57.35,4.6,0.79,1.18,0.21,0.28,23.78,1.99,58,15904,323785728,15760,120595648,177140,172707,44758,31736,0,12,25,27.2,31723.2,12.0,5640.0,86.06,59.05,53.62,0.1366476267576001,2.0736,big_data
10.5,0.0,0.28,32.48,0.22,0.17,0.0,0.0,0.0,663.2,710.2,164.56,176.99,0.0,1.17,254.08,255.2,24.36,24.26,100.16,27.68,1.24,13.36,9.4,13.8,0.0,0.0,0.0,15.650533274895434,52808.42,18.025274026666665,1.34,57.0,4.55,0.79,1.18,0.21,0.28,23.78,2.14,65,15904,322033344,15808,122348720,167738,181724,44506,28958,0,12,12,12.6,28960.8,15.0,5640.0,86.06,59.5,53.79,0.13686602999695693,2.0736,big_data
10.11,0.0,0.32,33.01,0.22,0.15,0.0,0.0,0.0,638.8,731.0,158.7,182.19,0.0,1.08,254.4,255.22,23.09,23.11,100.0,26.87,1.33,13.59,11.0,16.4,0.0,0.0,0.0,15.649640101571551,53172.48,18.14953984,1.3159999999999998,56.92,4.61,0.81,1.19,0.22,0.29,24.36,2.12,64,15904,320277408,15864,124081840,163585,186230,44412,27836,0,11,25,24.6,27817.0,9.0,5633.0,91.74,61.11,54.34,0.13686602999695693,2.0736,big_data
10.81,0.0,0.31,31.29,0.22,0.15,0.0,0.0,31.630000000000006,688.6,711.6,170.86,177.34,0.0,1.06,254.08,255.19,25.45,24.3,100.08,27.45,1.45,13.49,12.0,17.4,0.0,0.0,0.0,15.655208407930301,54566.74000000001,18.625447253333334,1.3119999999999998,57.87,4.65,0.8,1.2,0.21,0.28,24.06,2.01,65,15904,318465664,15908,125902848,173321,182331,45013,31849,0,12,17,19.6,31896.4,15.0,5633.0,90.4,61.35,54.46,0.1367204278373857,2.0736,big_data
10.34,0.0,0.33,33.19,0.22,0.15,0.0,0.0,0.0,605.8,782.2,150.32,194.99,0.0,0.94,254.09,255.26,24.78,21.96,100.0,26.84,1.66,13.96,13.2,19.0,0.0,0.0,0.0,15.656566364995733,54056.28000000001,18.45121024,1.324,58.25,4.68,0.8,1.19,0.21,0.28,23.98,2.07,65,15904,316748608,15960,127633024,156014,199333,44330,30896,0,11,15,19.0,31006.6,10.0,5632.0,90.29,61.81,54.64,0.13669616081079047,2.0736,big_data
11.2,0.0,0.33,34.69,0.23,0.16,0.0,0.0,50.2,715.0,763.8,177.34,190.39,0.0,1.04,253.98,255.25,27.47,22.62,100.0,27.6,4.28,15.79,14.8,21.4,0.0,0.0,0.0,15.651877584151164,56034.81999999999,19.12655189333333,1.3459999999999999,57.86,4.47,0.76,1.19,0.21,0.28,23.77,1.95,57,15904,314890368,16004,129508416,178696,196267,46054,33867,0,12,22,20.8,33754.6,58.0,5632.0,89.22,62.06,54.76,0.13667189378419528,2.0736,big_data
12.02,0.0,0.4,34.57,0.23,0.17,0.0,0.0,44.40000000000001,717.6,748.6,178.07,186.59,0.66,0.98,254.1,255.23,24.96,23.15,100.0,27.85,13.42,23.26,34.2,50.0,0.0,0.0,0.0,15.64636235260792,58748.06,20.052671146666665,1.354,56.03,4.27,0.73,1.16,0.21,0.28,23.21,1.94,65,15904,312956000,16056,131429520,185155,190125,47421,40658,0,13,16,35.2,40652.0,22.0,5640.0,88.32,62.32,54.89,0.13667189378419528,2.0992,big_data
11.62,0.0,0.28,34.02,0.24,0.16,0.0,0.0,42.98666666666667,698.2,767.6,173.3,191.39,0.91,1.18,254.16,255.33,26.3,22.59,100.0,27.5,4.2,15.7,13.4,19.4,0.0,0.0,0.0,15.652692661675081,58874.84,20.09594538666667,1.339,58.23,4.73,0.81,1.21,0.21,0.29,24.39,2.14,65,15904,311079616,16104,133300464,175870,196889,45601,35133,0,13,8,14.2,35114.0,21.0,5641.0,87.34,62.55,55.0,0.13686602999695693,2.0992,big_data
11.26,0.0,0.36,36.48,0.22,0.17,0.0,0.0,33.235,721.4,801.0,178.63,199.64,0.44,1.06,253.56,255.22,23.36,21.36,100.0,27.36,4.8,15.7,14.0,20.6,0.0,0.0,0.0,15.650978345134074,58007.72,19.799968426666666,1.317,57.35,4.74,0.82,1.22,0.22,0.29,24.74,2.26,65,15904,309142944,16152,135236832,183327,203845,45461,32601,0,12,17,26.0,32577.8,15.0,5634.0,86.99,62.89,55.15,0.13689029702355213,2.0992,big_data
12.46,0.0,0.36,35.08,0.23,0.14,0.0,0.0,51.365,732.2,896.0,181.12,223.4,0.73,1.02,253.3,255.31,21.96,18.94,100.0,26.49,8.51,18.3,20.4,29.4,0.0,0.0,0.0,15.649188207428054,63133.46,21.54955434666667,1.327,56.73,4.63,0.8,1.22,0.22,0.29,24.58,2.18,65,15904,307113408,16204,137244144,184903,229659,47069,35589,0,13,13,23.2,35585.0,17.0,5633.0,86.11,63.11,55.26,0.1367204278373857,2.0992,big_data
12.58,0.0,0.38,34.14,0.23,0.17,0.0,0.0,38.06,813.4,784.6,200.79,195.65,1.12,1.28,252.78,255.35,24.07,22.0,100.0,27.84,11.93,21.15,26.4,37.0,0.0,0.0,0.0,15.655309250079775,63120.68000000001,21.54519210666667,1.328,57.34,4.66,0.81,1.2,0.21,0.28,23.99,2.09,65,15904,305004896,16260,139339008,206740,200171,47046,35349,0,14,14,24.75,35351.7,95.0,5637.0,85.06,63.27,55.36,0.13669616081079047,2.0992,big_data
12.06,0.0,0.38,33.66,0.24,0.17,0.0,0.0,40.6,761.0,803.8,187.52,200.41,0.83,1.74,252.33,255.32,23.81,20.96,100.0,27.34,4.35,14.94,12.4,17.0,0.0,0.0,0.0,15.661964073733198,60793.74000000001,20.75092992,1.35,58.51,4.53,0.77,1.15,0.21,0.28,23.41,2.08,59,15904,302986112,16308,141337728,192806,204075,45962,34274,0,13,28,20.6,34222.8,17.0,5634.0,84.89,63.6,55.51,0.1367446948639809,2.0992,big_data
12.01,0.0,0.36,33.01,0.23,0.16,0.0,0.0,0.0,766.8,823.4,189.67,205.4,0.9,1.37,253.29,255.44,22.46,21.23,100.0,27.37,2.55,15.3,22.0,32.6,0.0,0.0,0.0,15.66595909091788,62645.94,21.38314752,1.3659999999999999,58.17,4.76,0.82,1.21,0.21,0.29,24.75,2.17,66,15904,300941664,16364,143373760,192778,211642,46139,32669,0,13,17,27.0,32684.6,20.0,5644.0,84.58,63.89,55.64,0.1367446948639809,2.0992,big_data
12.45,0.0,0.35,32.76,0.25,0.16,0.0,0.0,34.13,742.0,904.0,183.93,225.91,0.75,1.68,253.84,255.9,24.09,19.17,100.0,26.52,1.34,13.59,9.8,14.6,0.0,0.0,0.0,15.663215881167615,63486.76,21.67014741333333,1.357,58.4,4.58,0.78,1.16,0.21,0.29,24.17,2.16,65,15904,298887648,16408,145422144,189265,230491,46280,35317,0,13,13,13.2,35315.4,16.0,5642.0,83.65,64.04,55.74,0.13691456405014732,2.0992,big_data
12.47,0.0,0.39,32.49,0.26,0.18,0.0,0.0,31.14,798.6,848.4,198.05,212.04,0.6,2.55,253.95,255.93,23.84,20.52,100.0,27.27,2.16,15.38,15.4,24.2,0.0,0.0,0.0,15.665235757003627,63481.62,21.66839296,1.31,57.78,4.8,0.84,1.23,0.22,0.28,24.33,2.17,65,15904,296764992,16464,147550144,203932,216592,46543,37758,0,13,14,29.2,37845.4,27.0,5636.0,83.36,64.31,55.87,0.13691456405014732,2.0992,big_data
12.69,0.0,0.43,32.13,0.22,0.18,0.0,0.0,32.53250000000001,788.4,860.2,195.75,214.96,0.63,1.8,254.24,255.9,21.86,19.85,100.0,27.48,4.92,16.99,18.4,27.0,0.0,0.0,0.0,15.661839727022574,65254.44,22.27351552,1.3330000000000002,57.32,4.54,0.79,1.16,0.21,0.28,23.74,2.4,65,15904,294781760,16540,149672384,199791,220263,47048,36291,0,14,18,24.2,36529.4,21.0,5636.0,82.85,64.52,55.98,0.1367446948639809,2.0992,big_data
12.86,0.0,0.46,34.02,0.26,0.17,0.0,0.0,41.40000000000001,801.6,847.4,198.48,211.77,0.45,1.88,253.54,255.9,22.85,19.93,100.0,27.49,5.18,16.18,17.0,24.8,0.0,0.0,0.0,15.639662794467132,66820.4,22.808029866666665,1.311,57.57,4.83,0.84,1.22,0.22,0.28,24.52,2.46,61,15904,292466624,16608,151800144,200668,219036,46982,36606,0,14,17,20.4,36263.4,20.0,5637.0,83.18,64.89,56.15,0.13676896189057608,2.0992,big_data
12.73,0.0,0.38,33.41,0.24,0.17,0.0,0.0,30.14,791.8,859.6,196.61,214.81,0.2,1.58,254.27,255.89,22.21,19.74,99.92,27.16,1.43,13.7,11.0,16.2,0.0,0.0,0.0,15.674973469226597,64344.96,21.96307968,1.3619999999999999,57.22,4.52,0.79,1.17,0.21,0.28,23.58,2.25,65,15904,290297536,16656,153942800,202612,219427,46321,39374,0,14,16,20.4,39425.0,22.0,5632.0,82.77,65.11,56.27,0.1367446948639809,2.0992,big_data
12.97,0.0,0.42,32.88,0.26,0.2,0.0,0.0,40.27,849.6,810.4,210.41,202.36,0.0,1.7,253.6,255.7,23.44,21.22,100.08,27.9,6.03,17.81,23.6,35.2,0.0,0.0,0.0,15.677277674431426,67491.44,23.03707818666667,1.355,57.07,4.66,0.81,1.19,0.21,0.29,24.59,2.47,65,15904,288142464,16716,156167872,217102,205506,46778,36763,0,14,14,29.8,36705.6,17.0,5641.0,82.79,65.41,56.41,0.13667189378419528,2.0992,big_data
12.19,0.0,0.37,32.96,0.25,0.15,0.0,0.0,30.54,764.4,866.4,190.0,216.06,0.0,1.34,254.53,255.36,22.7,20.05,100.0,27.05,0.97,12.7,8.2,11.6,0.0,0.0,0.0,15.676520220992918,63523.66,21.682742613333332,1.335,57.35,4.65,0.81,1.19,0.21,0.28,24.21,2.38,65,15904,285973792,16764,158262656,194816,222290,46169,33464,0,13,21,10.8,33466.0,16.0,5638.0,82.56,65.65,56.54,0.1368417629703617,2.0992,big_data
13.46,0.0,0.45,33.46,0.24,0.17,0.0,0.0,35.80000000000001,830.4,833.4,206.09,207.85,0.0,1.16,254.14,255.38,23.11,20.22,99.92,27.42,4.97,16.35,16.4,24.8,0.0,0.0,0.0,15.675294192754615,65706.94,22.427968853333336,1.348,56.35,4.43,0.78,1.14,0.21,0.28,23.39,2.24,65,15904,283900800,16832,160415040,208198,215110,47715,42374,0,14,14,27.6,42383.8,27.0,5632.0,82.52,65.92,56.68,0.1368174959437665,2.0992,big_data
12.65,0.0,0.37,32.56,0.24,0.18,0.0,0.0,32.760000000000005,795.6,857.2,197.7,213.74,0.0,1.04,254.46,255.34,24.77,20.22,100.08,27.5,1.51,13.66,12.0,17.4,0.0,0.0,0.0,15.661134590187931,64504.88000000001,22.017665706666666,1.318,56.45,4.62,0.81,1.18,0.22,0.29,24.47,2.53,56,15904,281807616,16888,162570016,204647,217362,46473,34400,0,14,33,20.4,34385.2,15.0,5633.0,82.88,66.27,56.84,0.1367204278373857,2.1248,big_data
12.72,0.0,0.48,32.64,0.24,0.17,0.0,0.0,0.0,798.0,852.4,198.07,212.54,0.0,1.0,254.17,255.33,22.68,19.91,100.0,27.4,2.9,16.45,20.4,30.8,0.0,0.0,0.0,15.655157607749743,64989.58,22.18310997333333,1.354,57.16,4.54,0.79,1.16,0.21,0.29,24.46,2.57,65,15904,279343200,16948,164683024,202726,217569,46718,35942,0,14,16,25.0,35927.8,14.0,5637.0,82.97,66.56,56.98,0.1367204278373857,2.0992,big_data
12.76,0.0,0.38,33.76,0.26,0.16,0.0,0.0,0.0,786.4,854.2,195.88,212.99,0.0,0.95,255.07,255.33,21.01,20.11,100.08,27.5,1.69,14.33,12.4,18.8,0.0,0.0,0.0,15.716116307999068,63952.78000000001,21.829215573333336,1.349,57.73,4.73,0.83,1.2,0.21,0.28,23.78,2.21,65,15904,277191328,17004,166797952,199562,218178,46310,36953,0,14,16,23.6,37114.6,25.0,5637.0,82.97,66.84,57.12,0.1368174959437665,2.0992,big_data
12.0,0.0,0.42,31.4,0.24,0.19,0.0,0.0,42.40000000000001,728.2,766.8,181.05,188.84,0.0,12.74,254.59,252.18,26.62,23.04,100.0,27.82,2.64,14.77,17.6,26.6,0.0,0.0,0.0,15.726596309427539,62689.02,21.39785216,1.364,57.88,4.74,0.82,1.2,0.21,0.29,24.44,2.16,64,15904,275255520,17056,168805616,184059,193634,46493,35487,0,13,20,25.2,35304.6,22.0,5639.0,82.25,66.96,57.22,0.1367204278373857,2.0992,big_data
11.15,0.0,0.34,29.97,0.24,0.15,0.0,0.0,0.0,755.4,709.2,187.24,176.78,0.0,0.92,253.82,255.26,25.17,24.51,100.08,27.96,3.07,13.56,10.2,15.2,0.0,0.0,0.0,15.709825425937714,58936.66,20.11704661333333,1.3090000000000002,58.84,4.88,0.83,1.21,0.21,0.28,23.79,2.14,65,15904,273285120,17108,170789312,192962,181717,45280,32123,0,12,15,13.0,32122.0,21.0,5639.0,81.59,67.07,57.31,0.1368417629703617,2.1248,big_data
11.44,0.0,0.4,31.55,0.23,0.17,0.0,0.0,0.0,691.2,779.2,171.72,194.24,0.0,0.94,254.4,255.26,23.48,22.16,100.0,27.5,2.34,14.61,12.8,20.2,0.0,0.0,0.0,15.701459318589885,59060.18000000001,20.15920810666667,1.355,58.59,4.7,0.8,1.17,0.21,0.28,24.08,2.3,64,15904,271508512,17156,172685824,177558,197700,45573,32163,0,12,90,26.8,32381.8,14.0,5635.0,81.38,67.27,57.42,0.1368417629703617,2.1248,big_data
11.5,0.0,0.39,33.16,0.25,0.16,0.0,0.0,0.0,732.8,735.2,181.78,183.29,0.0,1.1,254.01,255.29,24.77,23.58,100.0,27.57,0.91,12.51,8.4,11.8,0.0,0.0,0.0,15.688197438616983,58593.64,19.999962453333332,1.354,58.73,4.6,0.78,1.15,0.21,0.28,23.31,2.35,65,15904,269645152,17204,174626368,186146,188075,45411,33655,0,12,12,17.4,33405.8,11.0,5631.0,81.35,67.5,57.55,0.1367446948639809,2.1248,big_data
11.25,0.0,0.39,32.19,0.24,0.17,0.0,0.0,31.4,726.2,846.4,180.53,210.99,0.0,0.87,254.56,255.26,21.28,20.38,100.0,27.18,1.55,13.85,12.0,17.8,0.0,0.0,0.0,15.672255280460785,59618.4,20.349747200000003,1.348,57.73,4.63,0.8,1.17,0.21,0.28,23.5,2.41,65,15904,267593488,17260,176549360,182730,216948,45903,34287,0,12,14,18.4,34434.6,26.0,5630.0,81.56,67.77,57.69,0.1366476267576001,2.1248,big_data
11.93,0.0,0.45,33.42,0.23,0.16,0.0,0.0,0.0,733.8,872.2,182.19,217.44,0.0,0.8,254.24,255.28,22.87,19.74,99.92,26.89,2.38,14.23,14.2,20.6,0.0,0.0,0.0,15.696486208376506,62866.88000000001,21.458561706666668,1.318,58.28,4.96,0.85,1.22,0.22,0.29,24.56,3.11,64,15904,265371360,17312,178569584,187383,221654,46609,34695,0,13,55,21.6,34775.2,23.0,5633.0,82.08,68.11,57.85,0.13662335973100487,2.1248,big_data
12.45,0.0,0.47,33.91,0.24,0.18,0.0,0.0,0.0,779.2,856.2,193.65,213.49,0.0,0.88,254.48,255.33,20.43,19.65,100.0,27.36,2.72,16.21,20.8,32.2,0.0,0.0,0.0,15.732745405910313,62925.86,21.478693546666666,1.3419999999999999,58.1,4.62,0.79,1.17,0.2,0.27,22.98,2.32,59,15904,263309616,17376,180633232,198294,217973,46527,38362,0,13,14,29.2,38130.4,17.0,5639.0,81.35,68.19,57.94,0.13669616081079047,2.1248,big_data
12.07,0.0,0.45,33.41,0.23,0.16,0.0,0.0,0.0,799.2,820.0,198.32,204.49,0.0,0.92,254.11,255.36,23.85,21.14,100.0,28.0,2.92,14.62,12.0,18.6,0.0,0.0,0.0,15.733204882170307,63875.06,21.80268714666667,1.321,58.02,4.73,0.81,1.19,0.22,0.29,24.39,2.63,65,15904,261161360,17436,182737872,202214,211622,46063,33474,0,13,20,16.0,33483.2,19.0,5638.0,81.4,68.42,58.07,0.1368417629703617,2.1248,big_data
12.29,0.0,0.45,33.39,0.23,0.18,0.0,0.0,31.8,767.2,858.4,191.08,214.04,0.0,0.9,255.04,255.33,24.61,20.28,100.0,27.27,1.55,14.06,11.8,17.8,0.0,0.0,0.0,15.73209789316108,64872.38000000001,22.14310570666667,1.3459999999999999,58.68,4.68,0.8,1.16,0.21,0.28,23.96,2.53,65,15904,259279632,17488,184835648,198025,217356,46152,36162,0,13,13,25.6,36149.2,19.0,5634.0,81.21,68.6,58.18,0.1368174959437665,2.1248,big_data
13.09,0.0,0.56,33.97,0.24,0.17,0.0,0.0,0.0,765.2,870.6,190.2,217.08,0.0,0.73,254.52,255.33,24.52,19.84,100.0,26.94,3.4,14.02,14.0,20.8,0.0,0.0,0.0,15.712324491536634,65603.84,22.392777386666666,1.334,57.98,4.72,0.82,1.19,0.21,0.28,23.77,2.63,65,15904,256976320,17548,186922816,192868,223700,46731,36809,0,14,10,20.6,36808.2,16.0,5633.0,80.87,68.74,58.28,0.1367204278373857,2.1248,big_data
12.74,0.0,0.41,33.27,0.23,0.15,0.0,0.0,31.5025,794.4,839.2,197.09,209.29,0.0,0.99,254.05,255.38,21.5,20.55,100.0,27.61,3.17,14.86,15.4,23.2,0.0,0.0,0.0,15.743230714820335,63863.58,21.79876864,1.379,58.03,4.53,0.78,1.14,0.2,0.28,23.75,2.68,65,15904,254801312,17604,189031968,203099,213881,46245,35752,0,14,15,20.6,35744.8,13.0,5634.0,83.61,69.5,58.58,0.13669616081079047,2.1248,big_data
12.09,0.0,0.48,33.78,0.22,0.17,0.0,0.0,0.0,768.4,832.2,190.49,207.49,0.0,0.9,253.85,255.31,22.05,20.15,100.0,27.19,4.72,13.34,11.2,16.4,0.0,0.0,0.0,15.757057462472599,63853.04,21.79517098666667,1.355,58.68,4.7,0.8,1.17,0.21,0.28,23.94,2.69,66,15904,252430448,17656,191112592,196647,211622,46124,34491,0,13,11,20.0,34502.0,19.0,5634.0,83.24,69.66,58.69,0.1367204278373857,2.1248,big_data
12.23,0.0,0.45,31.14,0.25,0.17,0.0,0.0,32.86000000000001,777.4,843.8,193.02,210.39,0.0,0.92,254.25,255.32,20.78,20.48,100.0,27.3,6.35,15.47,20.6,31.8,0.0,0.0,0.0,15.825834841258345,62914.88000000001,21.474945706666666,1.314,58.51,5.03,0.86,1.25,0.22,0.28,24.59,2.67,66,15904,250411424,17708,193178704,197305,215509,46623,37657,0,13,14,26.2,37652.0,15.0,5637.0,83.3,69.9,58.83,0.1367204278373857,2.1504,big_data
11.94,0.0,0.37,32.45,0.25,0.16,0.0,0.0,0.0,774.2,817.2,192.21,203.79,0.0,0.95,254.23,255.36,22.43,20.58,100.0,27.5,4.33,13.91,11.2,16.8,0.0,0.0,0.0,15.816046328854814,62754.12,21.42007296,1.3330000000000002,58.42,4.71,0.81,1.19,0.21,0.28,23.4,2.22,65,15904,248386464,17760,195236592,193926,209984,46141,33913,0,13,12,13.6,33899.6,15.0,5637.0,83.03,70.07,58.94,0.1367932289171713,2.1504,big_data
12.71,0.0,0.47,31.45,0.25,0.18,0.0,0.0,32.54,809.4,833.8,200.89,207.89,0.0,0.86,254.15,255.31,21.94,20.55,100.08,27.62,3.64,15.3,14.2,23.0,0.0,0.0,0.0,15.77994863040249,64869.34,22.142068053333336,1.306,57.97,4.64,0.8,1.19,0.21,0.28,23.65,2.36,65,15904,246404352,17824,197390912,208132,212646,46516,35421,0,14,16,28.6,35417.0,16.0,5633.0,82.47,70.17,59.04,0.1367932289171713,2.1504,big_data
11.88,0.0,0.44,32.5,0.23,0.18,0.0,0.0,30.4,739.0,830.4,183.88,207.04,0.0,1.0,254.79,255.31,21.16,20.6,99.92,27.54,3.15,14.71,14.4,21.2,0.0,0.0,0.0,15.755685099385813,64298.02,21.94705749333333,1.2890000000000001,57.84,4.96,0.86,1.26,0.22,0.28,24.32,2.7,65,15904,244650480,17888,199430240,188703,211841,46253,32778,0,13,19,23.0,32775.8,19.0,5637.0,82.11,70.3,59.14,0.1366476267576001,2.1504,big_data
12.21,0.0,0.48,30.28,0.26,0.16,0.0,0.0,33.2,802.0,805.4,199.11,200.68,0.0,1.08,254.22,255.15,23.15,21.42,100.0,27.55,2.81,14.24,13.0,20.0,0.0,0.0,0.0,15.722626313227314,62769.12,21.42519296,1.351,58.54,4.86,0.83,1.23,0.22,0.29,25.27,2.68,65,15904,242697856,17952,201531936,204809,203942,46575,36133,0,13,20,19.0,36128.8,18.0,5635.0,82.34,70.54,59.28,0.1367932289171713,2.1504,big_data
12.45,0.0,0.48,30.24,0.23,0.18,0.0,0.0,0.0,764.6,773.2,190.55,192.64,0.0,1.02,255.19,255.13,23.24,22.07,100.0,27.68,1.46,13.73,11.8,17.6,0.0,0.0,0.0,15.70014154674191,64635.58,22.06227797333333,1.3530000000000002,58.23,4.74,0.82,1.2,0.21,0.28,24.07,2.75,65,15904,240556352,18000,203596480,193380,197748,46433,35158,0,13,15,20.4,35156.4,22.0,5632.0,82.16,70.7,59.39,0.1367446948639809,2.1504,big_data
11.07,0.0,0.57,32.83,0.23,0.15,0.0,0.0,0.0,654.0,654.6,162.42,163.1,0.0,1.21,254.3,255.14,29.77,26.63,100.0,27.96,3.57,15.57,20.8,31.6,0.0,0.0,0.0,15.691977881904668,56326.04,19.225954986666665,1.339,56.72,4.68,0.8,1.18,0.22,0.3,25.78,3.4,65,15904,238716704,18052,205426096,165086,167349,45688,34019,0,12,6,27.0,34016.4,6.0,5633.0,90.07,72.53,60.04,0.1366476267576001,2.1504,big_data
11.09,0.0,0.48,33.83,0.23,0.16,0.0,0.0,33.435,622.2,757.0,154.47,188.63,0.32,1.12,254.23,255.16,22.98,22.45,100.0,26.63,12.21,19.68,20.6,29.4,0.0,0.0,0.0,15.701149968236619,56169.28000000001,19.172447573333333,1.3159999999999998,54.68,4.49,0.76,1.26,0.22,0.29,24.44,2.86,61,15904,236766672,18100,207179584,159989,193852,46196,35552,0,12,19,15.6,35547.0,17.0,5630.0,89.18,72.64,60.14,0.13669616081079047,2.1504,big_data
12.12,0.0,0.49,31.61,0.23,0.17,0.0,0.0,41.0825,701.8,738.4,172.97,183.96,0.71,1.12,252.39,255.11,24.82,23.58,100.0,27.34,15.09,21.76,26.6,37.0,0.0,0.0,0.0,15.743162475771824,59189.96,20.203506346666668,1.31,54.42,4.55,0.78,1.27,0.22,0.29,24.59,2.59,71,15904,235210880,18144,209010208,174498,189734,47790,37815,0,13,15,28.2,37809.6,14.0,5630.0,88.61,72.79,60.26,0.13669616081079047,2.1504,big_data
11.34,0.0,0.51,31.88,0.23,0.14,0.0,0.0,44.2,637.2,807.2,158.15,200.86,0.81,1.3,254.16,254.81,22.43,20.99,100.0,26.42,11.03,19.66,22.2,31.2,0.0,0.0,0.0,15.665320676708449,56572.34,19.310025386666673,1.318,54.54,4.52,0.77,1.24,0.22,0.29,24.9,2.52,64,15904,233801104,18200,210835792,162563,205020,46586,35399,0,12,18,22.8,35394.8,20.0,5621.0,88.16,72.96,60.38,0.13652629162462404,2.1504,big_data
13.11,0.0,0.56,30.43,0.25,0.17,0.0,0.0,41.84222222222222,738.4,746.6,182.08,186.29,1.07,1.14,252.51,255.51,23.94,22.73,100.08,28.16,22.22,26.39,35.4,48.2,0.0,0.0,0.0,15.608593555678643,61244.28000000001,20.904714240000004,1.3259999999999998,55.61,4.39,0.76,1.17,0.22,0.29,23.91,2.97,64,15904,231877968,18248,212781920,188331,189106,48187,42776,0,14,12,25.0,42781.4,12.0,5623.0,88.47,73.28,60.55,0.13633215541186242,2.1504,big_data
11.86,0.0,0.61,30.03,0.22,0.16,0.0,0.0,41.638000000000005,730.0,761.2,179.62,190.21,2.04,1.83,251.96,255.88,23.44,22.74,100.0,27.44,19.03,24.75,32.6,44.4,0.0,0.0,0.0,15.608116640550698,60432.94,20.627776853333334,1.3730000000000002,57.69,4.42,0.74,1.11,0.21,0.29,24.07,3.27,63,15904,229755520,18300,214684032,183965,194458,47335,44417,0,13,8,28.6,44407.0,9.0,5627.0,87.47,73.33,60.64,0.13640495649164802,2.1504,big_data
12.65,0.0,0.67,32.18,0.23,0.17,0.0,0.0,40.981666666666676,743.91,774.45,183.03,193.52,1.74,1.85,251.94,255.88,22.26,21.55,99.8,26.9,15.23,22.08,28.2,39.4,0.0,0.0,0.0,15.640238277109606,62415.52,21.304497493333333,1.318,57.28,4.76,0.8,1.19,0.23,0.3,25.22,3.65,65,15904,227558976,18352,216601760,186549,200799,47012,39928,0,14,13,27.6,39923.2,12.0,5634.0,86.87,73.44,60.74,0.13647775757143366,2.1504,big_data
12.28,0.0,0.6,32.03,0.24,0.17,0.0,0.0,41.1875,766.4,874.4,188.64,218.54,2.04,1.06,252.05,255.93,20.69,19.73,100.0,26.72,8.55,16.97,15.8,21.6,0.0,0.0,0.0,15.686461133938124,63375.78000000001,21.632266240000003,1.37,56.5,4.57,0.78,1.15,0.21,0.29,24.64,3.28,66,15904,225049424,18404,218642400,196310,223302,46702,35134,0,13,12,14.0,35123.4,13.0,5633.0,86.8,73.64,60.88,0.1367204278373857,2.1504,big_data
12.71,0.0,0.58,31.58,0.25,0.17,0.0,0.0,34.940000000000005,794.0,852.2,196.2,212.97,2.26,1.89,253.03,255.9,22.34,20.08,100.0,27.05,11.43,20.42,25.4,35.4,0.0,0.0,0.0,15.759264616586206,64867.26,22.14135808,1.338,56.56,4.71,0.82,1.17,0.21,0.29,24.4,2.97,65,15904,223144240,18460,220714880,200070,217187,47918,37283,0,14,17,28.8,37281.4,17.0,5631.0,85.22,73.53,60.91,0.13669616081079047,2.1504,big_data
12.87,0.0,0.5,31.42,0.25,0.18,0.0,0.0,35.135,747.0,886.4,184.2,221.5,1.94,1.4,252.5,255.89,19.61,19.06,100.08,26.8,1.24,13.36,9.4,14.0,0.0,0.0,0.0,15.767479081604009,65416.9,22.32896853333333,1.364,57.07,4.55,0.77,1.12,0.21,0.29,24.34,2.94,66,15904,221271104,18512,222775776,189454,226797,46825,37291,0,14,10,19.8,37289.0,14.0,5628.0,84.88,73.66,61.02,0.13662335973100487,2.1504,big_data
12.9,0.0,0.71,31.13,0.24,0.18,0.0,0.0,34.440000000000005,788.4,861.0,193.62,215.2,1.94,1.42,251.48,255.94,20.75,19.84,100.0,26.99,8.32,17.82,19.0,26.2,0.0,0.0,0.0,15.701319049434604,65951.88,22.51157504,1.3519999999999999,56.17,4.62,0.8,1.14,0.22,0.29,24.8,3.36,65,15904,219441216,18568,224871824,195077,222266,47854,40469,0,14,21,20.6,40257.4,18.0,5627.0,84.33,73.73,61.11,0.13655055865121926,2.1504,big_data
13.44,0.0,0.81,30.64,0.26,0.15,0.0,0.0,42.4325,795.0,865.0,195.33,215.71,2.36,1.5,251.6,255.36,21.18,19.63,100.0,27.2,11.18,19.54,22.6,30.2,0.0,0.0,0.0,15.697150401782038,67295.51999999999,22.970204159999994,1.3519999999999999,56.57,4.51,0.76,1.07,0.22,0.3,25.07,3.97,65,15904,217016768,18624,227017504,200480,221090,48630,39423,0,14,8,22.6,39628.4,17.0,5624.0,83.74,73.79,61.19,0.13645349054483846,2.1504,big_data
13.9,0.0,0.84,31.62,0.25,0.19,0.0,0.0,38.05714285714287,853.6,797.6,209.99,198.89,2.11,1.09,251.91,255.35,24.01,21.54,100.0,27.84,15.8,24.2,35.4,50.4,0.0,0.0,0.0,15.751591514686616,69008.56,23.55492181333333,1.308,55.67,4.75,0.81,1.15,0.23,0.3,26.01,3.84,64,15904,214054368,18680,229201872,218425,201605,49580,41414,0,15,18,32.8,41378.6,17.0,5636.0,83.84,73.97,61.32,0.13645349054483846,2.1504,big_data
12.3,0.0,0.75,32.88,0.23,0.19,0.0,0.0,39.52500000000001,753.6,883.2,185.88,220.16,1.93,0.9,252.58,255.26,20.44,19.18,100.0,26.55,4.89,16.21,14.6,21.4,0.0,0.0,0.0,15.882104760663099,63996.58,21.844165973333336,1.306,56.11,4.62,0.79,1.11,0.22,0.29,24.41,3.83,65,15904,211102848,18744,231221520,189832,225526,46678,33262,0,13,16,16.2,33277.6,14.0,5634.0,83.13,73.99,61.4,0.13676896189057608,2.1504,big_data
12.57,0.0,0.67,33.31,0.24,0.16,0.0,0.0,35.67,769.8,885.4,190.55,220.72,1.51,0.83,253.47,255.27,20.84,19.12,100.0,26.88,4.24,15.85,14.2,20.6,0.0,0.0,0.0,16.044330208907404,65375.8,22.31493973333333,1.33,55.96,4.8,0.84,1.13,0.22,0.29,25.19,3.75,58,15904,208640160,18804,233280160,192600,227748,47450,37928,0,14,17,25.8,37899.6,14.0,5628.0,82.96,74.11,61.5,0.1367204278373857,2.1504,big_data
12.54,0.0,0.62,33.96,0.23,0.18,0.0,0.0,38.55666666666667,753.2,899.2,185.29,224.15,1.75,0.82,251.9,255.27,19.96,18.83,100.0,26.68,11.51,19.31,21.6,29.4,0.0,0.0,0.0,16.118351379465633,65207.46,22.25747968,1.365,55.63,4.53,0.79,1.05,0.21,0.29,24.32,3.47,66,15904,206859312,18856,235371104,191540,228065,47669,37896,0,14,8,22.0,37918.2,16.0,5624.0,83.37,74.34,61.64,0.13647775757143366,2.1504,big_data
12.31,0.0,0.73,36.52,0.24,0.18,0.0,0.0,36.05,847.6,792.2,209.26,197.54,2.03,1.05,252.81,255.34,26.98,22.08,100.0,28.06,11.72,20.46,25.6,35.4,0.0,0.0,0.0,16.05990463441328,65792.34,22.45711872,1.351,55.99,4.67,0.81,1.07,0.21,0.29,24.69,3.31,65,15904,204460816,18912,237515040,212526,203642,47527,37426,0,13,12,22.8,37409.6,19.0,5630.0,83.18,74.45,61.75,0.13652629162462404,2.1504,big_data
13.4,0.0,0.65,35.13,0.25,0.18,0.0,0.0,39.63,788.6,855.0,195.12,213.12,2.33,0.81,253.37,255.24,21.01,19.8,100.0,27.21,4.43,15.17,12.6,17.8,0.0,0.0,0.0,16.11548685585134,67375.34,22.997449386666666,1.337,55.69,4.67,0.82,1.08,0.21,0.28,24.14,3.08,64,15904,202814496,18964,239622032,199757,217646,47943,42397,0,14,12,21.6,42434.8,24.0,5629.0,83.48,74.66,61.88,0.1366476267576001,2.1504,big_data
12.93,0.0,0.65,34.21,0.24,0.18,0.0,0.0,31.54,809.8,832.6,200.15,207.64,1.48,0.88,253.09,255.37,22.62,20.82,100.0,27.69,2.65,15.73,21.6,32.0,0.0,0.0,0.0,16.025448464183537,66978.48000000001,22.861987840000005,1.357,56.14,4.68,0.81,1.07,0.21,0.29,24.81,2.95,65,15904,201047712,19016,241790032,208357,212238,48004,37920,0,14,15,27.8,37858.0,12.0,5637.0,82.72,74.64,61.95,0.13662335973100487,2.1504,big_data
13.12,0.0,0.63,35.06,0.22,0.18,0.0,0.0,31.770000000000003,773.8,876.8,191.58,218.64,1.0,0.97,253.52,255.35,22.68,19.82,100.0,26.82,1.15,13.16,9.0,13.2,0.0,0.0,0.0,15.925288705197794,66849.34,22.81790805333333,1.349,56.17,4.59,0.79,1.05,0.21,0.29,24.8,3.38,65,15904,199212752,19076,243896160,193843,224732,47035,41244,0,14,29,12.4,41243.8,12.0,5638.0,82.34,74.7,62.04,0.13676896189057608,2.1504,big_data
13.04,0.0,0.87,35.24,0.27,0.18,0.0,0.0,32.395,846.0,796.8,209.03,198.69,0.87,1.04,253.01,255.35,23.98,21.43,100.0,28.16,2.31,15.8,15.8,25.2,0.0,0.0,0.0,15.878058943297862,67217.51999999999,22.94358016,1.3659999999999999,55.17,4.53,0.79,1.05,0.22,0.3,25.23,4.14,66,15904,196602752,19140,246061600,211539,205271,47858,41913,0,14,16,30.0,41933.6,15.0,5632.0,82.08,74.77,62.13,0.13676896189057608,2.1504,big_data
12.74,0.0,0.91,34.47,0.23,0.19,0.0,0.0,0.0,759.6,888.4,188.4,221.49,0.86,0.89,253.97,255.3,20.3,19.14,100.08,26.83,1.97,14.66,14.4,21.6,0.0,0.0,0.0,15.97400683656699,65693.6,22.42341546666667,1.317,56.04,4.79,0.83,1.09,0.22,0.29,25.41,4.02,66,15904,193729328,19204,248153776,198054,223498,47361,37378,0,14,19,23.0,37382.8,11.0,5637.0,81.59,74.79,62.2,0.13667189378419528,2.1504,big_data
11.98,0.0,0.75,35.91,0.24,0.18,0.0,0.0,30.54,749.4,770.8,186.04,189.76,0.64,13.26,254.21,252.1,23.63,22.45,100.0,27.56,1.39,13.56,11.0,16.4,0.0,0.0,0.0,16.118623577448037,64063.68000000001,21.86706944,1.28,57.27,4.89,0.83,1.09,0.22,0.28,24.49,3.71,65,15904,191762672,19260,250155616,188508,195323,46971,34726,0,13,9,17.6,34707.6,16.0,5630.0,81.46,74.88,62.3,0.1367204278373857,2.1504,big_data
11.57,0.0,0.56,35.31,0.24,0.16,0.0,0.0,32.14,739.4,756.4,183.42,188.54,0.16,0.99,254.03,255.24,27.58,22.48,100.0,27.66,1.37,13.51,11.4,16.8,0.0,0.0,0.0,16.12435944858148,61599.42,21.02593536,1.314,57.52,4.8,0.81,1.08,0.21,0.28,24.35,3.51,65,15904,189886848,19312,252124464,187606,193598,46562,33420,0,13,16,19.8,33430.4,10.0,5629.0,81.18,74.93,62.38,0.13659909270440965,2.1504,big_data
12.12,0.0,0.62,34.67,0.24,0.17,0.0,0.0,33.46000000000001,741.2,749.2,183.89,186.79,0.0,0.93,254.05,255.3,27.59,23.45,100.0,27.85,2.81,15.95,23.0,34.4,0.0,0.0,0.0,16.075353196785223,61991.94,21.15991552,1.329,57.01,4.73,0.8,1.06,0.22,0.29,24.88,3.48,65,15904,188571200,19364,254116368,191831,189502,47070,34622,0,13,16,28.2,34365.2,10.0,5636.0,81.01,75.0,62.47,0.13659909270440965,2.1504,big_data
12.39,0.0,0.52,37.88,0.25,0.18,0.0,0.0,0.0,735.4,741.0,183.13,184.74,0.0,1.04,255.0,255.29,27.07,23.55,100.08,27.83,1.04,12.82,8.4,12.0,0.0,0.0,0.0,15.988136868879314,61361.68000000001,20.944786773333334,1.371,57.21,4.44,0.75,1.01,0.21,0.28,23.88,3.42,65,15904,187291488,19416,256053952,183690,190529,46909,35024,0,13,12,11.8,35259.2,16.0,5637.0,80.77,75.05,62.56,0.1367446948639809,2.1504,big_data
12.64,0.0,0.97,35.72,0.22,0.18,0.0,0.0,32.86000000000001,712.8,849.4,177.2,211.78,0.0,0.68,254.56,255.32,22.09,20.13,100.08,27.22,1.49,14.05,11.4,18.0,0.0,0.0,0.0,15.866000345213767,63313.62,21.61104896,1.328,58.2,4.74,0.79,1.05,0.22,0.29,25.09,4.11,65,15904,185115904,19468,258006080,179963,218579,46742,35867,0,14,19,25.4,35863.0,14.0,5628.0,80.95,75.18,62.66,0.1367446948639809,2.1504,big_data
12.53,0.0,0.87,35.44,0.25,0.17,0.0,0.0,34.765,784.0,866.2,194.28,215.89,0.03,0.98,253.76,255.23,22.79,19.64,100.0,27.07,1.53,13.69,12.2,17.8,0.0,0.0,0.0,15.883064656612198,65493.16,22.35499861333333,1.344,57.01,4.71,0.8,1.06,0.22,0.3,25.55,3.98,65,15904,183150368,19528,260089216,198588,221458,47702,38176,0,14,15,20.2,38039.6,88.0,5630.0,81.19,75.33,62.78,0.13652629162462404,2.1504,big_data
13.2,0.0,0.91,35.72,0.25,0.18,0.0,0.0,34.10000000000001,783.0,874.0,194.26,217.94,0.0,0.91,254.05,255.34,22.89,19.68,100.0,26.9,2.45,15.6,17.6,26.8,0.0,0.0,0.0,15.860679215852963,68608.0,23.41819733333333,1.319,57.45,4.69,0.78,1.04,0.22,0.29,25.32,4.04,65,15904,180923232,19588,262215424,199277,223507,47993,37270,0,14,19,23.2,37373.0,9.0,5632.0,80.86,75.36,62.86,0.13655055865121926,2.1504,big_data
12.67,0.0,1.02,35.39,0.26,0.17,0.0,0.0,35.32999999999999,786.4,852.0,195.08,212.5,0.03,1.14,254.02,255.4,20.96,20.08,100.0,27.48,1.89,14.66,13.8,20.6,0.0,0.0,0.0,15.875822218929901,66379.66,22.65759061333333,1.331,57.19,4.73,0.79,1.05,0.22,0.29,25.19,4.09,65,15904,178509616,19644,264339200,202115,215739,47914,39714,0,14,16,24.0,39706.6,19.0,5632.0,80.87,75.45,62.95,0.13669616081079047,2.1504,big_data
12.59,0.0,0.86,34.73,0.25,0.18,0.0,0.0,30.08,780.2,832.0,193.83,207.57,0.03,0.98,254.4,255.47,23.5,20.13,100.08,27.59,2.44,16.48,20.2,29.8,0.0,0.0,0.0,15.941255126126801,65868.42,22.48308736,1.34,57.58,4.77,0.79,1.05,0.22,0.3,25.45,4.1,64,15904,176369728,19708,266410336,197098,215223,46912,35494,0,14,18,27.0,35494.6,22.0,5633.0,80.4,75.44,63.02,0.1366476267576001,2.1504,big_data
12.44,0.0,0.86,33.57,0.25,0.18,0.0,0.0,30.43,760.6,852.8,188.89,212.8,0.0,0.93,254.3,255.53,22.63,20.03,100.0,27.26,1.16,12.91,9.0,13.2,0.0,0.0,0.0,15.957778074407024,65051.42,22.204218026666666,1.365,56.62,4.64,0.78,1.04,0.22,0.3,25.79,4.25,58,15904,174291456,19756,268487808,195162,215840,46759,34995,0,13,26,12.0,35010.2,10.0,5632.0,80.45,75.54,63.12,0.13667189378419528,2.1504,big_data
12.8,0.0,0.7,32.7,0.24,0.16,0.0,0.0,0.0,757.0,873.4,188.07,217.96,0.0,0.95,254.41,255.54,21.02,19.23,100.08,27.13,2.09,16.04,16.2,24.2,0.0,0.0,0.0,15.964802905345731,66290.81999999999,22.62726656,1.364,57.76,4.67,0.78,1.04,0.21,0.29,24.41,3.51,63,15904,172587664,19820,270532192,188954,222614,47396,38254,0,14,16,27.4,38240.0,24.0,5621.0,80.41,75.61,63.21,0.13669616081079047,2.1248,big_data
12.52,0.0,0.85,34.37,0.24,0.18,0.0,0.0,30.74,785.2,821.8,195.18,205.1,0.0,0.96,254.53,255.57,23.2,21.33,100.0,27.84,1.34,12.99,10.4,15.4,0.0,0.0,0.0,15.924412212530214,64663.44,22.07178752,1.361,57.95,4.67,0.77,1.03,0.21,0.29,24.67,4.08,61,15904,170133264,19868,272639936,202728,210086,47114,37686,0,14,87,19.4,37531.0,15.0,5620.0,80.14,75.63,63.28,0.13640495649164802,2.1248,big_data
12.77,0.0,0.94,34.82,0.24,0.18,0.0,0.0,37.27,743.6,874.0,185.11,218.13,0.0,0.77,254.92,255.57,21.77,19.48,100.0,27.07,1.88,15.53,14.6,21.4,0.0,0.0,0.0,15.95649972956486,66142.84,22.57675605333333,1.308,57.88,4.8,0.79,1.05,0.22,0.29,25.09,4.54,62,15904,167113056,19928,274663296,188841,224005,47100,35856,0,14,21,19.6,36025.2,19.0,5615.0,79.88,75.66,63.35,0.13640495649164802,2.1248,big_data
12.42,0.0,0.98,34.18,0.24,0.17,0.0,0.0,31.14,768.2,850.0,190.41,212.01,0.0,0.91,253.82,255.4,21.47,20.06,100.0,27.09,1.61,13.28,12.6,18.6,0.0,0.0,0.0,16.163349724479158,67034.42,22.881082026666665,1.3319999999999999,57.08,4.85,0.81,1.08,0.23,0.3,26.13,5.26,62,15904,164220608,19984,276747264,197954,216708,47427,37468,0,14,11,20.8,37244.4,89.0,5615.0,79.65,75.68,63.43,0.13623508730548156,2.0992,big_data
12.51,0.0,0.86,33.95,0.24,0.19,0.0,0.0,30.06,762.4,859.0,189.33,214.29,0.0,1.01,254.3,255.45,20.9,19.74,100.0,27.07,3.02,16.79,22.8,35.2,0.0,0.0,0.0,16.316717744226324,65547.04000000001,22.373389653333334,1.324,56.62,4.78,0.81,1.07,0.22,0.29,24.77,3.79,62,15904,162169696,20044,278779424,189371,220797,47438,36003,0,13,15,30.8,36220.6,17.0,5621.0,85.21,76.9,63.89,0.1363078883852672,2.0992,big_data
12.54,0.0,0.68,32.51,0.23,0.18,0.0,0.0,0.0,802.6,811.0,198.99,202.31,0.0,1.07,253.88,255.44,22.29,21.36,100.08,27.96,1.45,13.3,10.4,16.0,0.0,0.0,0.0,16.276170101599224,65615.38,22.39671637333333,1.3430000000000002,57.19,4.83,0.81,1.08,0.22,0.29,25.07,3.57,61,15904,160728864,20100,280894784,204738,206882,46976,36131,0,14,56,14.0,36017.4,14.0,5618.0,84.95,76.98,63.99,0.13640495649164802,2.0992,big_data
12.92,0.0,0.84,32.73,0.23,0.18,0.0,0.0,31.0,779.4,797.6,193.68,198.99,0.0,1.07,254.47,255.47,22.57,21.34,100.0,27.89,1.56,13.91,12.0,18.0,0.0,0.0,0.0,16.159780822241864,65901.42,22.49435136,1.361,55.8,4.6,0.79,1.05,0.22,0.3,25.95,3.92,62,15904,158954368,20156,283004160,200584,201945,47866,39063,0,14,16,26.0,39157.6,19.0,5616.0,84.39,77.0,64.06,0.13640495649164802,2.0992,big_data
12.75,0.0,0.81,31.94,0.25,0.17,0.0,0.0,0.0,773.0,867.8,192.24,216.79,0.0,1.14,254.66,255.81,20.26,19.75,100.0,27.31,1.36,12.67,11.2,16.4,0.0,0.0,0.0,16.111111974629935,65460.72,22.34392576,1.349,56.51,4.58,0.77,1.03,0.22,0.3,25.46,4.24,63,15904,156905120,20208,285064640,195062,224937,47144,35440,0,14,17,19.0,35441.8,15.0,5614.0,84.04,77.05,64.15,0.1363078883852672,2.0992,big_data
13.08,0.0,1.03,33.2,0.24,0.18,0.0,0.0,31.6,763.4,864.0,189.75,215.91,0.0,1.64,254.53,255.89,20.18,19.63,100.0,27.06,1.81,14.53,13.0,20.0,0.0,0.0,0.0,16.12353982178766,66661.38,22.75375104,1.311,55.53,4.63,0.79,1.04,0.23,0.3,25.95,4.92,52,15904,154111248,20260,287147968,196302,219426,47593,40117,0,14,30,20.8,38697.8,55.0,5614.0,83.0,76.95,64.18,0.13623508730548156,2.0992,big_data
12.83,0.0,1.07,34.58,0.24,0.18,0.0,0.0,0.0,794.0,835.2,197.16,208.72,0.03,1.97,254.27,255.9,20.68,20.39,100.0,27.34,1.22,12.37,10.2,14.4,0.0,0.0,0.0,16.245658148373607,64921.54,22.15988565333333,1.285,55.36,4.76,0.82,1.08,0.24,0.31,26.62,5.02,62,15904,150931856,20308,289237728,200302,213088,47375,35287,0,14,13,20.2,36730.4,10.0,5614.0,83.0,77.05,64.29,0.13623508730548156,2.0992,big_data
12.46,0.0,0.86,33.65,0.24,0.19,0.0,0.0,0.0,690.6,760.8,172.08,190.14,0.0,1.27,255.16,255.92,23.32,22.75,100.0,27.78,2.99,17.33,24.8,36.6,0.0,0.0,0.0,16.452920610425586,61616.48,21.031758506666666,1.337,55.97,4.31,0.71,0.97,0.23,0.3,25.37,4.58,61,15904,148119568,20360,291136672,175802,195035,46690,35435,0,13,15,28.2,35406.8,10.0,5615.0,82.28,77.0,64.34,0.13621082027888634,2.0992,big_data
11.38,0.0,0.99,33.98,0.22,0.15,0.0,0.0,0.0,682.4,777.8,169.39,194.05,0.0,2.11,254.19,255.48,23.56,22.26,100.0,27.29,1.26,12.65,9.6,14.0,0.0,0.0,0.0,16.664268316848613,59294.48,20.239182506666666,1.3130000000000002,55.6,4.68,0.8,1.06,0.23,0.3,25.48,4.46,61,15904,145800624,20396,292990208,174535,199281,46172,32427,0,12,12,12.8,32213.0,16.0,5615.0,81.77,76.98,64.4,0.13625935433207678,2.0992,big_data
10.49,0.0,0.59,34.78,0.25,0.17,0.0,0.0,0.0,676.2,721.2,167.95,179.97,0.0,2.65,254.34,255.53,26.48,24.59,100.0,28.07,1.85,14.55,13.4,21.0,0.0,0.0,0.0,16.690746584095393,56854.16,19.406219946666663,1.304,57.19,5.04,0.87,1.13,0.22,0.29,25.05,3.11,59,15904,144732208,20448,294797952,171521,182183,46355,32643,0,12,20,27.8,32865.8,14.0,5609.0,81.31,76.96,64.46,0.13625935433207678,2.0992,big_data
11.32,0.0,0.56,34.49,0.22,0.17,0.0,0.0,0.0,699.6,693.4,173.65,172.97,0.0,1.06,254.17,255.44,29.07,24.64,100.0,27.61,1.79,13.62,13.2,19.8,0.0,0.0,0.0,16.539827587978234,58505.36,19.969829546666666,1.37,57.96,4.42,0.73,0.99,0.21,0.29,24.78,3.32,60,15904,143772480,20504,296652704,175823,180222,46535,33875,0,12,11,21.6,33902.4,16.0,5610.0,80.97,76.96,64.53,0.13611375217250554,2.0992,big_data
11.61,0.0,0.67,31.63,0.23,0.17,0.0,0.0,0.0,709.0,685.8,175.83,170.94,0.0,1.18,253.95,255.24,26.47,24.81,100.0,27.81,1.65,13.75,13.0,19.4,0.0,0.0,0.0,16.410517623890552,58098.66,19.83100928,1.351,57.62,4.72,0.79,1.05,0.21,0.29,24.9,3.33,61,15904,142400352,20560,298519040,179387,175584,46838,33517,0,13,14,19.2,33482.0,14.0,5608.0,80.41,76.92,64.58,0.13613801919910076,2.0992,big_data
11.67,0.0,0.7,33.97,0.25,0.17,0.0,0.0,31.06,680.4,702.2,169.21,175.12,0.0,0.99,254.67,255.37,22.4,24.44,100.0,27.68,1.46,12.88,12.2,17.8,0.0,0.0,0.0,16.275687878989725,58944.22,20.119627093333328,1.365,57.57,4.48,0.75,1.0,0.21,0.29,24.25,3.22,61,15904,141368816,20604,300373280,174914,178987,47361,36836,0,13,12,19.6,36402.2,8.0,5606.0,79.73,76.83,64.62,0.13606521811931513,2.0992,big_data
12.68,0.0,0.7,33.84,0.21,0.16,0.0,0.0,30.5,701.8,698.6,174.23,174.23,0.0,0.94,254.22,255.39,24.48,24.68,99.92,27.79,3.42,15.88,22.8,34.4,0.0,0.0,0.0,16.126664411997954,59925.52,20.45457749333333,1.391,58.34,4.35,0.7,0.96,0.21,0.29,23.91,3.36,61,15904,139664976,20656,302257952,180856,176938,48126,42026,0,14,7,29.2,42392.0,19.0,5614.0,83.6,77.68,64.96,0.13604095109271994,2.0992,big_data
11.37,0.0,0.69,34.83,0.23,0.16,0.0,0.0,31.54,667.4,732.8,165.73,182.62,0.0,0.92,254.28,255.19,23.35,23.46,100.08,27.31,0.88,11.73,7.8,10.6,0.0,0.0,0.0,16.104790005890926,57828.14,19.738671786666668,1.36,58.09,4.54,0.74,1.0,0.22,0.3,25.68,4.4,61,15904,138109072,20712,304054912,168186,186422,46356,33402,0,12,18,10.4,33436.0,11.0,5614.0,82.35,77.52,64.98,0.13623508730548156,2.0992,big_data
11.26,0.0,0.84,33.03,0.24,0.17,0.0,0.0,0.0,691.0,689.2,171.61,171.79,0.0,1.03,254.31,255.24,31.57,25.84,100.08,27.87,1.9,13.4,12.0,18.8,0.0,0.0,0.0,16.077483771522168,58086.28000000001,19.826783573333334,1.327,58.11,4.7,0.77,1.03,0.22,0.29,24.77,3.72,61,15904,135855584,20764,305882624,177774,175790,46497,38487,0,12,17,23.6,38401.8,10.0,5600.0,81.28,77.38,65.0,0.13623508730548156,2.0992,big_data
10.95,0.0,0.65,35.12,0.22,0.17,0.0,0.0,0.0,651.8,735.2,162.47,183.23,0.0,0.86,255.24,255.21,22.81,23.51,100.0,27.22,1.48,12.78,11.6,16.2,0.0,0.0,0.0,16.126188255081658,56555.48,19.304270506666672,1.341,56.85,4.6,0.77,1.04,0.21,0.29,24.44,3.33,60,15904,134018368,20812,307640000,162526,190112,46771,34144,0,12,94,19.8,33811.2,10.0,5603.0,80.7,77.32,65.05,0.13601668406612474,2.0992,big_data
12.31,0.0,0.79,32.11,0.23,0.17,0.0,0.0,31.2,647.0,736.6,160.7,183.58,0.0,0.78,254.33,255.21,23.57,23.1,100.0,27.17,2.43,15.13,17.4,25.8,0.0,0.0,0.0,16.150314549789655,57397.81999999999,19.591789226666666,1.3880000000000001,56.07,4.12,0.69,0.94,0.21,0.29,24.3,3.86,61,15904,132377824,20876,309419072,165940,187041,46312,35748,0,13,87,23.4,36072.0,9.0,5610.0,79.76,77.19,65.07,0.13604095109271994,2.0992,big_data
11.58,0.0,0.82,32.54,0.23,0.15,0.0,0.0,0.0,681.8,696.2,169.19,173.54,0.0,1.22,254.1,255.25,25.52,24.89,100.0,28.03,1.62,13.41,12.2,18.4,0.0,0.0,0.0,16.130184030477984,56827.38000000001,19.39707904,1.3430000000000002,56.07,4.38,0.74,0.99,0.22,0.29,24.72,4.25,61,15904,130223512,20924,311204928,170427,180496,46445,37722,0,13,14,22.6,37530.4,15.0,5609.0,79.22,77.12,65.11,0.13606521811931513,2.0992,big_data
11.1,0.0,0.86,32.37,0.22,0.18,0.0,0.0,30.06,655.2,738.4,162.43,184.04,0.0,0.99,253.86,255.22,26.28,23.14,100.08,27.05,2.89,15.03,18.8,28.4,0.0,0.0,0.0,16.218295806342738,56763.72,19.37534976,1.34,56.74,4.68,0.78,1.04,0.23,0.31,26.65,5.02,61,15904,127621008,20976,312995840,171211,182540,46228,32879,0,12,13,26.8,32934.6,7.0,5613.0,78.56,77.01,65.15,0.13613801919910076,2.0992,big_data
10.32,0.0,0.81,35.78,0.25,0.16,0.0,0.0,0.0,640.6,722.2,158.87,180.04,0.0,1.1,253.95,255.28,25.65,24.18,100.0,27.37,1.16,12.43,9.0,13.2,0.0,0.0,0.0,16.392854325288493,54428.12,18.578131626666668,1.345,57.81,4.66,0.77,1.03,0.22,0.3,25.71,4.77,60,15904,125569184,21020,314691200,161332,186841,45716,31940,0,11,74,12.2,32179.2,13.0,5613.0,78.28,76.98,65.2,0.13621082027888634,2.0992,big_data
10.72,0.0,0.72,35.02,0.22,0.16,0.0,0.0,0.0,653.8,718.4,162.45,179.04,0.0,0.96,254.43,255.2,27.14,24.22,100.0,27.66,1.33,13.08,12.0,18.0,0.0,0.0,0.0,16.443408087062714,56228.94,19.19281152,1.341,57.73,4.69,0.78,1.04,0.22,0.3,25.38,3.82,60,15904,123832056,21068,316450080,167640,182746,46371,33226,0,12,14,23.8,33001.6,17.0,5604.0,77.53,76.85,65.22,0.13621082027888634,2.0992,big_data
12.0,0.0,0.72,33.38,0.24,0.17,0.0,0.0,30.8,662.2,730.2,164.49,181.99,0.0,0.92,254.36,255.21,23.48,22.84,100.0,27.32,1.98,13.94,14.6,21.6,0.0,0.0,0.0,16.44560235157827,57497.42,19.625786026666667,1.367,57.48,4.29,0.7,0.95,0.22,0.3,24.85,3.88,61,15904,122402520,21128,318223616,166356,187659,46801,34876,0,13,20,22.4,35101.8,10.0,5606.0,77.09,76.77,65.26,0.13599241703952952,2.0992,big_data
11.14,0.0,0.66,32.74,0.23,0.17,0.0,0.0,31.92,683.4,711.4,169.75,177.34,0.0,0.97,254.35,255.26,26.73,24.67,100.0,27.76,1.37,13.04,11.6,16.6,0.0,0.0,0.0,16.343007216772218,57048.44,19.472534186666667,1.354,56.47,4.67,0.79,1.05,0.22,0.3,25.87,3.27,61,15904,121043872,21172,320034656,172862,183358,46189,33391,0,12,18,17.4,33148.4,13.0,5606.0,76.76,76.7,65.3,0.13601668406612474,2.0992,big_data
13.02,0.0,0.71,31.47,0.24,0.17,0.0,0.0,0.0,708.8,732.6,175.71,179.46,0.0,13.34,253.84,250.84,26.95,23.84,100.0,27.46,3.39,13.46,13.4,19.8,0.0,0.0,0.0,16.28372264784644,59266.96,20.229789013333328,1.4409999999999998,57.6,4.0,0.66,0.89,0.2,0.29,23.86,2.78,61,15904,119617656,21224,321924320,180232,182811,47259,37895,0,14,16,20.8,38157.8,21.0,5606.0,76.46,76.64,65.34,0.13604095109271994,2.0992,big_data
11.96,0.0,0.99,32.36,0.23,0.17,0.0,0.0,33.235,705.4,877.4,175.65,218.69,0.0,0.81,254.98,255.23,20.57,19.14,100.0,26.42,2.27,14.81,18.8,27.8,0.0,0.0,0.0,16.188976520042814,61574.31999999999,21.01736789333333,1.334,57.0,4.53,0.75,1.0,0.23,0.3,26.27,3.78,57,15904,117420192,21280,323851552,183382,222684,46981,35753,0,13,19,26.4,35481.0,18.0,5614.0,76.1,76.57,65.38,0.13606521811931513,2.0992,big_data
13.58,0.0,1.46,32.35,0.26,0.18,0.0,0.0,32.15,740.4,895.0,184.13,223.19,0.0,0.75,254.66,255.35,20.24,18.83,99.92,26.38,2.33,13.85,12.0,18.4,0.0,0.0,0.0,16.217000022632618,66033.24,22.53934592,1.335,56.07,4.18,0.69,0.93,0.24,0.32,27.1,4.55,61,15904,114234976,21344,325875104,187814,229645,47784,36599,0,16,21,15.8,36803.8,20.0,5613.0,75.53,76.44,65.4,0.13621082027888634,2.0992,big_data
12.14,0.0,1.74,31.93,0.24,0.18,0.0,0.0,31.74,752.6,903.4,186.61,225.29,0.0,0.94,253.91,255.37,21.92,18.77,100.0,26.44,2.11,14.02,11.6,18.0,0.0,0.0,0.0,16.547275501017726,64020.48,21.85232384,1.281,56.46,4.78,0.8,1.05,0.25,0.32,28.33,4.66,61,15904,109347584,21404,327864864,191081,230471,47398,36602,0,14,7,26.4,36532.8,13.0,5609.0,75.09,76.33,65.42,0.13621082027888634,2.0992,big_data
11.21,0.0,2.21,32.6,0.25,0.17,0.0,0.0,33.2975,722.8,808.8,179.33,201.69,0.0,1.03,254.06,255.36,23.69,21.34,100.08,27.46,2.77,13.29,13.0,19.0,0.0,0.0,0.0,17.008944509105156,60720.48,20.72592384,1.245,55.43,4.71,0.8,1.06,0.28,0.34,30.71,3.34,61,15904,105244160,21452,329773312,180354,207734,46638,31327,0,14,18,20.4,31143.4,11.0,5610.0,83.17,77.99,66.01,0.13613801919910076,2.0736,big_data
10.31,0.0,1.43,33.88,0.22,0.17,0.0,0.0,32.6,675.6,788.2,167.71,196.54,0.0,1.03,254.2,255.34,21.11,21.61,100.0,27.01,1.4,13.22,11.6,17.0,0.0,0.0,0.0,17.431161490399962,56291.58,19.21419264,1.242,55.67,4.96,0.85,1.11,0.25,0.31,27.92,3.12,61,15904,102891440,20700,331202688,172995,201371,45574,29466,2,12,13,17.8,29705.8,12.0,5606.0,82.44,77.92,66.06,0.13608948514591035,2.0736,big_data
10.51,0.0,1.19,33.4,0.23,0.16,0.0,0.0,34.715,672.0,798.6,166.86,199.03,0.0,0.89,254.26,255.2,21.64,21.78,100.0,26.8,1.99,14.08,14.8,22.4,0.0,0.0,0.0,17.59800899686362,56444.5,19.266389333333333,1.337,54.9,4.39,0.75,1.0,0.23,0.31,26.44,3.1,60,15904,101012624,20756,333016416,172509,202292,45965,30930,0,13,16,24.0,30937.6,12.0,5606.0,81.84,77.87,66.11,0.13601668406612474,2.0736,big_data
11.94,0.0,0.87,33.31,0.25,0.18,0.0,0.0,31.44,685.6,783.8,169.56,195.44,0.0,0.96,253.25,255.33,25.33,22.06,99.92,27.33,1.87,13.69,17.2,24.8,0.0,0.0,0.0,17.633422788407504,58425.34,19.942516053333332,1.306,56.39,4.74,0.8,1.06,0.23,0.3,26.03,3.03,61,16128,100462912,20660,333716032,168993,203846,46459,34701,3,13,14,23.6,34704.6,9.0,5614.0,81.69,77.91,66.18,0.13604095109271994,2.0736,big_data
11.27,0.0,0.59,34.48,0.23,0.16,0.0,0.0,36.40000000000001,660.6,894.0,163.95,222.83,0.12,0.89,254.15,255.24,22.67,19.42,99.92,25.89,1.66,14.46,12.4,18.2,0.0,0.0,0.0,17.575677389131545,58934.74000000001,20.116391253333337,1.315,56.71,4.83,0.82,1.05,0.22,0.3,25.73,3.24,60,16128,98898824,20764,335605568,171985,225342,46463,33364,0,12,15,14.0,33346.4,10.0,5606.0,81.56,77.94,66.26,0.13618655325229118,2.0736,big_data
11.63,0.0,0.81,33.65,0.24,0.18,0.0,0.0,35.4,733.4,893.2,181.54,222.68,0.08,0.89,253.47,255.28,18.88,18.88,100.08,26.56,2.6,15.4,16.8,24.6,0.0,0.0,0.0,17.513112038395533,61484.52,20.98671616,1.325,55.95,4.75,0.82,1.06,0.22,0.29,25.66,3.01,59,16128,97377776,20876,337638304,185430,228802,47479,34268,0,13,10,26.0,34220.4,13.0,5595.0,81.27,77.94,66.32,0.13604095109271994,2.0736,big_data
12.86,0.0,0.71,32.88,0.23,0.17,0.0,0.0,33.36,712.0,916.8,177.2,228.59,0.0,0.8,254.85,255.32,18.86,18.22,100.0,26.49,3.57,21.92,28.6,40.8,0.0,0.0,0.0,17.442838708024027,63505.76,21.676632746666666,1.3730000000000002,55.51,4.38,0.75,0.99,0.21,0.29,24.65,3.1,47,16128,96412776,21028,338863808,180554,235810,47987,40689,2,14,18,23.6,40553.0,20.0,5571.0,81.01,77.94,66.38,0.13555561056081586,2.0736,big_data
12.29,0.0,1.15,30.19,0.25,0.18,0.0,0.0,32.948,782.2,852.8,194.1,212.7,0.0,1.11,254.1,255.39,24.63,19.97,100.0,27.18,2.73,16.77,17.0,25.2,0.0,0.0,0.0,17.365492779379856,65829.18000000001,22.46969344,1.3030000000000002,54.69,4.77,0.84,1.08,0.25,0.32,28.38,3.31,50,16384,95368016,21076,339317504,198450,217391,47798,34586,8,14,12,20.2,33869.0,81.0,5562.0,80.53,77.9,66.43,0.13514307110869733,2.0736,big_data
12.44,0.0,1.45,29.1,0.25,0.18,0.0,0.0,34.736000000000004,734.6,907.4,182.29,226.29,0.0,0.92,254.1,255.37,19.78,18.64,100.0,26.54,1.94,13.2,16.4,23.6,0.0,0.0,0.0,17.489752295665852,62877.4,21.46215253333333,1.295,54.2,4.57,0.81,1.06,0.24,0.31,27.38,2.72,49,18432,93754912,21136,339935552,190601,228847,47316,33627,417,14,4,20.0,34493.6,15.0,5545.0,79.93,77.81,66.46,0.13477906570976927,2.0736,big_data
12.16,0.0,1.44,26.85,0.23,0.18,0.0,0.0,32.61083333333334,747.4,878.4,185.69,219.04,0.0,0.92,254.4,255.35,20.21,19.3,100.0,26.94,3.07,19.41,26.4,38.0,0.0,0.0,0.0,17.714261039912298,62581.5,21.361152,1.36,54.01,4.26,0.75,1.0,0.23,0.31,26.47,2.92,45,18944,93240480,21184,339478528,188778,226001,47090,33048,22,14,15,26.2,33017.4,19.0,5535.0,78.89,77.63,66.47,0.13436652625765078,2.0736,big_data
12.29,0.0,1.22,26.63,0.25,0.17,0.0,0.0,32.8325,757.4,892.6,187.74,222.81,0.0,1.06,253.83,255.61,21.1,18.99,100.0,26.91,1.43,9.74,10.2,15.6,0.0,0.0,0.0,17.883114774402273,62027.66,21.172107946666667,1.321,54.83,4.39,0.78,1.03,0.22,0.29,25.16,2.82,44,20224,92774480,21256,339232768,193000,227442,46413,30840,26,14,17,14.0,30736.6,17.0,5531.0,77.3,77.32,66.43,0.13424519112467476,2.0992,big_data
12.56,0.0,0.65,26.18,0.22,0.17,0.0,0.0,33.21857142857142,758.0,876.6,187.64,219.01,0.18,1.22,253.49,255.84,21.39,19.57,99.84,27.42,2.4,16.37,18.4,28.0,0.0,0.0,0.0,18.012872841575202,63207.74000000001,21.57490858666667,1.327,54.01,4.77,0.86,1.14,0.22,0.29,25.63,2.83,40,20480,92084768,21320,340203840,192718,225130,47452,34935,6,14,21,28.0,34592.4,15.0,5519.0,75.99,77.05,66.4,0.13414812301829393,2.0992,big_data
12.12,0.0,0.79,25.13,0.25,0.18,0.0,0.0,35.925714285714285,747.6,883.4,186.18,220.8,0.0,1.32,255.02,255.94,20.58,19.07,100.0,26.97,2.49,14.48,19.8,27.6,0.0,0.0,0.0,17.928658273592262,63786.44,21.77243818666667,1.348,53.82,4.4,0.8,1.07,0.22,0.3,25.52,3.09,39,20736,91816792,21376,340822656,189766,225786,46804,33152,18,13,28,20.4,33572.2,9.0,5505.0,74.31,76.69,66.34,0.13385691869915148,2.0992,big_data
12.69,0.0,0.92,24.75,0.24,0.16,0.0,0.0,35.44538461538462,766.4,886.2,190.31,221.5,0.0,1.38,254.27,255.94,21.06,19.45,100.08,26.85,1.71,12.84,13.6,20.0,0.0,0.0,0.0,17.88772545944688,64237.48,21.92639317333333,1.331,53.4,4.63,0.84,1.14,0.22,0.3,25.74,3.07,39,20736,90630176,21428,341835648,193990,227228,47122,35608,17,14,11,20.2,35633.8,16.0,5501.0,72.92,76.36,66.29,0.13356571438000905,2.0992,big_data
12.33,0.0,0.75,22.96,0.25,0.17,0.0,0.0,37.77157894736842,805.4,848.0,199.63,211.9,0.0,1.49,253.81,255.88,22.51,20.59,99.92,27.61,2.03,11.98,17.2,25.0,0.0,0.0,0.0,17.91287988915249,64170.6,21.9035648,1.3619999999999999,53.66,4.46,0.81,1.11,0.21,0.29,24.95,2.8,37,20992,89671840,21484,342875104,202630,218018,47263,34222,21,13,19,21.6,34237.6,14.0,5486.0,71.49,76.0,66.22,0.13344437924703298,2.0992,big_data
12.8,0.0,1.07,22.0,0.25,0.17,0.0,0.0,35.371666666666655,808.4,834.4,200.71,208.55,0.0,1.35,254.24,255.93,22.15,20.23,100.0,27.56,2.28,12.47,17.6,27.0,0.0,0.0,0.0,17.885912575391355,64644.92,22.065466026666666,1.349,52.32,4.28,0.79,1.09,0.22,0.3,25.73,2.94,32,20992,88212096,21528,344281856,205428,214714,47373,33930,10,14,20,26.4,33716.8,19.0,5491.0,70.81,75.79,66.21,0.13315317492789053,2.0992,big_data
13.18,0.0,0.87,22.55,0.23,0.16,0.0,0.0,36.57947368421053,801.8,834.0,199.4,208.45,0.0,1.37,254.66,255.93,21.23,20.48,100.0,27.98,1.8,9.94,12.0,18.8,0.0,0.0,0.0,17.875205868679487,64091.52,21.87657216,1.4,53.86,4.34,0.79,1.09,0.21,0.29,25.04,2.59,37,20992,87286256,21584,345269760,205570,213082,46694,38411,16,14,9,17.8,38587.6,17.0,5489.0,69.14,75.36,66.12,0.13322597600767613,2.0992,big_data
13.42,0.0,0.85,23.08,0.25,0.18,0.0,0.0,39.5311111111111,777.8,856.8,193.33,213.94,0.0,1.04,254.53,255.69,20.87,20.06,100.0,27.79,2.03,11.07,10.6,16.0,0.0,0.0,0.0,17.894230915405227,64725.44,22.09295018666667,1.429,53.54,4.17,0.76,1.06,0.21,0.3,25.27,2.76,37,20992,86749208,21636,345789024,197204,219637,46980,35868,23,14,11,25.4,35561.8,19.0,5487.0,67.61,74.94,66.03,0.13322597600767613,2.0992,big_data
13.0,0.0,0.73,23.12,0.24,0.17,0.0,0.0,35.93166666666667,811.4,849.6,201.35,211.84,0.0,0.84,254.11,255.32,21.68,20.26,99.92,27.5,2.68,8.94,12.4,18.0,0.0,0.0,0.0,17.890454263175798,64872.3,22.1430784,1.412,53.12,4.24,0.79,1.08,0.21,0.29,24.49,3.12,37,21248,86133448,21688,346429920,205926,216571,46764,36537,30,14,13,18.8,36656.8,18.0,5478.0,66.84,74.66,65.99,0.13315317492789053,2.0992,big_data
13.04,0.0,0.65,23.35,0.27,0.17,0.0,0.0,35.278823529411774,802.6,772.2,199.35,192.54,0.0,0.92,254.34,255.32,24.15,22.36,100.0,28.28,3.34,11.0,12.8,19.0,0.0,0.0,0.0,17.880072829261845,64251.44,21.93115818666667,1.399,51.93,4.26,0.8,1.1,0.22,0.3,25.36,3.17,32,21248,85235288,21744,347464128,208514,193582,47661,37318,30,14,52,19.4,36948.4,39.0,5476.0,66.29,74.41,65.96,0.13293477168853368,2.0992,big_data
12.2,0.0,0.62,22.15,0.22,0.17,0.0,0.0,36.29444444444445,758.8,719.2,188.5,179.29,0.0,1.1,254.38,255.27,23.93,24.1,100.0,28.45,2.65,10.49,14.0,22.0,0.0,0.0,0.0,17.86360977970198,60070.86,20.50418688,1.381,52.22,4.32,0.81,1.11,0.21,0.29,24.5,3.08,37,21248,84437056,21796,348357888,191168,184831,46739,35806,25,13,13,24.6,36104.2,15.0,5475.0,64.83,73.97,65.86,0.13293477168853368,2.0992,big_data
11.63,0.0,0.58,22.63,0.22,0.15,0.0,0.0,35.25545454545455,722.2,746.2,179.75,185.98,0.0,0.85,254.86,255.22,23.0,22.32,100.0,27.4,2.36,11.57,14.4,22.0,0.0,0.0,0.0,17.825931968170732,57007.58,19.458587306666665,1.4240000000000002,51.84,3.98,0.74,1.03,0.2,0.29,23.66,2.9,37,21504,83955136,21844,348750496,181642,191787,45834,35975,43,13,65,23.8,34639.0,13.0,5471.0,63.96,73.64,65.8,0.13278916952896247,2.0992,big_data
11.89,0.0,0.63,23.42,0.21,0.16,0.0,0.0,36.067142857142855,688.4,782.2,170.82,194.98,0.06,0.69,254.1,255.25,25.78,22.23,100.0,27.23,2.92,8.54,9.8,14.4,0.0,0.0,0.0,17.872110090511896,57328.3,19.56805973333333,1.385,53.27,4.34,0.8,1.1,0.21,0.29,24.73,3.07,37,21760,83393888,21924,349165984,177646,197739,45596,34342,46,13,9,13.8,35904.0,16.0,5470.0,62.76,73.23,65.71,0.13278916952896247,2.0992,big_data
11.7,0.0,0.5,23.91,0.19,0.14,0.0,0.0,35.273,719.6,765.4,178.68,190.79,0.0,0.91,254.27,255.25,25.11,22.56,100.0,27.41,4.25,10.87,12.0,18.0,0.0,0.0,0.0,17.882649990660727,57483.7,19.621102933333333,1.3940000000000001,53.09,4.2,0.77,1.08,0.2,0.28,23.48,2.94,37,21760,83185056,21976,349596544,182710,197124,45777,35664,66,13,19,24.0,35690.8,10.0,5467.0,61.34,72.77,65.59,0.13274063547577206,2.0992,big_data
12.13,0.0,0.65,22.98,0.21,0.17,0.0,0.0,37.563,751.2,883.6,186.31,220.29,0.0,0.76,253.97,255.29,20.23,19.07,100.0,27.03,4.66,9.85,13.4,20.8,0.0,0.0,0.0,17.865399159196354,60201.2,20.548676266666664,1.386,53.04,4.2,0.78,1.1,0.2,0.28,23.39,2.89,36,22016,82224320,22032,350471840,188978,227437,46238,36680,44,13,14,21.2,36472.2,11.0,5464.0,60.59,72.42,65.52,0.13269210142258162,2.0992,big_data
12.63,0.0,0.55,21.68,0.23,0.18,0.0,0.0,36.05733333333335,784.2,846.8,194.72,211.14,0.0,0.87,254.26,255.32,21.22,20.14,100.0,27.63,4.53,11.72,12.2,19.6,0.0,0.0,0.0,17.864937408301405,63350.3,21.62356906666667,1.361,52.86,4.3,0.8,1.13,0.21,0.29,24.08,3.04,37,22272,81678112,22092,351088640,200519,216599,46734,35951,58,14,14,21.2,35499.6,17.0,5460.0,59.9,72.08,65.45,0.13257076628960562,2.0992,big_data
12.96,0.0,0.6,21.96,0.24,0.16,0.0,0.0,37.82875,799.4,845.4,198.89,210.84,0.0,0.82,254.77,255.38,20.56,19.98,100.0,27.51,2.18,9.46,11.4,17.4,0.0,0.0,0.0,17.880461791838375,63984.42,21.84001536,1.4280000000000002,52.74,3.89,0.71,1.03,0.2,0.29,23.54,2.86,37,22528,81057584,22148,351711232,204580,214550,46558,34074,56,14,24,23.4,34711.2,20.0,5458.0,59.43,71.78,65.39,0.1324736981832248,2.0992,big_data
14.04,0.0,0.79,20.41,0.25,0.17,0.0,0.0,37.65,741.4,883.6,184.33,220.33,0.0,0.63,254.59,255.34,20.03,19.14,100.0,27.11,3.46,11.71,14.8,23.2,0.0,0.0,0.0,17.81579922767803,62992.58,21.501467306666665,1.3319999999999999,52.69,4.44,0.82,1.1,0.21,0.28,24.11,2.94,37,22784,80242960,22212,352664672,187590,225998,47341,37588,46,15,16,24.0,37586.8,20.0,5462.0,59.07,71.5,65.33,0.13244943115662958,2.0992,big_data
10.35,0.0,0.69,20.54,0.23,0.17,0.0,0.0,36.585,615.6,1012.4,153.09,252.49,0.0,0.65,254.65,255.38,17.78,16.56,100.0,25.1,3.32,16.12,20.6,28.0,0.0,0.0,0.0,17.82785100185728,53976.38000000001,18.423937706666667,1.364,55.47,4.63,0.81,1.02,0.21,0.29,24.77,2.79,28,23040,78580768,22276,354164768,155520,258950,46263,32283,15,11,15,12.0,31871.0,13.0,5423.0,58.35,71.14,65.25,0.13235236305024875,2.0992,big_data
9.45,0.0,0.54,17.83,0.23,0.14,0.0,0.0,40.21400000000001,526.95,1076.45,130.85,268.5,0.0,0.68,254.29,255.42,16.24,15.6,100.12,23.8,4.98,24.71,34.2,47.4,0.0,0.0,0.0,17.865552317949692,47978.12,16.37653162666667,1.412,52.54,4.26,0.78,0.85,0.2,0.28,23.63,2.84,20,23296,77563616,22344,355158528,133410,275566,45582,30587,33,10,10,24.2,31063.4,11.0,5369.0,56.8,70.61,65.11,0.1315758181992022,2.0992,big_data
10.29,0.0,0.55,11.9,0.22,0.14,0.0,0.0,68.75533333333334,609.02,987.17,151.42,246.23,0.0,0.67,254.59,255.41,19.13,16.97,99.88,25.11,4.12,17.54,26.2,35.4,0.0,0.0,0.0,17.848264334114454,49984.8,17.061478400000002,1.386,48.14,4.19,0.83,0.88,0.21,0.29,24.62,3.1,12,23296,75570400,22420,357081376,155562,253218,45771,32058,0,11,9,18.0,32040.2,10.0,5340.0,54.49,69.9,64.91,0.13016833065668032,2.0992,big_data
5.36,0.0,0.32,3.06,0.18,0.12,0.0,0.0,89.73500000000001,279.4,1256.4,69.21,313.44,0.0,0.54,253.65,255.46,13.09,10.19,100.0,16.19,2.81,17.31,26.8,35.8,0.0,0.0,0.0,17.861112988738014,21731.48,7.417678506666666,1.335,33.79,3.12,0.8,0.88,0.24,0.32,26.34,3.56,1,23296,74781184,22492,358018880,65956,324482,41880,20677,0,6,3,15.8,20772.0,4.0,5292.0,50.93,68.91,64.61,0.12912484851308648,2.0992,big_data
0.55,0.0,0.79,0.78,0.15,0.07,0.0,0.0,33.730000000000004,17.6,1540.2,2.05,381.57,0.0,6.67,119.18,253.69,8.08,5.69,100.0,8.87,3.06,8.42,30.8,32.2,0.0,0.0,0.0,17.8446097539607,3945.12,1.34660096,0.7390000000000001,35.34,5.22,0.1,0.5,0.62,0.46,43.96,0.22,1,23296,164602272,22712,356208768,2189,390981,39419,15529,2,1,2,76.4,15546.6,1.0,2991.0,46.93,67.78,64.27,0.1281784344758735,2.0992,big_data
