0.12,0.0,0.14,0.42,0.1,0.07,0.0,0.0,0.0,0.0,0.0,0.0,0.0,0.0,0.0,0.0,0.0,0.0,0.0,0.0,0.0,1.23,1.25,4.6,6.6,0.0,0.0,0.0,1.1877104961399634,472.44,0.16125951999999996,0.688,23.9,2.87,0.37,1.64,0.69,0.47,49.12,0.25,1,20224,520293120,10880,356220,8214,38,35244,6172,0,0,0,30.2,6113.8,3.0,2958.0,4.43,26.63,55.64,0.07151492737606951,1.4592,big_data
0.19,0.0,0.13,0.17,0.08,0.06,0.0,0.0,0.0,1.2,0.0,0.0,0.0,0.0,0.0,4.0,0.0,0.33,0.0,0.08,0.0,42793.84,34.35,939.8,490.6,1.4,0.0,0.0,1.1961895770236697,1068.48,0.36470784,0.8590000000000001,25.11,3.13,0.2,1.63,0.49,0.42,39.34,0.59,2,20224,520045376,11084,577620,848,16,36297,6309,2,0,0,18.4,6311.4,3.0,2958.0,4.07,26.19,55.34,0.07178186466861677,1.6128,big_data
0.65,0.0,0.27,0.2,0.1,0.09,0.0,0.0,0.0,5.2,0.4,0.02,0.04,0.0,96.0,4.0,100.0,0.08,0.5,0.0,0.0,1.37,1.09,4.6,6.8,0.0,0.0,0.0,1.2013294938000845,2542.12,0.8677102933333334,0.91,25.81,3.24,0.44,1.59,0.35,0.32,33.11,1.02,0,20224,519648512,11488,819728,4554,83,37929,11811,0,1,1,61.4,12237.0,3.0,3077.0,3.83,25.77,55.04,0.07175759764202158,1.6128,big_data
3.16,0.0,0.27,0.13,0.12,0.07,0.0,0.0,35.06500000000001,0.2,102.8,0.0,25.62,0.0,4.64,4.0,255.21,0.0,5.3,6.56,0.55,1.29,2.11,9.6,14.2,0.0,0.0,0.0,1.2321909825964268,6236.280000000002,2.12865024,1.165,18.62,1.53,0.27,1.27,0.28,0.33,29.41,1.36,1,20224,518805312,11544,836608,2354,26260,46588,36744,0,3,2,110.6,36368.0,6.0,3341.0,3.84,25.41,54.77,0.07466964083344617,1.6384,big_data
4.64,0.0,0.36,0.07,0.1,0.08,0.0,0.0,36.36500000000001,1.6,103.0,0.01,23.92,0.0,10.12,4.0,237.8,1.75,3.95,6.24,0.41,3.34,5.87,26.4,29.4,0.0,0.0,0.0,1.3901499738852952,10154.04,3.46591232,1.045,21.2,2.12,0.38,1.46,0.26,0.27,26.45,1.61,1,20224,516855104,11696,859508,1634,25815,61644,65972,0,6,6,267.8,67117.0,13.0,3963.0,4.26,25.14,54.52,0.08110040288117554,1.6896000000000002,big_data
6.02,0.0,0.53,0.06,0.12,0.08,0.0,0.0,34.335,1.6,160.4,0.01,33.92,0.0,20.44,4.0,216.55,1.62,5.09,8.96,0.82,5.58,8.76,42.8,47.2,0.0,0.0,0.0,1.758327694450107,11469.82,3.915031893333333,1.13,22.5,1.9,0.3,1.26,0.26,0.29,26.46,1.58,0,20224,514151680,11848,877432,5,33458,64151,76898,0,7,2,381.4,76842.2,10.0,4751.0,4.4,24.82,54.26,0.0960731582904171,1.8176,big_data
6.89,0.0,0.58,0.04,0.13,0.08,0.0,0.0,35.778333333333336,0.0,69.8,0.0,17.32,0.0,12.31,0.0,254.09,0.0,5.7,4.48,0.4,17726.58,25.21,593.2,322.4,0.58,0.0,0.0,2.272136643083883,15118.98,5.16061184,1.075,23.23,2.2,0.34,1.39,0.27,0.29,27.49,1.51,0,20224,510867776,11944,1074808,899,17774,77222,104794,0,8,8,300.8,103765.4,8.0,5170.0,4.52,24.51,54.0,0.11529264335381954,1.9712,big_data
3.43,0.0,1.23,11.79,0.14,0.15,0.0,0.0,33.40000000000001,1462.28,107.98,357.01,27.0,1.59,0.0,250.01,256.0,31.28,44.9,91.58,28.41,265759.2,327.13,7485.0,4693.2,8.71,0.0,0.0,2.8465972162486732,11132.04,3.79973632,0.993,37.61,5.2,0.32,0.85,0.37,0.37,35.01,3.1,19,20224,506751616,12508,4280092,369844,30114,168232,252612,0,5,3,31.4,252524.0,3.0,5237.0,5.68,24.41,53.82,0.12553332857699612,2.1248,big_data
0.63,0.0,0.38,14.84,0.11,0.1,0.0,0.0,0.0,1456.8,172.8,360.98,43.19,0.0,6.09,253.74,255.97,35.02,34.96,100.0,30.23,0.49,1.91,4.8,6.6,0.0,0.0,0.0,3.0172426048679686,4583.08,1.5643579733333333,0.988,47.97,6.79,0.14,0.41,0.44,0.44,37.11,4.88,19,20224,504589888,12660,6133696,370617,43682,38661,12557,0,2,4,20.6,12489.4,2.0,5237.0,6.91,24.36,53.64,0.12708641827908926,2.1248,big_data
0.56,0.0,0.36,14.93,0.12,0.12,0.0,0.0,0.0,1530.2,119.4,380.52,29.85,0.12,0.0,254.64,256.0,36.72,50.05,100.0,32.0,1.92,3.43,7.6,9.8,0.0,0.0,0.0,3.0758303772872546,4729.0,1.6141653333333332,0.9990000000000001,49.84,6.83,0.14,0.37,0.45,0.45,37.92,4.72,20,20224,502488832,12812,8075276,388641,30727,38673,12881,0,2,2,15.0,12874.0,2.0,5237.0,8.12,24.32,53.47,0.12708641827908926,2.1248,big_data
1.38,0.0,0.38,13.92,0.11,0.09,0.0,0.0,53.97000000000001,1498.6,139.2,371.97,34.33,1.89,2.79,254.17,252.52,27.29,43.33,100.0,31.55,13.44,6.68,12.8,17.8,0.0,0.0,0.0,3.106068616107168,4899.719999999998,1.6724377599999996,1.178,45.98,3.72,0.1,1.04,0.38,0.44,31.31,2.88,20,20224,500376128,12968,9987908,381860,35675,39203,13301,0,2,3,17.6,13325.4,2.0,5237.0,9.07,24.25,53.29,0.12711068530568445,2.1504,big_data
0.6,0.0,0.35,12.79,0.11,0.11,0.0,0.0,0.0,1543.4,127.4,384.22,30.73,0.0,9.52,254.92,247.0,36.14,47.19,100.0,32.0,0.66,3.34,6.6,8.4,0.0,0.0,0.0,3.1441285663101013,4816.480000000001,1.6440251733333335,0.8490000000000001,48.22,7.12,0.13,0.32,0.5,0.43,35.97,5.24,20,20224,498101536,12984,11960320,393340,31251,38939,12668,0,2,3,16.2,12636.0,4.0,5237.0,10.03,24.19,53.12,0.12708641827908926,2.1504,big_data
0.49,0.0,0.41,12.44,0.11,0.09,0.0,0.0,0.0,1514.2,138.8,376.72,32.56,0.04,11.37,254.76,240.21,37.04,43.56,100.0,32.0,0.63,2.11,6.4,8.0,0.0,0.0,0.0,3.201813308654049,4942.1,1.686903466666667,0.858,51.79,8.01,0.13,0.35,0.48,0.41,34.57,3.95,21,20224,495979712,13036,13895432,386378,33714,38788,12482,0,1,2,19.2,12508.8,4.0,5236.0,10.98,24.15,52.95,0.12708641827908926,2.1504,big_data
0.77,0.0,0.37,11.22,0.1,0.12,0.0,0.0,38.4,1527.0,133.2,379.89,32.59,1.51,4.31,254.75,250.54,33.82,44.87,100.0,31.9,13.97,7.94,13.8,19.2,0.0,0.0,0.0,3.2370132845125914,5067.62,1.7297476266666667,1.082,52.27,5.87,0.11,0.25,0.39,0.42,32.64,2.72,19,20224,494037216,13052,15840440,388176,33260,39247,13176,0,2,4,13.0,13147.6,3.0,5237.0,11.79,24.1,52.78,0.12708641827908926,2.1504,big_data
0.78,0.0,0.6,11.04,0.13,0.09,0.0,0.0,36.0,1521.8,129.8,378.81,32.09,0.0,0.0,254.9,253.16,34.29,46.36,100.0,31.99,3.63,3.25,8.0,10.4,0.0,0.0,0.0,3.236978406776683,7969.48,2.7202491733333334,0.821,43.39,6.35,0.33,0.98,0.49,0.4,38.81,2.26,8,20224,491551808,13068,18174224,387830,30892,38382,12516,0,2,16,22.8,12558.2,17.0,5237.0,12.52,24.05,52.6,0.12708641827908926,2.176,big_data
26.69,0.0,1.84,15.46,0.24,0.14,0.0,0.0,40.57750000000001,1761.0,61.6,427.38,14.54,0.12,40.88,248.51,241.7,95.84,44.69,100.08,32.0,79.06,28.97,105.8,131.8,0.0,0.0,0.0,3.273962454648044,36787.7,12.556868266666665,1.213,34.1,1.86,0.14,1.02,0.33,0.4,28.55,1.1,71,20224,480719072,13248,21430960,456519,14413,85375,173556,0,29,4,74.6,173542.4,7.0,5406.0,18.01,25.0,52.76,0.12708641827908926,2.176,big_data
1.18,0.0,0.46,29.14,0.15,0.11,0.0,0.0,0.0,1868.8,0.8,463.62,0.13,0.13,97.62,254.04,168.0,134.91,56.75,100.0,32.0,0.63,10.13,6.4,8.6,0.0,0.0,0.0,4.697011232033653,6416.68,2.1902267733333334,0.8370000000000001,35.75,5.56,0.27,0.8,0.46,0.38,34.69,4.19,67,20224,478242752,13264,23807852,475054,137,42018,20491,0,2,1,16.0,20530.6,5.0,5394.0,22.09,25.73,52.85,0.13126034685346455,2.2016,big_data
1.03,0.0,0.56,28.48,0.15,0.13,0.0,0.0,0.0,1868.2,0.0,465.78,0.0,0.03,0.0,255.3,0.0,135.05,0.0,100.24,32.08,0.91,12.66,10.2,15.0,0.0,0.0,0.0,4.719240481192958,7364.94,2.51389952,0.982,39.07,4.84,0.17,0.52,0.44,0.43,36.93,6.13,67,20224,474482464,13272,26194984,476129,2,41221,19584,0,2,2,16.2,19635.2,4.0,5367.0,26.01,26.48,52.94,0.13089634145453646,2.2016,big_data
1.12,0.0,0.56,29.66,0.15,0.12,0.0,0.0,0.0,1835.2,16.4,453.48,4.01,0.12,6.82,253.03,250.15,137.9,55.88,100.0,32.0,0.62,10.91,6.2,7.6,0.0,0.0,0.0,4.9785458327000685,7125.62,2.4322116266666667,0.862,40.63,6.44,0.18,0.43,0.49,0.43,36.99,5.32,70,20224,471338240,13284,28517648,463942,4115,41603,19869,0,2,4,22.2,19816.6,5.0,5372.0,29.45,27.18,53.03,0.13024113173646593,2.2016,big_data
0.56,0.0,0.42,31.94,0.13,0.11,0.0,0.0,0.0,1852.8,5.6,459.28,1.34,0.01,62.67,253.83,244.71,135.84,42.11,100.0,32.0,0.67,11.32,6.8,8.8,0.0,0.0,0.0,5.1404755784008085,5221.8,1.7823744,0.7440000000000001,40.21,6.78,0.18,0.44,0.55,0.41,35.82,4.11,69,20224,468590688,13304,30880896,471641,1480,40252,16502,0,2,1,10.8,16481.0,3.0,5372.0,32.62,27.88,53.12,0.13038673389603714,2.2016,big_data
0.62,0.0,0.45,34.49,0.15,0.12,0.0,0.0,0.0,1769.4,27.4,441.15,6.76,0.0,3.52,255.31,252.47,142.08,45.37,100.0,32.0,0.66,11.06,6.6,8.4,0.0,0.0,0.0,5.211955223507715,5711.12,1.9493956266666668,0.7,41.78,7.51,0.2,0.5,0.54,0.38,33.38,3.8,68,20224,466049536,13324,33137308,450564,7003,40496,16548,0,2,2,20.6,16656.4,4.0,5372.0,35.69,28.6,53.21,0.13036246686944195,2.2016,big_data
1.15,0.0,0.55,35.92,0.15,0.12,0.0,0.0,0.0,1778.6,25.4,443.89,6.35,0.0,0.0,255.56,256.0,141.77,44.15,100.0,32.0,0.62,10.91,6.2,7.6,0.0,0.0,0.0,5.26465169140528,7028.74,2.399143253333333,0.96,40.37,4.67,0.12,0.4,0.42,0.4,33.35,5.13,67,20224,462738432,13332,35417416,455027,6570,41485,19212,0,2,2,14.8,19104.4,4.0,5372.0,38.44,29.28,53.3,0.13036246686944195,2.2272,big_data
0.87,0.0,0.55,34.64,0.15,0.12,0.0,0.0,0.0,1774.8,32.4,436.89,8.01,0.01,4.14,252.07,253.06,141.65,44.6,100.16,32.05,0.67,11.32,6.8,8.8,0.0,0.0,0.0,5.456293477040727,6045.14,2.0634077866666667,0.6859999999999999,38.85,6.22,0.18,0.56,0.52,0.36,30.93,3.87,64,20224,460206432,13348,37656948,447230,8406,41000,17819,0,2,8,15.2,17828.8,2.0,5372.0,40.97,29.96,53.39,0.13038673389603714,2.2272,big_data
0.81,0.0,0.45,36.89,0.16,0.12,0.0,0.0,0.0,1784.4,29.0,443.94,7.19,0.01,24.08,254.76,253.79,140.21,44.81,100.0,32.0,6.79,13.28,11.0,14.4,0.0,0.0,0.0,5.514558251297045,6195.82,2.114839893333333,0.9079999999999999,39.22,5.84,0.15,0.64,0.49,0.45,37.73,4.33,68,20224,457567104,13368,39938168,455216,7210,40544,16686,0,2,3,17.2,16663.4,7.0,5374.0,43.45,30.66,53.49,0.13036246686944195,2.2272,big_data
2.82,0.0,0.59,36.19,0.14,0.11,0.0,0.0,60.775,1740.0,29.2,432.14,7.21,0.07,9.32,254.32,252.96,144.86,45.44,100.0,32.0,20.98,18.62,21.4,28.2,0.0,0.0,0.0,5.587342778653871,8463.68,2.888936106666667,1.091,34.92,2.78,0.09,1.58,0.37,0.41,27.71,2.72,69,20224,454361216,13384,42161760,442715,7392,42108,19893,0,4,2,23.0,19955.6,4.0,5381.0,45.82,31.36,53.6,0.13041100092263236,2.2272,big_data
0.87,0.0,0.48,38.52,0.15,0.13,0.0,0.0,0.0,1762.0,34.4,436.77,8.51,0.1,7.53,253.83,253.4,143.13,46.09,100.0,32.0,0.7,11.35,7.19,9.58,0.0,0.0,0.0,5.765784099460081,6292.46,2.1478263466666667,0.7909999999999999,40.96,6.1,0.15,0.46,0.52,0.41,35.5,4.82,68,20224,451818368,13400,44403152,447582,8617,40687,16903,0,2,1,11.2,16850.4,2.0,5379.0,47.68,31.99,53.68,0.13060513713539398,2.2272,big_data
0.91,0.0,0.55,33.95,0.15,0.11,0.0,0.0,0.0,1841.4,19.4,455.99,0.66,0.03,76.17,253.58,34.89,136.14,43.49,100.0,32.0,0.75,11.24,8.0,11.2,0.0,0.0,0.0,5.826984669225808,6219.980000000001,2.1230865066666667,0.775,39.58,5.97,0.17,0.49,0.49,0.38,32.9,4.19,69,20224,448966688,13416,46742232,466507,537,41397,18502,0,2,1,22.2,18559.0,3.0,5371.0,49.46,32.62,53.77,0.13053233605560838,2.2272,big_data
0.61,0.0,0.44,34.21,0.14,0.11,0.0,0.0,0.0,1752.2,38.2,436.13,8.85,0.01,18.03,254.88,237.13,144.09,43.39,100.0,32.0,0.62,10.91,6.2,7.6,0.0,0.0,0.0,5.927139120730003,5427.4,1.852552533333333,0.889,40.23,6.84,0.16,0.41,0.54,0.48,41.81,4.56,69,20224,446605696,13436,48980668,446714,9294,40170,16276,0,2,1,14.8,16236.6,3.0,5350.0,51.19,33.25,53.86,0.13033819984284675,2.2272,big_data
0.68,0.0,0.41,34.91,0.15,0.12,0.0,0.0,0.0,1756.0,26.4,436.94,6.52,0.0,13.16,254.8,252.79,142.55,46.42,100.0,32.0,1.36,11.47,7.8,10.2,0.0,0.0,0.0,5.941884062690607,5606.940000000001,1.91383552,0.903,41.72,6.06,0.12,0.31,0.49,0.44,37.8,4.89,69,20224,444211456,13452,51226248,448724,6782,39899,15816,0,2,1,15.6,15839.0,3.0,5351.0,52.86,33.9,53.96,0.12985285931094265,2.2272,big_data
0.78,0.0,0.47,35.67,0.13,0.12,0.0,0.0,0.0,1753.2,29.8,433.93,7.37,0.01,14.37,253.45,253.29,144.26,44.9,100.0,32.0,0.66,11.06,6.6,8.4,0.0,0.0,0.0,5.969197879175866,5871.02,2.0039748266666666,0.7240000000000001,40.79,6.77,0.15,0.42,0.53,0.38,33.09,3.99,69,20224,441677216,13468,53449564,443480,7607,40201,16417,0,2,0,16.0,16376.6,3.0,5352.0,54.15,34.48,54.04,0.12985285931094265,2.2272,big_data
0.55,0.0,0.41,37.17,0.16,0.11,0.0,0.0,0.0,1772.6,29.6,440.84,7.33,0.01,18.23,254.66,253.49,141.69,44.65,100.08,32.03,0.64,10.96,6.6,8.4,0.0,0.0,0.0,6.0260394901648375,5347.5,1.82528,0.8009999999999999,41.94,7.3,0.15,0.39,0.55,0.44,38.17,4.01,72,20224,439338496,13480,55715680,452148,7418,39807,15426,0,2,2,19.4,15454.8,2.0,5351.0,55.42,35.07,54.12,0.12990139336413306,2.2272,big_data
0.76,0.0,0.46,33.1,0.15,0.11,0.0,0.0,0.0,1784.4,27.2,443.77,6.71,0.0,9.33,254.66,252.71,140.2,45.11,100.0,32.0,1.24,11.86,10.8,16.2,0.0,0.0,0.0,6.043688382745544,5813.62,1.984382293333333,0.889,41.11,6.0,0.12,0.3,0.49,0.44,37.32,4.97,68,20224,436841088,13504,57992316,454270,6979,40085,16455,0,2,3,10.6,16415.6,7.0,5350.0,56.51,35.63,54.2,0.12985285931094265,2.2272,big_data
0.7,0.0,0.5,32.28,0.14,0.15,0.0,0.0,0.0,1785.4,27.2,443.51,6.72,0.03,13.38,254.37,252.91,141.77,45.74,100.0,32.0,0.66,11.06,6.6,8.4,0.0,0.0,0.0,6.08508825526742,6209.940000000001,2.11965952,0.858,42.07,6.83,0.14,0.35,0.51,0.44,37.89,4.92,67,20224,434327552,13524,60270004,454454,6780,39978,16460,0,2,3,22.2,16532.6,2.0,5350.0,57.59,36.2,54.29,0.12985285931094265,2.2272,big_data
1.1,0.0,0.42,29.85,0.16,0.1,0.0,0.0,30.74,1795.8,24.4,444.47,6.03,0.03,25.15,253.44,253.21,139.92,46.09,100.0,32.0,3.69,12.05,8.6,11.0,0.0,0.0,0.0,6.131755424122937,5669.66,1.9352439466666669,0.983,41.8,4.42,0.1,1.24,0.43,0.42,32.23,3.41,68,20224,431860480,13548,62551368,455282,6186,39736,16435,0,2,4,15.0,16361.6,4.0,5351.0,58.58,36.77,54.37,0.12982859228434745,2.2528,big_data
0.74,0.0,0.46,32.62,0.15,0.12,0.0,0.0,0.0,1826.4,30.2,454.27,7.47,0.01,11.18,254.69,253.17,137.61,43.83,100.24,32.08,3.31,12.43,9.0,11.8,0.0,0.0,0.0,6.16489912998625,6014.76,2.0530380800000003,0.971,42.79,6.29,0.12,0.31,0.49,0.48,40.31,5.28,68,20224,429225984,13584,64883924,465134,7642,40146,16156,0,2,2,16.4,16436.6,2.0,5351.0,59.5,37.32,54.46,0.12985285931094265,2.2528,big_data
0.76,0.0,0.5,32.63,0.15,0.11,0.0,0.0,0.0,1837.0,33.6,457.52,6.25,0.03,34.38,255.04,190.6,136.51,42.07,100.0,32.0,2.99,12.06,8.0,10.6,0.0,0.0,0.0,6.247377393290335,6269.5,2.1399893333333333,0.8170000000000001,41.65,6.57,0.16,0.46,0.5,0.41,35.64,4.57,68,20224,426611168,13600,67221920,467450,6459,40102,16753,0,2,3,16.0,16446.4,4.0,5348.0,60.34,37.86,54.54,0.12985285931094265,2.2784,big_data
0.97,0.0,0.49,31.77,0.14,0.13,0.0,0.0,0.0,1818.4,36.4,449.84,9.03,0.01,17.65,253.32,254.09,137.65,42.55,100.0,32.0,0.62,10.91,6.2,7.6,0.0,0.0,0.0,6.269318522022579,6403.02,2.18556416,0.976,40.13,5.25,0.14,0.49,0.41,0.4,33.91,3.64,69,20224,424200320,13628,69536032,461111,9258,40413,17286,0,2,3,19.6,17344.4,9.0,5343.0,61.27,38.43,54.64,0.129780058231157,2.2784,big_data
0.72,0.0,0.49,35.04,0.15,0.12,0.0,0.0,0.0,1833.2,27.4,455.78,6.78,0.0,17.96,254.59,253.2,137.92,44.42,100.0,32.0,1.27,11.38,7.0,9.2,0.0,0.0,0.0,6.306264659311433,5575.780000000002,1.9031995733333336,0.845,39.54,6.56,0.18,0.54,0.52,0.44,38.46,4.36,68,20224,421666336,13664,71873320,466910,6991,40125,16235,0,2,3,10.6,16176.6,2.0,5342.0,62.21,39.0,54.74,0.129658723098181,2.2784,big_data
0.78,0.0,0.5,35.03,0.15,0.11,0.0,0.0,0.0,1827.0,29.4,454.35,7.27,0.0,16.95,254.65,253.39,137.86,43.05,100.0,32.0,0.66,11.06,6.6,8.4,0.0,0.0,0.0,6.33517526953192,5966.26,2.0364834133333334,0.8079999999999999,40.88,6.48,0.16,0.46,0.5,0.4,35.2,3.96,69,20224,419204544,13712,74211984,465571,7401,40219,16127,0,2,1,22.6,16160.8,8.0,5342.0,62.75,39.5,54.81,0.1296344560715858,2.2784,big_data
0.78,0.0,0.46,33.98,0.15,0.13,0.0,0.0,0.0,1824.8,29.2,453.73,7.23,0.01,18.89,254.62,253.48,137.67,43.19,100.0,32.0,0.63,10.94,6.4,8.0,0.0,0.0,0.0,6.352234273448802,6208.06,2.119017813333333,0.94,40.48,6.12,0.16,0.53,0.48,0.45,39.05,4.56,69,20224,416820608,13732,76532056,463349,7404,40437,17388,0,2,2,13.8,17361.2,5.0,5346.0,63.74,40.09,54.92,0.12961018904499058,2.2784,big_data
0.78,0.0,0.42,35.91,0.14,0.11,0.0,0.0,0.0,1818.8,36.6,450.57,9.09,0.02,22.46,253.68,254.4,138.2,42.98,100.08,32.03,4.34,12.49,9.2,12.2,0.0,0.0,0.0,6.364744007464745,5742.76,1.9601954133333332,0.828,41.2,6.4,0.15,0.46,0.5,0.42,35.51,3.72,69,20224,414429184,13756,78854000,463263,9264,40262,16128,0,2,0,17.0,16112.6,4.0,5342.0,64.24,40.59,55.0,0.1296344560715858,2.2784,big_data
0.82,0.0,0.48,32.78,0.15,0.12,0.0,0.0,0.0,1828.2,28.0,454.9,7.0,0.02,0.0,254.8,256.0,137.98,43.29,100.0,32.0,0.66,11.06,6.6,8.4,0.0,0.0,0.0,6.3779315826959255,6289.940000000001,2.146966186666667,0.941,37.8,5.61,0.15,0.71,0.45,0.43,35.8,3.94,70,20224,411867712,13772,81186384,465322,7423,39958,16332,0,2,0,15.8,16330.0,2.0,5342.0,64.78,41.09,55.09,0.1296344560715858,2.2784,big_data
0.72,0.0,0.44,29.02,0.14,0.12,0.0,0.0,0.0,1790.8,51.6,445.67,12.82,0.01,9.15,254.84,254.45,139.85,41.24,100.0,32.0,0.63,10.94,6.4,8.0,0.0,0.0,0.0,6.418774927866588,5783.7,1.9741696,0.8290000000000001,40.02,6.28,0.14,0.53,0.48,0.4,33.61,3.68,70,20224,409403776,13788,83469352,455767,13136,39545,15682,0,2,1,19.0,15717.2,6.0,5346.0,65.12,41.56,55.16,0.1296344560715858,2.2784,big_data
0.7,0.0,0.47,31.09,0.16,0.13,0.0,0.0,0.0,1830.8,28.4,453.43,7.03,0.0,19.32,253.61,253.41,136.75,44.1,100.0,32.0,3.74,12.43,9.0,11.8,0.0,0.0,0.0,6.4606805275591155,6098.96,2.081778346666667,0.8959999999999999,42.13,5.83,0.12,0.27,0.45,0.41,33.73,3.77,69,20224,407030560,13800,85796640,464548,6994,39837,16190,0,2,0,11.4,16161.8,7.0,5342.0,65.51,42.03,55.24,0.1296344560715858,2.2784,big_data
0.92,0.0,0.44,30.28,0.14,0.12,0.0,0.0,0.0,1854.2,22.2,459.57,5.48,0.02,26.0,253.8,252.86,136.5,44.68,100.0,32.0,3.64,12.08,8.0,10.4,0.0,0.0,0.0,6.4703560664267705,5783.38,1.9740603733333333,0.9179999999999999,41.95,6.26,0.12,0.3,0.49,0.45,37.79,4.08,69,20224,404558432,13820,88157584,470926,5566,39977,16621,0,2,0,21.8,16655.2,4.0,5342.0,65.87,42.49,55.32,0.1296344560715858,2.2784,big_data
0.75,0.0,0.43,30.39,0.13,0.12,0.0,0.0,0.0,1856.0,25.2,461.3,4.83,0.01,35.71,254.51,196.22,135.62,42.52,100.0,32.0,0.62,10.91,6.2,7.6,0.0,0.0,0.0,6.494226085597017,6032.66,2.0591479466666667,0.8759999999999999,42.3,6.4,0.12,0.3,0.49,0.43,36.52,4.77,69,20224,401908864,13836,90527136,472862,4797,39980,16742,0,2,3,13.8,16710.2,5.0,5346.0,66.28,42.97,55.41,0.1296344560715858,2.2784,big_data
0.68,0.0,0.49,30.13,0.16,0.12,0.0,0.0,0.0,1797.2,46.4,447.64,9.99,0.0,24.68,255.06,220.38,139.15,41.97,100.0,32.0,0.69,11.34,7.0,9.2,0.0,0.0,0.0,6.542402095636344,5869.8,2.0035583999999997,0.769,41.48,6.49,0.13,0.33,0.49,0.38,32.04,3.59,68,20224,399584224,13852,92818224,456739,10327,39598,15771,0,2,3,16.2,15778.8,3.0,5340.0,66.5,43.4,55.48,0.1296344560715858,2.2784,big_data
0.71,0.0,0.44,29.39,0.15,0.11,0.0,0.0,0.0,1770.0,33.6,438.57,8.34,0.0,20.75,253.73,254.05,142.01,45.64,100.0,32.0,0.66,11.06,6.6,8.4,0.0,0.0,0.0,6.562397653274286,5542.18,1.8917307733333333,0.804,41.7,6.5,0.13,0.32,0.5,0.4,34.47,3.85,69,20224,397166784,13868,95069376,449780,8846,39821,16410,0,2,0,15.8,16498.2,2.0,5340.0,66.86,43.86,55.56,0.1295859220183954,2.2784,big_data
0.57,0.0,0.44,29.29,0.13,0.1,0.0,0.0,0.0,1769.0,32.4,439.28,8.04,0.01,22.12,254.28,254.02,142.02,45.49,100.16,32.05,0.62,10.91,6.2,7.6,0.0,0.0,0.0,6.5760818571363195,5515.2,1.8825216,0.851,41.5,7.13,0.14,0.34,0.53,0.45,38.82,4.55,69,20224,394815392,13888,97327248,451067,8272,39412,15495,0,2,2,19.0,15402.0,4.0,5345.0,67.03,44.27,55.64,0.1295859220183954,2.2784,big_data
0.62,0.0,0.42,29.24,0.15,0.12,0.0,0.0,0.0,1748.6,38.2,435.18,9.47,0.0,12.79,254.85,253.95,144.12,45.29,100.08,32.02,1.36,11.47,7.8,10.2,0.0,0.0,0.0,6.598662158289647,5514.56,1.8823031466666664,0.861,42.12,6.76,0.13,0.3,0.51,0.44,37.47,4.06,69,20224,392501696,13904,99557072,444398,9451,39580,15790,0,2,0,11.6,15796.6,3.0,5342.0,67.19,44.69,55.71,0.12961018904499058,2.2784,big_data
0.57,0.0,0.46,32.71,0.14,0.11,0.0,0.0,0.0,1768.6,27.4,438.76,6.7,0.02,17.47,254.04,250.48,141.13,44.55,100.0,32.0,2.73,11.52,9.6,12.6,0.0,0.0,0.0,6.608339971792251,5765.24,1.9678685866666668,0.657,43.83,7.98,0.16,0.37,0.54,0.35,30.24,2.99,68,20224,390316448,13920,101806608,448432,6918,39904,16031,0,2,2,23.8,16033.0,8.0,5348.0,67.41,45.11,55.79,0.1296344560715858,2.2784,big_data
0.77,0.0,0.46,30.24,0.14,0.11,0.0,0.0,0.0,1785.2,26.6,442.35,6.59,0.02,24.43,253.74,253.5,141.75,44.63,100.08,32.03,2.7,11.4,9.4,12.2,0.0,0.0,0.0,6.600305202935537,5797.219999999998,1.9787844266666663,0.948,43.49,5.94,0.11,0.28,0.45,0.43,36.14,4.12,68,20224,387888256,13940,104084352,455230,6797,40035,16641,0,2,2,15.0,16634.8,3.0,5358.0,67.62,45.52,55.86,0.12982859228434745,2.2784,big_data
0.51,0.0,0.47,31.12,0.16,0.12,0.0,0.0,0.0,1782.8,23.0,442.79,5.61,0.0,23.84,254.33,249.67,141.65,45.11,100.0,32.0,1.4,11.55,8.4,11.4,0.0,0.0,0.0,6.632032569436358,5508.04,1.8800776533333332,0.812,42.88,7.91,0.16,0.35,0.55,0.44,38.69,3.93,69,20224,385598144,13956,106350800,451667,5898,39627,15524,0,2,2,16.6,15530.2,5.0,5352.0,67.73,45.91,55.93,0.12997419444391867,2.2784,big_data
0.67,0.0,0.44,27.72,0.13,0.11,0.0,0.0,0.0,1765.4,28.0,439.29,6.74,0.01,16.17,254.81,246.6,141.36,45.45,100.0,32.0,2.77,11.6,10.2,13.8,0.0,0.0,0.0,6.632379072160481,5513.26,1.8818594133333333,0.917,41.71,6.38,0.12,0.3,0.48,0.44,37.42,3.72,68,20224,383312864,13972,108607344,450934,6702,39480,15685,0,2,1,16.6,15677.6,3.0,5353.0,67.91,46.31,56.01,0.12985285931094265,2.2784,big_data
0.69,0.0,0.46,28.34,0.14,0.11,0.0,0.0,0.0,1784.8,40.6,442.17,7.57,0.03,30.48,253.69,190.82,141.32,41.92,100.0,32.0,12.08,13.09,19.0,26.6,0.0,0.0,0.0,6.637613007181517,6022.76,2.0557687466666668,0.779,41.76,6.57,0.13,0.33,0.49,0.38,32.92,3.78,68,20224,381076352,13988,110877680,452910,8159,39994,16932,0,2,3,21.6,16925.8,3.0,5374.0,68.0,46.69,56.08,0.12987712633753784,2.2784,big_data
0.75,0.0,0.49,31.39,0.16,0.12,0.0,0.0,0.0,1846.4,6.8,458.41,1.56,0.01,53.42,254.23,234.94,136.2,45.44,100.0,32.0,5.55,11.94,9.4,13.4,0.0,0.0,0.0,6.640284186825019,5914.0,2.018645333333333,0.86,40.9,6.19,0.13,0.36,0.5,0.43,36.63,4.58,68,20224,378481664,14004,113235360,469816,1025,40180,16828,0,2,0,12.0,16824.2,2.0,5370.0,68.0,47.04,56.14,0.13031393281625153,2.2784,big_data
0.66,0.0,0.46,30.47,0.15,0.12,0.0,0.0,0.0,1843.2,0.4,457.96,0.01,0.02,87.5,254.42,32.0,138.21,40.0,100.0,32.0,5.89,12.56,10.8,15.4,0.0,0.0,0.0,6.671906920118119,6058.88,2.068097706666667,0.804,39.64,6.2,0.14,0.64,0.5,0.4,33.57,3.59,68,20224,376026080,14020,115583792,469482,18,40134,16764,0,2,5,21.6,16812.2,5.0,5364.0,68.24,47.44,56.22,0.13031393281625153,2.2784,big_data
1.71,0.0,0.48,30.07,0.14,0.11,0.0,0.0,42.83000000000001,1848.0,0.4,459.26,0.01,0.01,84.62,254.48,26.0,136.64,48.5,100.0,32.0,27.19,20.9,25.6,35.4,0.0,0.0,0.0,6.6900069486306695,7741.12,2.642302293333333,1.058,36.91,3.58,0.12,1.01,0.39,0.41,29.78,2.57,69,20224,373566464,14036,117943880,470178,16,41382,19144,0,3,3,17.4,19143.4,10.0,5366.0,68.54,47.85,56.31,0.13016833065668032,2.2784,big_data
5.03,0.0,0.57,28.64,0.15,0.14,0.0,0.0,47.918000000000006,1880.4,0.4,461.47,0.02,0.07,91.67,251.3,48.0,134.55,55.0,100.0,32.0,66.18,34.89,41.6,58.0,0.0,0.0,0.0,6.719584026891644,9134.84,3.1180253866666665,1.324,41.55,1.86,0.04,1.22,0.32,0.42,25.06,1.52,69,20224,370989472,14052,120305520,471449,25,43703,24050,0,6,5,31.6,24079.0,5.0,5371.0,68.66,48.22,56.38,0.13024113173646593,2.2784,big_data
1.53,0.0,0.48,32.69,0.16,0.11,0.0,0.0,0.0,1851.2,0.4,458.89,0.01,0.06,88.24,253.84,34.0,136.61,56.0,100.08,32.03,24.59,19.25,18.0,25.0,0.0,0.0,0.0,6.754755948919129,6717.26,2.2928247466666667,1.0390000000000001,44.09,4.41,0.1,0.23,0.4,0.41,31.05,2.67,70,20224,368639616,14068,122662368,471186,19,41179,18748,0,3,3,20.4,18736.6,2.0,5371.0,68.77,48.58,56.45,0.13033819984284675,2.2784,big_data
1.3,0.0,0.47,27.22,0.13,0.13,0.0,0.0,0.0,1852.2,0.4,459.55,0.02,0.08,92.31,254.06,52.0,135.6,48.0,100.0,32.0,7.26,13.14,10.4,14.2,0.0,0.0,0.0,6.756028986279743,6421.06,2.1917218133333334,1.024,42.01,4.84,0.1,0.26,0.41,0.42,34.4,4.05,67,20224,366120512,14092,125024576,470308,32,39997,17507,0,2,2,18.8,17516.2,3.0,5362.0,68.71,48.9,56.52,0.13031393281625153,2.2784,big_data
0.69,0.0,0.44,27.57,0.16,0.12,0.0,0.0,0.0,1860.2,10.2,460.61,0.08,0.1,50.96,253.56,8.16,136.29,46.31,100.0,32.0,0.78,11.52,8.4,12.0,0.0,0.0,0.0,6.784795536286701,6199.92,2.11623936,0.937,41.24,5.92,0.13,0.31,0.47,0.44,37.09,4.7,67,20224,363675456,14108,127385728,470941,91,39919,16730,0,2,2,13.0,16656.8,2.0,5354.0,68.97,49.28,56.6,0.13011979660348988,2.2784,big_data
0.94,0.0,0.5,30.86,0.15,0.12,0.0,0.0,0.0,1869.6,0.4,462.84,0.02,0.06,90.48,253.5,42.0,135.44,52.5,100.0,32.0,7.78,13.66,13.6,18.4,0.0,0.0,0.0,6.802405001861597,5991.46,2.0450850133333334,0.946,41.83,5.68,0.13,0.31,0.47,0.45,36.73,3.72,68,20224,361092832,14128,129766568,475495,70,40549,17476,0,2,3,24.6,17509.6,4.0,5355.0,68.89,49.59,56.66,0.12999846147051386,2.2784,big_data
0.91,0.0,0.5,34.16,0.16,0.12,0.0,0.0,0.0,1852.4,0.4,459.74,0.02,0.05,90.91,254.15,44.0,136.39,39.5,100.0,32.0,11.13,14.54,14.8,19.4,0.0,0.0,0.0,6.839608931111505,6460.38,2.20514304,0.968,42.15,5.13,0.12,0.3,0.45,0.43,34.76,4.3,67,20224,358354880,14148,132122896,470026,32,40848,17584,0,2,1,14.2,17516.2,3.0,5360.0,68.9,49.92,56.73,0.12997419444391867,2.2784,big_data
0.9,0.0,0.49,35.88,0.14,0.11,0.0,0.0,0.0,1845.6,0.4,458.62,0.01,0.08,89.47,254.46,38.0,136.81,45.0,100.16,32.05,2.07,11.79,9.8,13.6,0.0,0.0,0.0,6.913121341652483,6080.14,2.075354453333333,0.8909999999999999,41.45,5.64,0.12,0.3,0.46,0.41,34.02,4.19,67,20224,355850240,14164,134472576,469374,31,40377,16458,0,2,2,18.6,16490.0,4.0,5358.0,68.91,50.23,56.79,0.13002272849710908,2.2784,big_data
0.79,0.0,0.48,37.76,0.14,0.13,0.0,0.0,0.0,1856.4,0.4,459.56,0.02,0.1,92.0,253.5,50.0,136.18,47.5,100.24,32.08,5.43,12.61,11.6,15.8,0.0,0.0,0.0,6.934000974074508,5887.16,2.0094839466666667,0.8370000000000001,40.04,5.6,0.13,0.37,0.48,0.4,33.74,4.17,68,20224,353460128,14180,136825216,469658,23,40502,16617,0,2,0,17.0,16578.4,3.0,5358.0,68.92,50.55,56.86,0.12999846147051386,2.2784,big_data
1.26,0.0,0.53,34.65,0.15,0.12,0.0,0.0,0.0,1903.6,0.4,471.73,0.02,0.03,91.3,253.76,46.0,133.1,45.0,100.08,32.03,11.83,15.37,15.4,20.4,0.0,0.0,0.0,6.937753363531134,6809.52,2.32431616,1.01,38.97,4.8,0.14,0.46,0.44,0.44,36.01,3.95,66,20224,350879648,14196,139259712,484790,23,41043,17756,0,2,3,19.4,17773.0,5.0,5359.0,69.0,50.87,56.93,0.13004699552370427,2.2784,big_data
1.27,0.0,0.45,36.19,0.15,0.12,0.0,0.0,0.0,1918.0,0.4,476.24,0.02,0.03,90.0,254.26,40.0,131.23,43.0,100.0,32.03,15.77,16.69,16.0,22.2,0.0,0.0,0.0,6.983264259620162,6643.82,2.2677572266666663,1.011,38.34,4.03,0.13,0.42,0.4,0.41,31.23,3.24,67,20224,348409536,14212,141702112,487640,21,40731,17066,0,2,3,15.4,17039.8,4.0,5358.0,69.08,51.19,57.0,0.13007126255029947,2.2784,big_data
1.23,0.0,0.52,35.64,0.16,0.12,0.0,0.0,0.0,1920.2,2.6,476.36,0.04,0.08,75.47,254.03,14.15,131.59,47.15,100.0,32.0,8.81,14.41,13.6,18.2,0.0,0.0,0.0,6.996896905089985,6401.7,2.1851136,0.977,38.87,5.07,0.14,0.43,0.44,0.43,36.09,4.09,69,20224,345915136,14228,144140432,486926,50,40829,17511,0,2,0,23.4,17587.4,5.0,5358.0,69.08,51.48,57.07,0.13002272849710908,2.2784,big_data
1.18,0.0,0.5,38.02,0.14,0.11,0.0,0.0,0.0,1918.4,6.4,476.07,0.07,0.05,62.35,254.11,11.5,131.97,39.22,100.0,32.0,12.73,15.24,14.0,18.8,0.0,0.0,0.0,6.989271570524355,6731.42,2.297658026666667,0.907,40.58,4.57,0.11,0.3,0.43,0.39,31.14,3.82,68,20224,343237440,14244,146588960,488206,111,41121,17593,0,2,0,14.4,17517.8,6.0,5357.0,68.99,51.76,57.12,0.13004699552370427,2.2784,big_data
1.0,0.0,0.48,36.92,0.15,0.12,0.0,0.0,0.0,1912.2,0.4,474.76,0.01,0.09,87.5,254.24,32.0,132.33,50.5,100.0,32.0,0.71,11.4,7.4,10.0,0.0,0.0,0.0,7.034701337966816,6202.74,2.11720192,0.94,40.86,5.69,0.12,0.32,0.46,0.44,36.23,4.64,68,20224,340485952,14260,149023248,486252,17,40539,17075,0,2,0,18.2,17097.0,5.0,5354.0,69.15,52.08,57.2,0.13002272849710908,2.2784,big_data
0.72,0.0,0.49,38.98,0.15,0.12,0.0,0.0,0.0,1905.8,0.4,473.7,0.02,0.14,90.0,254.52,40.0,131.81,45.5,100.0,32.0,3.71,12.41,10.4,14.0,0.0,0.0,0.0,7.099310827311647,5949.940000000001,2.0309128533333336,0.804,41.73,6.97,0.15,0.33,0.53,0.43,36.45,4.36,68,20224,338064288,14276,151448848,483807,20,40600,16784,0,2,1,16.6,16761.6,2.0,5352.0,69.14,52.36,57.26,0.12990139336413306,2.2784,big_data
0.9,0.0,0.5,38.52,0.16,0.12,0.0,0.0,0.0,1913.4,0.4,473.89,0.02,0.08,92.86,253.61,56.0,132.91,42.0,100.0,32.0,0.62,10.91,6.2,7.6,0.0,0.0,0.0,7.085970093327135,6429.58,2.194629973333333,1.004,41.69,5.51,0.1,0.27,0.47,0.47,39.86,5.77,68,20224,335358176,14296,153886304,486593,28,40628,17208,0,2,1,17.8,17233.4,2.0,5353.0,69.13,52.63,57.33,0.12987712633753784,2.2784,big_data
0.59,0.0,0.44,38.48,0.14,0.12,0.0,0.0,0.0,1912.4,0.4,475.2,0.01,0.05,89.47,254.45,38.0,132.05,41.0,100.0,32.0,0.7,11.37,7.2,9.6,0.0,0.0,0.0,7.14783258186345,5747.74,1.9618952533333327,0.7759999999999999,40.22,7.23,0.18,0.42,0.54,0.42,36.37,4.28,68,20224,332928896,14312,156325616,486010,20,40180,15751,0,2,0,13.0,15726.0,6.0,5351.0,69.04,52.89,57.38,0.12992566039072825,2.2784,big_data
0.95,0.0,0.52,35.17,0.16,0.11,0.0,0.0,0.0,1915.0,0.4,475.78,0.01,0.08,88.89,254.41,36.0,131.13,48.0,100.0,32.0,1.35,11.22,7.6,9.8,0.0,0.0,0.0,7.149539316287953,6425.92,2.1933806933333333,0.924,41.43,5.48,0.11,0.29,0.45,0.42,35.26,4.65,67,20224,330248704,14328,158758944,486337,17,40729,17212,0,2,3,23.0,17239.0,4.0,5353.0,69.03,53.16,57.45,0.12985285931094265,2.2784,big_data
0.76,0.0,0.47,36.34,0.15,0.11,0.0,0.0,0.0,1923.6,0.4,476.7,0.02,0.02,90.91,253.76,44.0,132.19,45.5,100.08,32.03,6.09,13.07,10.4,13.2,0.0,0.0,0.0,7.187545433463724,6127.52,2.0915268266666667,0.8909999999999999,40.53,5.91,0.13,0.31,0.49,0.44,37.28,4.27,68,20224,327778304,14344,161213312,489195,25,40540,16835,0,2,2,13.0,16820.4,38.0,5356.0,69.19,53.45,57.52,0.12990139336413306,2.2784,big_data
0.62,0.0,0.47,35.13,0.15,0.12,0.0,0.0,0.0,1919.6,10.0,476.37,0.07,0.0,44.44,254.12,7.2,131.45,41.22,100.08,32.03,0.69,11.34,7.0,9.2,0.0,0.0,0.0,7.188640291086551,5909.2,2.017006933333333,0.823,41.46,7.16,0.15,0.33,0.54,0.44,38.24,4.59,67,20224,325304832,14352,163661824,488435,114,40491,16657,0,2,3,18.0,16688.0,3.0,5354.0,69.18,53.71,57.58,0.12999846147051386,2.2784,big_data
0.95,0.0,0.48,37.07,0.15,0.12,0.0,0.0,0.0,1917.2,0.4,476.4,0.01,0.01,88.24,254.45,34.0,131.82,44.0,100.0,32.0,3.75,12.22,9.2,12.2,0.0,0.0,0.0,7.204979752147435,6005.46,2.04986368,1.018,41.75,5.03,0.11,0.28,0.42,0.43,35.02,3.98,67,20224,322770880,14368,166102192,487472,22,40542,16871,0,2,1,16.4,16818.6,2.0,5352.0,69.16,53.97,57.64,0.12992566039072825,2.2784,big_data
0.71,0.0,0.49,37.69,0.15,0.12,0.0,0.0,0.0,1909.4,0.4,473.69,0.02,0.02,90.48,254.04,42.0,132.55,41.5,100.16,32.05,0.62,10.91,6.2,7.6,0.0,0.0,0.0,7.21190525735997,6041.96,2.0623223466666665,0.8370000000000001,41.53,7.19,0.15,0.34,0.55,0.46,40.01,4.38,68,20224,320391712,14272,168508096,485043,24,40390,16330,0,2,3,17.2,16340.8,2.0,5351.0,69.07,54.2,57.7,0.12985285931094265,2.2784,big_data
0.68,0.0,0.46,38.3,0.13,0.12,0.0,0.0,0.0,1908.6,0.4,474.02,0.02,0.0,90.48,254.32,42.0,132.43,44.5,100.16,32.05,0.69,11.34,7.0,9.2,0.0,0.0,0.0,7.203439824285966,5848.84,1.9964040533333332,0.914,41.91,6.99,0.14,0.31,0.54,0.49,42.74,4.94,68,20224,317952352,14288,170941536,486097,19,40333,16051,0,2,0,12.8,16038.8,4.0,5347.0,69.06,54.45,57.76,0.12987712633753784,2.2784,big_data
0.67,0.0,0.46,38.86,0.16,0.12,0.0,0.0,0.0,1911.4,1.6,475.13,0.02,0.01,71.43,254.54,13.0,132.31,43.12,100.0,32.0,4.41,12.33,9.8,12.8,0.0,0.0,0.0,7.216480306457019,6001.04,2.0483549866666664,0.903,42.5,6.83,0.14,0.32,0.52,0.47,40.35,4.47,68,20224,315501792,14248,173350272,486443,65,40437,16502,0,2,1,21.6,16501.4,3.0,5349.0,69.14,54.7,57.83,0.1297557912045618,2.2784,big_data
0.81,0.0,0.48,38.82,0.15,0.13,0.0,0.0,0.0,1912.2,6.6,474.81,0.05,0.02,45.0,254.26,7.52,132.06,40.64,100.0,32.0,4.19,11.98,7.8,10.0,0.0,0.0,0.0,7.216118639499892,6165.74,2.1045725866666665,0.893,42.63,6.12,0.13,0.28,0.49,0.44,36.48,4.16,67,20224,312941472,14264,175787776,486254,48,40669,16876,0,2,3,13.0,16875.0,2.0,5345.0,69.13,54.94,57.89,0.12980432525775226,2.2784,big_data
0.83,0.0,0.48,37.87,0.15,0.11,0.0,0.0,0.0,1918.6,0.4,476.54,0.01,0.01,89.47,254.34,38.0,131.51,48.5,100.0,32.0,0.69,11.34,7.0,9.2,0.0,0.0,0.0,7.241331451502567,6212.38,2.120492373333333,0.976,42.21,5.49,0.1,0.26,0.46,0.45,37.39,4.64,68,20224,310382176,14280,178233056,488421,18,40598,16819,0,2,1,17.6,16812.4,3.0,5344.0,69.04,55.16,57.94,0.1297315241779666,2.2784,big_data
0.97,0.0,0.52,39.15,0.16,0.12,0.0,0.0,0.0,1918.8,0.4,476.78,0.01,0.02,85.71,254.44,28.0,131.73,48.5,100.0,32.0,4.24,12.14,8.2,10.8,0.0,0.0,0.0,7.260129792944907,6319.18,2.1569467733333334,0.972,42.52,5.72,0.11,0.25,0.48,0.46,38.37,4.32,68,20224,307933952,14272,180652080,487918,14,40539,17085,0,2,0,16.8,17090.2,2.0,5344.0,69.11,55.41,58.01,0.1297315241779666,2.2784,big_data
0.72,0.0,0.49,36.73,0.16,0.13,0.0,0.0,0.0,1920.8,0.4,476.61,0.02,0.02,92.31,254.09,52.0,131.76,39.0,100.0,32.0,0.62,10.91,6.2,7.6,0.0,0.0,0.0,7.268405673106374,6294.54,2.14853632,0.9740000000000001,43.51,6.72,0.13,0.35,0.49,0.48,41.5,4.89,68,20224,305433216,14408,183095792,487818,30,40501,16447,0,2,1,16.8,16448.8,2.0,5343.0,69.02,55.61,58.06,0.1296829901247762,2.2784,big_data
0.78,0.0,0.5,36.65,0.14,0.11,0.0,0.0,0.0,1915.8,0.4,475.14,0.02,0.01,90.91,253.96,44.0,132.01,46.0,100.0,32.0,3.23,12.33,8.2,10.8,0.0,0.0,0.0,7.292619920365786,6155.82,2.10118656,0.91,41.09,5.93,0.13,0.38,0.49,0.45,37.88,4.31,68,20224,302989472,14424,185507392,487216,21,40564,16598,0,2,4,14.0,16590.0,4.0,5343.0,69.02,55.84,58.12,0.1296829901247762,2.2784,big_data
0.61,0.0,0.49,36.57,0.15,0.12,0.0,0.0,0.0,1904.4,0.4,473.53,0.01,0.0,89.47,254.62,38.0,132.58,35.0,100.0,32.0,0.66,11.06,6.6,8.4,0.0,0.0,0.0,7.295086382863751,5686.76,1.9410807466666664,0.802,41.49,7.5,0.17,0.38,0.56,0.45,38.93,4.53,66,20224,300542848,14440,187936224,484731,18,40310,16191,0,2,4,22.2,16188.2,8.0,5343.0,69.18,56.09,58.19,0.129658723098181,2.2784,big_data
0.63,0.0,0.47,37.12,0.16,0.13,0.0,0.0,0.0,1904.4,11.0,472.57,0.08,0.02,43.88,254.1,7.13,132.61,42.51,100.0,32.0,3.04,11.99,8.4,10.6,0.0,0.0,0.0,7.293021014328722,5799.54,1.97957632,0.8440000000000001,41.83,7.22,0.16,0.34,0.54,0.46,39.63,4.63,68,20224,298031808,14456,190361024,483927,128,40378,16226,0,2,0,12.8,16227.0,3.0,5342.0,69.09,56.29,58.24,0.129658723098181,2.2784,big_data
0.56,0.0,0.46,37.96,0.14,0.11,0.0,0.0,0.0,1914.4,0.0,475.17,0.0,0.0,100.0,254.17,0.0,132.03,0.0,100.0,32.0,0.67,11.32,6.8,8.8,0.0,0.0,0.0,7.2961486373856195,5568.46,1.900701013333333,0.882,42.07,7.63,0.15,0.35,0.56,0.5,43.46,4.94,68,20224,295614784,14476,192799184,486410,22,40185,15727,0,2,1,17.6,15729.0,3.0,5341.0,69.08,56.5,58.3,0.1296344560715858,2.2784,big_data
0.67,0.0,0.49,36.23,0.15,0.13,0.0,0.0,0.0,1919.6,0.4,476.8,0.01,0.01,0.0,254.35,34.0,131.81,35.0,100.0,32.0,0.67,11.09,6.8,8.8,0.0,0.0,0.0,7.298958569761102,6122.719999999998,2.089888426666666,0.843,41.41,6.23,0.12,0.29,0.52,0.44,37.43,4.75,68,20224,293189824,14484,195219408,488634,2,40519,16561,0,2,1,16.2,16560.0,4.0,5339.0,69.07,56.71,58.36,0.12961018904499058,2.2784,big_data
0.91,0.0,0.47,37.68,0.15,0.11,0.0,0.0,0.0,1918.2,0.4,476.69,0.02,0.02,90.0,254.47,40.0,131.58,37.5,100.0,32.0,1.31,11.06,7.2,9.0,0.0,0.0,0.0,7.304093937267615,6435.16,2.196534613333333,1.057,41.09,4.45,0.09,0.23,0.4,0.42,34.51,4.34,68,20224,290643200,14500,197661136,487154,18,41087,18501,0,2,1,17.2,18498.0,2.0,5342.0,69.15,56.93,58.42,0.12956165499180014,2.2784,big_data
0.94,0.0,0.53,36.27,0.15,0.11,0.0,0.0,0.0,1919.0,0.4,476.36,0.02,0.02,90.0,254.19,40.0,131.87,47.0,100.0,32.0,0.67,11.32,6.8,8.8,0.0,0.0,0.0,7.3253147649322115,6111.18,2.0859494400000003,0.98,42.92,5.9,0.11,0.26,0.45,0.44,37.48,4.53,68,20224,288276672,14652,200076736,487842,18,40385,16835,0,2,2,13.6,16829.0,3.0,5342.0,69.05,57.11,58.47,0.1296344560715858,2.2784,big_data
0.7,0.0,0.49,39.31,0.15,0.12,0.0,0.0,0.0,1920.2,0.4,476.34,0.02,0.01,90.0,254.02,40.0,131.23,44.5,100.0,32.0,2.74,11.55,9.8,13.0,0.0,0.0,0.0,7.316990359225137,5949.06,2.03061248,0.795,40.74,6.54,0.14,0.32,0.53,0.42,36.13,4.47,68,20224,285803040,14676,202526768,489353,31,40302,16324,0,2,0,21.8,16320.6,2.0,5346.0,69.05,57.31,58.53,0.1296344560715858,2.2784,big_data
0.63,0.0,0.45,39.37,0.14,0.12,0.0,0.0,0.0,1907.8,0.4,473.26,0.02,0.05,90.48,254.02,42.0,132.8,47.5,100.0,32.0,2.0,11.22,8.2,10.4,0.0,0.0,0.0,7.319725228647253,5825.940000000001,1.9885875200000005,0.7879999999999999,41.42,7.59,0.16,0.35,0.57,0.45,38.95,4.49,67,20224,283291776,14708,204949056,483280,26,40207,16045,0,2,2,13.2,16040.8,4.0,5351.0,68.97,57.49,58.58,0.1297315241779666,2.2784,big_data
0.65,0.0,0.48,38.93,0.16,0.13,0.0,0.0,0.0,1901.4,9.8,472.19,0.08,0.01,52.43,254.3,8.41,132.14,41.27,100.0,32.0,8.89,13.63,16.8,23.2,0.0,0.0,0.0,7.340611684974131,5944.04,2.0288989866666665,0.871,41.73,6.51,0.14,0.31,0.51,0.45,38.16,4.31,69,20224,280840768,14724,207377008,484488,134,40410,16105,0,2,2,20.6,16109.2,2.0,5361.0,68.89,57.66,58.63,0.12985285931094265,2.2784,big_data
0.66,0.0,0.49,41.8,0.15,0.12,0.0,0.0,0.0,1914.2,0.4,474.95,0.01,0.02,89.47,254.07,38.0,132.35,42.0,100.08,32.03,2.91,11.57,9.4,12.8,0.0,0.0,0.0,7.352110722860411,5867.08,2.0026299733333333,0.9540000000000001,41.57,5.91,0.12,0.3,0.47,0.45,38.54,4.57,67,20224,278368032,14740,209810976,485299,18,40498,16612,0,2,83,17.0,16542.6,4.0,5363.0,68.82,57.83,58.68,0.13007126255029947,2.2784,big_data
0.92,0.0,0.53,38.61,0.15,0.11,0.0,0.0,0.0,1917.6,0.4,476.39,0.01,0.01,88.24,254.39,34.0,131.38,45.5,100.0,32.0,4.05,11.46,9.0,12.6,0.0,0.0,0.0,7.340673858329443,6049.26,2.06481408,0.925,41.17,6.23,0.14,0.33,0.5,0.47,40.06,4.59,67,20224,275859872,14756,212260672,488913,16,40806,17616,0,2,5,17.0,17679.8,7.0,5361.0,68.75,58.0,58.73,0.1301440636300851,2.2784,big_data
1.41,0.0,0.5,40.13,0.15,0.13,0.0,0.0,0.0,1921.8,0.4,476.38,0.02,0.04,91.3,253.83,46.0,132.22,48.5,100.0,32.0,22.38,19.06,21.4,29.4,0.0,0.0,0.0,7.359710278229934,6945.32,2.3706692266666667,0.968,43.29,3.95,0.08,0.19,0.4,0.39,29.53,3.06,68,20224,273365696,14772,214702752,487333,23,41330,18764,0,2,4,18.2,18765.2,6.0,5365.0,68.93,58.22,58.8,0.13007126255029947,2.2784,big_data
1.62,0.0,0.54,38.2,0.16,0.11,0.0,0.0,0.0,1923.2,0.4,476.18,0.02,0.06,90.0,253.54,40.0,131.68,60.0,100.0,32.0,19.02,16.84,17.6,24.8,0.0,0.0,0.0,7.378713336817821,6870.5,2.345130666666667,1.04,43.72,4.77,0.1,0.23,0.42,0.44,34.81,3.36,68,20224,270915328,14788,217148720,487958,21,41437,18562,0,3,2,26.0,18557.8,2.0,5365.0,69.02,58.41,58.86,0.1301925976832755,2.2784,big_data
1.29,0.0,0.49,40.58,0.15,0.14,0.0,0.0,0.0,1922.6,0.4,476.07,0.02,0.06,92.31,253.56,52.0,131.27,48.0,100.08,32.02,26.13,20.2,20.2,27.4,0.0,0.0,0.0,7.366999725034544,6552.7,2.236654933333333,1.0270000000000001,43.63,4.4,0.1,0.22,0.41,0.42,31.87,2.81,68,20224,268485184,14804,219588480,487484,26,41530,18475,0,2,4,17.4,18477.4,3.0,5369.0,69.1,58.61,58.92,0.1301925976832755,2.2784,big_data
0.9,0.0,0.51,41.23,0.16,0.1,0.0,0.0,0.0,1904.0,7.2,471.94,0.06,0.1,50.0,253.82,8.0,131.77,42.36,100.0,32.0,10.35,14.64,13.0,18.2,0.0,0.0,0.0,7.362754498005315,6161.16,2.10300928,1.04,43.46,5.79,0.13,0.27,0.47,0.48,39.16,3.93,68,20224,266058336,14820,222015776,483870,64,40704,16933,0,2,3,19.6,16930.6,6.0,5363.0,69.25,58.81,58.98,0.13026539876306112,2.2784,big_data
1.05,0.0,0.51,39.06,0.15,0.13,0.0,0.0,0.0,1911.0,4.0,473.32,0.04,0.05,57.45,253.62,9.4,133.27,41.5,100.0,32.0,13.71,15.73,16.8,23.2,0.0,0.0,0.0,7.363543038121481,6440.480000000001,2.198350506666667,0.982,43.6,4.7,0.1,0.23,0.41,0.4,31.68,3.42,68,20224,263704592,14840,224437872,483474,84,41068,18283,0,2,1,18.8,18283.2,2.0,5362.0,69.55,59.05,59.06,0.1301440636300851,2.2784,big_data
0.94,0.0,0.51,36.7,0.15,0.12,0.0,0.0,0.0,1915.6,0.4,474.4,0.01,0.11,89.47,253.6,38.0,131.56,46.0,100.0,32.0,7.97,13.3,11.4,15.2,0.0,0.0,0.0,7.3558206524646295,6233.34,2.12764672,1.095,43.21,5.39,0.11,0.26,0.45,0.49,40.47,4.12,68,20224,261260624,14856,226877936,486928,18,40754,17196,0,2,0,18.8,17189.6,2.0,5364.0,69.59,59.23,59.12,0.13011979660348988,2.2784,big_data
1.42,0.0,0.51,36.82,0.16,0.13,0.0,0.0,0.0,1923.4,0.4,475.56,0.02,0.05,93.1,253.18,58.0,131.78,54.0,100.0,32.0,15.77,16.93,18.0,24.8,0.0,0.0,0.0,7.351403311390814,6690.660000000002,2.28374528,1.12,42.08,4.29,0.09,0.21,0.4,0.45,35.31,3.68,68,20224,258850688,14872,229290800,487637,34,41341,18915,0,2,3,16.4,18907.0,5.0,5363.0,69.62,59.41,59.18,0.13016833065668032,2.2784,big_data
0.87,0.0,0.52,40.13,0.15,0.11,0.0,0.0,0.0,1919.6,0.4,476.25,0.02,0.06,90.48,254.05,42.0,131.27,37.5,100.08,32.03,8.29,13.48,11.8,16.0,0.0,0.0,0.0,7.352040967388597,6104.06,2.0835191466666667,0.833,42.72,6.14,0.13,0.29,0.49,0.41,33.85,3.68,67,20224,256426912,14888,231734064,487140,22,40675,16708,0,2,6,22.4,16716.4,4.0,5364.0,69.65,59.59,59.23,0.1301440636300851,2.2784,big_data
0.92,0.0,0.51,40.1,0.15,0.13,0.0,0.0,0.0,1922.6,0.0,476.46,0.0,0.09,0.0,253.77,0.0,131.95,0.0,100.0,32.0,11.74,14.46,13.4,18.4,0.0,0.0,0.0,7.346929862654887,6429.480000000001,2.19459584,0.991,42.86,5.2,0.12,0.25,0.45,0.45,35.9,3.6,69,20224,254047696,14904,234148656,487460,24,40928,17348,0,2,5,12.4,17336.8,5.0,5365.0,69.6,59.74,59.29,0.13016833065668032,2.2784,big_data
0.78,0.0,0.47,41.34,0.15,0.12,0.0,0.0,0.0,1924.4,0.4,476.31,0.02,0.05,90.0,253.45,40.0,131.21,46.0,100.0,32.0,7.07,13.68,12.0,16.4,0.0,0.0,0.0,7.34418892753957,5980.08,2.04120064,0.968,41.95,6.08,0.13,0.29,0.49,0.48,40.1,4.33,69,20224,251642064,14916,236586496,486893,5,40673,16896,0,2,1,20.6,16905.6,2.0,5361.0,69.47,59.88,59.33,0.13016833065668032,2.2784,big_data
1.33,0.0,0.49,38.49,0.16,0.12,0.0,0.0,0.0,1904.6,10.6,472.15,0.09,0.02,55.46,253.85,8.98,132.63,39.49,100.08,32.03,16.03,16.57,17.0,23.4,0.0,0.0,0.0,7.337255081998882,6527.06,2.2279031466666663,1.075,42.04,4.05,0.09,0.2,0.4,0.43,32.88,3.34,68,20224,249174672,14928,239015936,484530,124,40949,17716,0,2,1,19.2,17706.8,3.0,5360.0,69.59,60.06,59.4,0.1300955295768947,2.2784,big_data
1.04,0.0,0.48,41.22,0.15,0.12,0.0,0.0,0.0,1907.4,0.4,473.68,0.02,0.08,91.67,254.3,48.0,132.44,40.5,100.08,32.03,15.13,16.27,15.8,21.2,0.0,0.0,0.0,7.339572176801763,6448.8,2.2011903999999998,1.0170000000000001,43.68,5.17,0.1,0.25,0.43,0.44,34.97,3.53,68,20224,246714592,14948,241443712,484482,32,40959,17854,0,2,1,18.4,17842.6,3.0,5363.0,69.62,60.23,59.45,0.1300955295768947,2.2784,big_data
1.13,0.0,0.49,38.76,0.16,0.12,0.0,0.0,0.0,1917.0,0.4,474.82,0.02,0.04,92.86,253.64,56.0,131.93,43.0,100.08,32.02,3.79,12.53,9.8,13.4,0.0,0.0,0.0,7.350402472012607,6408.14,2.1873117866666667,0.972,44.66,5.48,0.1,0.23,0.45,0.43,35.42,3.5,68,20224,244323600,14972,243876640,485866,43,40653,16992,0,2,0,16.2,16976.6,3.0,5358.0,69.66,60.39,59.51,0.13011979660348988,2.2784,big_data
0.73,0.0,0.49,40.56,0.15,0.12,0.0,0.0,0.0,1917.2,0.4,475.5,0.02,0.09,93.33,253.97,60.0,131.84,41.0,100.08,32.03,5.66,13.21,10.6,14.2,0.0,0.0,0.0,7.3455582577797545,5907.8,2.0165290666666666,0.863,43.79,7.21,0.14,0.33,0.52,0.45,38.52,4.04,68,20224,241900512,14988,246320832,487685,28,40684,17179,0,2,2,23.0,17172.2,5.0,5356.0,69.52,60.52,59.56,0.13004699552370427,2.2784,big_data
0.85,0.0,0.44,39.42,0.15,0.12,0.0,0.0,0.0,1916.8,0.4,476.53,0.02,0.03,90.48,254.57,42.0,131.84,39.0,100.0,32.0,3.61,11.95,7.8,10.0,0.0,0.0,0.0,7.336438488051665,6116.4,2.0877312,1.063,43.45,5.62,0.11,0.26,0.44,0.47,39.27,4.16,68,20224,239505504,15004,248766352,488585,21,40513,16826,0,2,2,11.2,16825.6,6.0,5357.0,69.56,60.68,59.61,0.12997419444391867,2.2784,big_data
0.64,0.0,0.47,37.11,0.14,0.11,0.0,0.0,0.0,1920.4,0.4,476.38,0.02,0.02,90.0,254.02,40.0,131.37,47.0,100.08,32.03,3.75,12.45,9.2,12.2,0.0,0.0,0.0,7.324801455645053,6039.92,2.0616260266666666,1.006,44.45,6.26,0.12,0.28,0.48,0.48,40.35,4.32,68,20224,237115648,15020,251211776,487064,24,40523,16577,0,2,1,19.8,16579.2,2.0,5354.0,69.52,60.81,59.66,0.12994992741732345,2.2784,big_data
0.97,0.0,0.47,38.18,0.16,0.13,0.0,0.0,0.0,1922.8,0.4,476.65,0.02,0.02,92.0,253.85,50.0,131.67,47.5,100.0,32.0,5.12,12.5,11.0,14.6,0.0,0.0,0.0,7.312228790062151,6101.56,2.082665813333333,0.951,43.72,5.87,0.12,0.27,0.46,0.43,36.0,4.1,67,20224,234734912,15036,253658624,488588,29,40529,17024,0,2,1,17.6,17040.4,2.0,5356.0,69.39,60.93,59.71,0.12992566039072825,2.2784,big_data
0.78,0.0,0.47,38.53,0.15,0.12,0.0,0.0,0.0,1910.6,2.0,474.83,0.04,0.05,79.59,254.49,19.6,131.77,47.2,100.16,32.05,4.38,12.2,9.6,12.4,0.0,0.0,0.0,7.303005903549639,6066.38,2.0706577066666667,0.9129999999999999,43.96,6.53,0.12,0.3,0.49,0.45,37.8,4.07,68,20224,232215856,15052,256100288,487307,80,40292,16342,0,2,4,15.0,16349.8,8.0,5359.0,69.44,61.09,59.76,0.12997419444391867,2.2784,big_data
0.64,0.0,0.45,37.07,0.16,0.12,0.0,0.0,0.0,1895.8,11.6,471.16,0.09,0.04,48.21,254.49,7.72,133.51,41.52,100.16,32.05,0.71,11.4,7.4,10.0,0.0,0.0,0.0,7.315484550887923,5832.86,1.990949546666667,0.91,44.21,6.42,0.12,0.29,0.48,0.44,36.69,4.17,67,20224,229836912,15068,258513360,481237,99,40113,16083,0,2,1,15.8,16092.2,2.0,5354.0,69.33,61.2,59.81,0.13002272849710908,2.2784,big_data
1.0,0.0,0.51,34.88,0.15,0.13,0.0,0.0,0.0,1916.2,0.4,475.16,0.02,0.03,93.55,253.92,62.0,131.6,41.0,100.08,32.02,5.03,12.41,10.2,13.6,0.0,0.0,0.0,7.3051016005506755,6347.1,2.1664767999999994,0.938,44.15,6.06,0.12,0.27,0.46,0.43,35.65,3.86,66,20224,227412960,15084,260951456,486775,44,40635,17894,0,2,3,21.4,17891.0,2.0,5353.0,69.38,61.35,59.86,0.12992566039072825,2.2784,big_data
0.67,0.0,0.57,38.31,0.16,0.11,0.0,0.0,0.0,1917.0,0.4,475.53,0.02,0.01,92.59,254.02,54.0,132.0,48.0,100.0,32.0,3.95,12.17,9.4,12.0,0.0,0.0,0.0,7.3031363159534655,6198.6,2.1157888,1.082,45.68,4.84,0.08,0.22,0.37,0.4,32.14,3.63,67,20224,225166048,14956,263345152,488834,25,40486,16698,0,2,3,10.4,16684.0,4.0,5355.0,69.35,61.47,59.91,0.12990139336413306,2.2784,big_data
0.86,0.0,0.5,34.36,0.15,0.13,0.0,0.0,0.0,1915.4,0.4,476.69,0.01,0.0,84.62,254.85,26.0,132.25,49.0,100.08,32.03,0.73,11.9,7.6,10.4,0.0,0.0,0.0,7.2827063030399835,6003.06,2.04904448,0.826,43.83,8.02,0.15,0.35,0.55,0.45,39.31,4.26,67,20224,222719664,14972,265783952,486884,14,40322,17583,0,2,0,20.6,17596.4,4.0,5351.0,69.16,61.57,59.95,0.12994992741732345,2.2784,big_data
0.57,0.0,0.46,36.11,0.15,0.11,0.0,0.0,0.0,1917.6,5.0,476.44,0.04,0.02,55.36,254.42,8.96,131.26,42.04,100.08,32.03,1.42,12.11,8.6,11.8,0.0,0.0,0.0,7.2802898825109335,5723.02,1.9534574933333333,0.929,44.17,7.82,0.15,0.34,0.54,0.5,43.58,4.8,64,20224,220361424,14988,268161856,486707,92,40208,15841,0,2,1,16.8,15835.2,3.0,5348.0,68.91,61.64,59.98,0.12985285931094265,2.2784,big_data
0.67,0.0,0.48,36.82,0.16,0.12,0.0,0.0,0.0,1918.0,6.4,475.95,0.06,0.01,59.49,254.1,9.88,132.19,40.75,100.0,32.0,0.63,11.19,6.4,8.0,0.0,0.0,0.0,7.274746597136637,5975.96,2.0397943466666666,0.9740000000000001,44.16,6.9,0.13,0.33,0.49,0.48,41.15,4.65,62,20224,217961040,15004,270609184,488154,65,40424,16490,0,2,2,13.8,16492.0,3.0,5345.0,68.52,61.68,60.01,0.1297557912045618,2.2784,big_data
0.71,0.0,0.46,37.1,0.15,0.11,0.0,0.0,0.0,1904.6,0.4,473.4,0.01,0.01,88.89,254.52,36.0,132.78,36.5,100.0,32.0,0.69,10.67,7.0,9.2,0.0,0.0,0.0,7.265868696924947,6104.64,2.08371712,0.977,43.48,6.79,0.13,0.3,0.5,0.49,42.16,4.92,63,20224,215578880,15020,273037600,484306,17,40593,16945,0,2,0,16.4,16945.2,2.0,5344.0,68.07,61.7,60.02,0.1297315241779666,2.2784,big_data
0.61,0.0,0.5,34.79,0.16,0.12,0.0,0.0,0.0,1907.6,0.4,473.66,0.02,0.02,91.67,254.26,48.0,132.51,42.5,100.08,32.03,1.35,10.77,7.6,9.8,0.0,0.0,0.0,7.264221861220808,5789.02,1.9759854933333327,0.956,42.89,6.37,0.13,0.31,0.48,0.45,38.5,4.62,63,20224,213123536,15036,275471424,484772,22,40234,16183,0,2,1,22.4,16180.6,4.0,5345.0,67.67,61.72,60.04,0.1296829901247762,2.2784,big_data
0.82,0.0,0.45,34.15,0.15,0.11,0.0,0.0,0.0,1914.4,0.4,474.78,0.02,0.03,91.67,253.96,48.0,131.35,35.0,100.0,32.0,1.62,11.23,7.8,10.2,0.0,0.0,0.0,7.252288368058983,6011.9,2.0520618666666666,0.8859999999999999,43.08,6.46,0.13,0.3,0.48,0.43,36.15,4.26,61,20224,210853456,15052,277900736,486310,23,40472,17950,0,2,1,9.6,17951.4,3.0,5343.0,67.13,61.71,60.04,0.1297072571513714,2.2784,big_data
0.71,0.0,0.45,33.7,0.15,0.14,0.0,0.0,0.0,1911.2,0.0,475.0,0.0,0.01,0.0,254.5,0.0,132.95,0.0,100.16,32.05,0.69,10.89,7.0,9.2,0.0,0.0,0.0,7.234955649736395,6082.06,2.076009813333333,0.95,42.69,6.4,0.13,0.34,0.47,0.45,37.84,4.56,62,20224,208491568,15068,280339968,485956,18,40269,16789,0,2,0,20.6,16786.0,4.0,5341.0,66.72,61.72,60.05,0.1296829901247762,2.2784,big_data
0.77,0.0,0.5,33.86,0.15,0.11,0.0,0.0,0.0,1920.6,0.4,476.61,0.01,0.0,89.47,254.11,38.0,131.6,42.0,100.0,32.0,0.69,10.24,7.0,9.2,0.0,0.0,0.0,7.2261823827324285,5888.38,2.009900373333333,0.894,43.32,6.45,0.12,0.3,0.48,0.43,36.4,4.28,58,20224,206087392,15076,282788736,488242,4,40312,17003,0,2,3,16.2,16998.4,2.0,5338.0,66.18,61.69,60.05,0.12961018904499058,2.2784,big_data
0.64,0.0,0.46,33.29,0.16,0.12,0.0,0.0,0.0,1919.01,0.4,476.89,0.02,0.01,93.1,254.47,58.0,131.96,35.5,100.12,32.04,0.63,10.97,6.4,8.0,0.0,0.0,0.0,7.214032799250312,5792.3,1.9771050666666667,0.9690000000000001,43.16,6.74,0.13,0.33,0.5,0.48,41.16,4.79,59,20224,203688128,15092,285232224,488459,71,40311,16448,0,2,1,13.8,16443.0,5.0,5335.0,65.61,61.64,60.05,0.12953738796520495,2.2784,big_data
0.63,0.0,0.45,33.6,0.16,0.12,0.0,0.0,0.0,1913.13,11.92,475.73,0.1,0.0,53.91,254.63,8.68,131.73,40.61,99.88,31.96,0.69,10.02,7.0,9.2,0.0,0.0,0.0,7.206323303191514,6000.54,2.04818432,0.919,42.79,6.89,0.15,0.43,0.5,0.46,39.54,4.37,57,20224,201279680,15108,287674048,486877,107,40190,16064,0,2,3,16.2,16065.4,3.0,5334.0,65.32,61.65,60.06,0.12948885391201456,2.2784,big_data
0.67,0.0,0.49,33.22,0.16,0.12,0.0,0.0,0.0,1910.6,0.4,474.2,0.02,0.0,91.3,254.15,46.0,131.83,44.0,100.0,32.0,0.66,10.61,6.6,8.4,0.0,0.0,0.0,7.201707310665357,5921.46,2.02119168,0.9109999999999999,43.77,7.81,0.17,0.42,0.54,0.49,42.89,4.6,57,20224,198872976,15124,290109408,485645,21,40270,16105,0,2,3,20.6,16101.6,3.0,5331.0,64.81,61.6,60.05,0.12944031985882415,2.2784,big_data
0.65,0.0,0.43,35.38,0.16,0.11,0.0,0.0,0.0,1905.6,0.4,472.95,0.02,0.02,93.33,254.15,60.0,132.9,50.0,100.0,32.0,1.31,9.25,7.2,9.0,0.0,0.0,0.0,7.1981937578785296,5895.08,2.0121873066666667,0.966,44.53,6.35,0.11,0.29,0.47,0.46,38.73,4.36,57,20224,196499712,15140,292533824,484662,26,40423,16535,0,2,1,9.8,16533.6,3.0,5333.0,64.43,61.58,60.05,0.12936751877903852,2.2784,big_data
0.8,0.0,0.48,33.08,0.15,0.13,0.0,0.0,0.0,1913.0,0.4,474.78,0.01,0.02,84.62,254.14,26.0,132.32,37.5,100.0,32.0,2.07,11.68,9.0,12.0,0.0,0.0,0.0,7.1780321518892025,6120.2,2.0890282666666664,0.878,44.89,7.25,0.14,0.36,0.51,0.45,38.27,4.2,57,20224,194140224,15156,294977856,486643,15,40667,17051,0,2,0,21.4,17044.4,5.0,5334.0,63.91,61.52,60.04,0.12941605283222896,2.2784,big_data
0.69,0.0,0.45,34.96,0.15,0.12,0.0,0.0,0.0,1917.6,0.4,474.84,0.02,0.03,91.67,253.56,48.0,132.06,46.5,100.0,32.0,3.71,9.7,10.8,14.4,0.0,0.0,0.0,7.174010597296769,5891.06,2.0108151466666664,0.9079999999999999,45.36,7.06,0.14,0.33,0.5,0.45,38.82,4.17,55,20224,191748464,15172,297410592,486486,22,40613,16577,0,2,3,17.4,16571.8,2.0,5339.0,63.6,61.49,60.04,0.12948885391201456,2.2784,big_data
0.73,0.0,0.48,34.96,0.15,0.12,0.0,0.0,0.0,1913.4,0.4,476.5,0.03,0.01,94.12,255.01,68.0,132.13,46.0,100.0,32.0,3.6,11.09,10.0,13.4,0.0,0.0,0.0,7.148075209591499,5937.4,2.0266325333333333,0.935,43.76,7.16,0.14,0.37,0.51,0.47,40.92,4.56,56,20224,189472240,14964,299790208,485954,37,40378,16497,0,2,2,14.8,16496.8,2.0,5339.0,63.15,61.43,60.03,0.1295859220183954,2.2784,big_data
0.59,0.0,0.46,35.12,0.15,0.13,0.0,0.0,0.0,1919.6,0.4,476.58,0.02,0.03,90.0,254.23,40.0,131.64,43.0,100.08,32.03,2.12,10.45,9.8,13.6,0.0,0.0,0.0,7.142128555619317,5863.34,2.001353386666666,0.878,44.93,7.71,0.15,0.35,0.52,0.46,39.75,4.37,55,20224,187060336,14980,302235712,488310,70,40318,15988,0,2,0,16.8,15985.6,2.0,5338.0,62.74,61.38,60.02,0.12956165499180014,2.2784,big_data
0.65,0.0,0.5,34.58,0.17,0.12,0.0,0.0,0.0,1917.2,1.8,476.54,0.03,0.02,77.5,254.52,17.78,131.84,49.44,100.08,32.02,3.95,13.23,10.8,15.6,0.0,0.0,0.0,7.134370534014909,6026.719999999998,2.0571204266666663,0.976,44.53,6.94,0.14,0.35,0.49,0.48,41.46,4.45,52,20224,184698752,14924,304653248,487829,48,40747,16783,0,2,1,23.4,16769.8,2.0,5334.0,62.04,61.25,59.99,0.1296344560715858,2.2784,big_data
0.62,0.0,0.44,31.3,0.15,0.12,0.0,0.0,0.0,1900.6,11.0,473.26,0.08,0.01,48.11,254.98,7.71,132.65,38.56,100.16,32.05,2.61,11.2,9.2,13.0,0.0,0.0,0.0,7.126266009686383,6068.68,2.0714427733333336,0.8859999999999999,44.47,7.25,0.15,0.36,0.5,0.44,37.94,4.33,44,20224,182324992,14940,307081216,484598,79,40415,16282,0,2,0,9.4,16275.2,4.0,5326.0,61.07,61.07,59.93,0.12941605283222896,2.2784,big_data
0.87,0.0,0.49,27.9,0.15,0.11,0.0,0.0,0.0,1907.4,0.4,473.76,0.02,0.05,92.31,254.34,52.0,132.55,53.5,100.08,32.03,2.89,12.03,12.2,17.2,0.0,0.0,0.0,7.1136645320607705,6191.940000000001,2.11351552,0.9640000000000001,44.41,5.84,0.11,0.29,0.43,0.42,34.93,4.13,38,20224,180001984,14956,309504576,483493,26,40730,17216,0,2,2,22.0,17228.0,3.0,5324.0,59.47,60.73,59.83,0.1292947176992529,2.2784,big_data
0.82,0.0,0.51,25.74,0.15,0.12,0.0,0.0,0.0,1909.4,0.4,475.15,0.01,0.01,88.89,254.82,36.0,131.87,47.0,100.08,32.02,6.55,9.67,13.6,19.4,0.0,0.0,0.0,7.0987194222245265,6299.16,2.15011328,0.99,44.74,6.39,0.14,0.34,0.45,0.45,38.23,4.25,34,20224,177660032,14972,311935936,485543,18,40728,16673,0,2,1,16.8,16654.8,6.0,5323.0,57.83,60.37,59.72,0.12919764959287208,2.3040000000000003,big_data
0.72,0.0,0.46,22.71,0.16,0.11,0.0,0.0,0.0,1910.8,0.4,475.37,0.01,0.04,89.47,254.75,38.0,132.73,43.0,100.0,32.0,3.0,11.52,10.4,14.8,0.0,0.0,0.0,7.077967169359727,6040.88,2.0619537066666664,0.8740000000000001,46.33,6.57,0.13,0.33,0.45,0.4,33.28,3.86,28,20224,175286016,14988,314375520,486373,20,40124,15482,0,2,0,14.8,15464.6,6.0,5316.0,57.83,60.37,59.72,0.12912484851308648,2.3040000000000003,big_data
0.7,0.0,0.47,15.08,0.13,0.11,0.0,0.0,0.0,1918.0,0.0,476.71,0.0,0.0,0.0,254.51,0.0,130.24,0.0,100.0,32.0,3.77,10.65,13.0,20.0,0.0,0.0,0.0,7.0607997411768695,6087.219999999998,2.0777710933333333,0.905,44.91,7.21,0.17,0.39,0.5,0.45,39.04,5.06,13,20224,172953552,14996,316800224,483265,6,39457,13645,0,2,2,16.2,13692.0,2.0,5299.0,55.68,59.89,59.56,0.12897924635351524,2.3040000000000003,big_data
0.8,0.0,0.46,5.49,0.14,0.12,0.0,0.0,0.0,1821.0,0.4,453.95,0.01,0.0,87.5,255.27,32.0,63.54,41.5,95.36,30.31,8.32,16.08,42.8,49.6,0.0,0.0,0.0,7.04857964401129,6467.3,2.2075050666666667,1.206,41.07,2.71,0.18,0.59,0.31,0.37,27.81,1.63,0,20224,170761568,15016,319035168,445764,63,39863,15242,0,2,0,40.8,15283.6,2.0,5383.0,52.34,59.12,59.32,0.12856670690139674,2.3040000000000003,big_data
46.18,0.0,8.84,0.17,0.37,0.77,0.0,0.0,57.16701612903228,183.2,0.4,43.2,0.02,0.22,90.0,241.49,40.0,7.01,0.5,9.52,1.26,243.73,60.52,155.2,189.0,0.01,0.0,0.0,7.0538674120594855,150303.2,51.30349226666667,0.847,50.87,6.68,0.11,0.25,0.76,0.65,52.77,7.72,0,20224,168871840,15308,319262720,44326,29,105541,196086,0,57,103,58.88,194932.93,85.0,5509.0,48.31,58.17,59.01,0.13138168198644054,2.3040000000000003,big_data
50.86,0.0,10.88,0.01,0.44,0.93,0.0,0.0,64.06616000000002,0.0,23.4,0.0,2.42,0.0,64.0,0.0,105.88,0.0,1.84,0.64,0.04,125.61,52.12,64.2,96.2,0.0,0.0,0.0,7.488263547090763,152000.62,51.88287829333333,0.7879999999999999,48.31,6.3,0.11,0.26,0.85,0.67,55.34,8.87,0,20224,164365296,15532,319286240,0,2490,97827,186172,0,63,77,38.6,186350.0,76.0,5508.0,50.77,58.52,59.12,0.13368704951298505,2.3296,big_data
51.24,0.0,9.11,0.02,0.4,0.84,0.0,0.0,63.377377049180346,0.2,41.8,0.0,5.6,0.0,45.99,4.0,137.09,2.0,1.85,1.28,0.07,79.12,37.06,43.6,64.6,0.0,0.0,0.0,8.327637963338875,134704.16,45.97901994666667,0.703,46.13,6.21,0.1,0.26,1.01,0.71,59.59,10.58,0,20224,160575520,15696,319300480,6,5739,88580,170359,0,61,69,29.0,170343.6,70.0,5508.0,52.71,58.79,59.2,0.13366278248638985,2.3552,big_data
51.17,0.0,8.92,0.02,0.44,0.78,0.0,0.0,63.63874999999998,0.0,31.4,0.0,4.19,0.0,43.73,0.0,136.59,0.0,2.42,0.96,0.07,169.97,68.59,85.0,126.4,0.01,0.0,0.0,9.021805750042107,127371.6,43.47617279999999,0.748,46.69,5.77,0.1,0.25,0.93,0.69,56.84,9.93,0,20224,156471632,16052,319334112,0,4302,87408,162052,0,61,78,39.8,162077.8,68.0,5508.0,55.05,59.18,59.33,0.13366278248638985,2.3552,big_data
49.12,0.0,9.25,0.02,0.42,0.8,0.0,0.0,62.631016949152524,0.0,0.8,0.0,0.12,0.0,97.44,0.0,156.0,0.0,1.0,0.0,0.0,76.92,37.0,42.4,62.4,0.0,0.0,0.0,9.727710653089774,122854.78,41.93443157333333,0.629,44.66,6.45,0.11,0.29,1.17,0.74,62.05,10.85,0,20224,153148224,16204,319348704,0,130,85468,142660,0,59,69,28.0,142485.6,93.0,5508.0,56.49,59.41,59.4,0.13366278248638985,2.3552,big_data
45.12,0.0,11.23,0.03,0.39,0.7,0.0,0.0,64.61560747663549,0.0,61.6,0.0,8.09,0.0,38.15,0.0,134.47,0.0,2.4,1.92,0.15,64.8,40.01,39.0,60.4,0.0,0.0,0.0,10.371952477265117,111790.26,38.15774208,0.622,44.88,6.8,0.12,0.3,1.18,0.73,62.65,10.18,0,20224,150980992,16340,319370784,0,8294,81000,133399,0,57,56,32.4,133658.2,58.0,5493.0,57.65,59.6,59.46,0.13366278248638985,2.3552,big_data
22.84,0.0,6.65,0.02,0.3,0.54,0.0,0.0,58.34934782608695,0.0,0.6,0.0,0.1,0.0,97.64,0.0,169.33,0.0,0.67,0.0,0.0,24.65,34.93,24.8,44.0,0.0,0.0,0.0,10.833646506336999,73665.22,25.14439509333333,0.9390000000000001,41.19,5.19,0.13,0.33,0.62,0.58,47.34,7.54,0,20224,149283856,16556,319399680,1,155,70317,88136,0,29,2,9.2,88576.0,3.0,5447.0,57.44,59.53,59.44,0.13322597600767613,2.3552,big_data
42.05,0.0,6.72,0.04,0.37,0.69,0.0,0.0,57.13188118811882,0.4,71.4,0.0,9.17,0.0,44.91,4.0,131.5,1.5,1.9,2.32,0.13,561.42,1851.5,268.4,370.8,0.06,0.0,0.0,11.043922859698355,122590.88,41.844353706666666,0.7,47.43,6.57,0.11,0.27,1.01,0.71,57.87,9.85,0,20224,145389520,16824,319407072,2,9406,94536,157464,0,51,72,74.6,156778.6,87.0,5590.0,53.08,58.59,59.13,0.13274063547577206,2.3808,big_data
49.76,0.0,7.73,0.02,0.44,0.8,0.0,0.0,67.41825242718447,0.2,0.6,0.0,0.1,0.0,97.58,4.0,165.33,0.0,0.67,0.0,0.0,59.04,28.6,32.4,48.6,0.0,0.0,0.0,11.799176726208144,120609.46,41.16802901333333,0.6409999999999999,44.78,6.42,0.11,0.26,1.15,0.74,60.75,11.34,0,20224,142773120,16920,319416896,1,118,84887,155281,0,59,69,23.2,155352.2,71.0,5590.0,55.72,59.04,59.28,0.13565267866719666,2.3808,big_data
49.31,0.0,8.15,0.04,0.41,0.81,0.0,0.0,63.0828947368421,0.4,55.6,0.0,7.1,0.0,40.72,4.0,130.83,3.0,1.39,1.76,0.08,124.84,54.36,68.0,99.8,0.0,0.0,0.0,12.369191904468062,129359.4,44.15467520000001,0.657,46.23,6.84,0.12,0.28,1.12,0.73,60.36,10.93,0,20224,139473760,17108,319442048,2,7288,88584,146610,0,58,71,35.2,146594.8,72.0,5588.0,57.02,59.26,59.35,0.13565267866719666,2.3808,big_data
48.5,0.0,7.93,0.01,0.43,0.82,0.0,0.0,64.13546296296299,0.0,0.6,0.0,0.1,0.0,97.67,0.0,172.0,0.0,1.0,0.08,0.0,116.07,48.84,61.0,90.4,0.0,0.0,0.0,12.966043225873639,126896.1,43.313868799999995,0.6779999999999999,44.21,6.37,0.11,0.27,1.07,0.73,58.93,10.8,0,20224,136492240,17232,319464896,0,115,87068,137306,0,58,182,32.6,135789.4,101.0,5590.0,58.06,59.44,59.4,0.13562841164060147,2.3808,big_data
47.96,0.0,8.77,0.01,0.44,0.85,0.0,0.0,61.84724137931031,0.0,0.8,0.0,0.13,0.0,97.59,0.0,166.0,0.0,0.75,0.0,0.0,129.12,55.21,66.6,98.2,0.0,0.0,0.0,13.5031937201575,137851.16,47.05319594666667,0.66,46.33,7.26,0.13,0.3,1.1,0.73,59.48,9.97,0,20224,134326224,17380,319489632,0,138,91616,146178,0,58,76,42.2,147313.0,70.0,5493.0,62.06,60.24,59.67,0.13562841164060147,2.3808,big_data
45.52,0.0,9.8,0.02,0.4,0.8,0.0,0.0,69.37273684210524,0.2,79.2,0.0,9.38,0.0,35.71,4.0,121.33,3.0,1.36,2.24,0.1,82.83,41.42,45.4,68.4,0.0,0.0,0.0,13.889202304099054,123848.06,42.27347114666667,0.606,44.62,7.41,0.13,0.3,1.22,0.74,62.56,10.11,0,20224,132729008,17500,319509472,1,9625,88174,130197,0,56,66,21.8,130536.4,62.0,5486.0,62.86,60.44,59.73,0.13329877708746174,2.3808,big_data
26.22,0.0,7.32,0.03,0.31,0.63,0.0,0.0,52.77298507462687,0.0,2.4,0.0,0.35,0.0,91.67,0.0,150.67,0.0,1.58,0.08,0.0,28.99,40.36,27.8,50.2,0.0,0.0,0.0,14.208336620496759,90575.6,30.91647146666667,0.804,45.41,8.37,0.16,0.36,0.79,0.63,52.73,8.61,0,20224,131320208,17676,319542176,0,423,77695,102528,0,34,11,21.4,103000.6,10.0,5438.0,63.03,60.52,59.76,0.1330803738481049,2.3808,big_data
35.31,0.0,7.15,0.03,0.36,0.7,0.0,0.0,50.77541666666668,1.2,81.0,0.0,10.51,0.0,74.64,4.0,132.89,0.83,2.03,2.56,0.15,2318.63,1872.61,498.8,540.6,0.08,0.0,0.0,14.420784492024165,118149.88,40.32849237333333,0.77,53.29,6.67,0.13,0.28,0.88,0.68,53.1,10.4,0,20224,130079376,19596,319263072,6,10784,96515,165137,0,44,72,140.6,163901.2,96.0,5928.0,58.94,59.71,59.5,0.13184275549174945,2.3808,big_data
47.64,0.0,9.36,0.02,0.45,0.94,0.0,0.0,65.18657407407407,0.0,0.0,0.0,0.0,0.0,0.0,0.0,0.0,0.0,0.0,0.0,0.0,90.03,38.7,47.0,70.0,0.0,0.0,0.0,14.728123309780374,136189.18,46.48590677333333,0.6659999999999999,51.15,7.12,0.14,0.3,1.08,0.72,57.59,12.39,0,20224,128732640,19628,319263136,0,26,98674,153646,0,59,67,26.6,153402.6,77.0,5928.0,60.07,59.93,59.58,0.14385493365637594,2.3552,big_data
47.25,0.0,9.76,0.03,0.41,0.97,0.0,0.0,62.226000000000006,0.0,0.4,0.0,0.01,0.0,80.0,0.0,20.0,0.0,0.0,0.0,0.0,160.06,63.79,83.2,124.4,0.01,0.0,0.0,14.993915920166225,144572.72,49.34748842666667,0.68,51.25,7.42,0.14,0.29,1.04,0.71,56.33,12.27,0,20224,126681408,19652,319263232,0,26,102866,170713,0,58,71,41.2,171386.0,149.0,5928.0,61.26,60.18,59.66,0.14385493365637594,2.3552,big_data
46.69,0.0,9.86,0.01,0.45,0.98,0.0,0.0,61.85879310344826,0.0,0.0,0.0,0.0,0.0,0.0,0.0,0.0,0.0,0.0,0.0,0.0,144.4,58.57,73.6,109.2,0.0,0.0,0.0,15.356605704807205,144428.76,49.29835008000001,0.672,52.66,7.56,0.14,0.29,1.06,0.71,57.03,11.52,0,20224,125883240,19668,319263296,0,15,101587,160223,0,58,78,45.0,160192.6,73.0,5929.0,62.28,60.41,59.74,0.14385493365637594,2.3552,big_data
45.43,0.0,10.93,0.02,0.43,0.92,0.0,0.0,63.32190909090911,0.0,0.0,0.0,0.0,0.0,0.0,0.0,0.0,0.0,0.0,0.0,0.0,102.52,44.58,54.2,80.8,0.0,0.0,0.0,15.519791807212252,134045.68,45.75425877333333,0.6,51.82,8.11,0.15,0.31,1.24,0.74,61.32,11.55,0,20224,124543280,19676,319263328,0,6,97595,159066,0,57,66,25.4,158921.4,74.0,5928.0,63.22,60.64,59.81,0.14385493365637594,2.3552,big_data
