0.12,0.0,0.12,0.62,0.08,0.06,0.0,0.0,0.0,0.0,1.4,0.0,0.01,0.0,0.0,0.0,4.0,0.0,0.14,0.0,0.0,1.26,1.35,4.8,7.0,0.0,0.0,0.0,1.1594527061502604,474.7600000000001,0.16205141333333334,0.762,25.68,2.37,0.45,1.64,0.61,0.46,48.56,0.33,1,15360,520461216,11620,357192,8854,44,35509,6719,2,0,0,26.4,6633.6,2.0,2954.0,5.98,29.76,61.63,0.07141785926968869,1.4592,big_data
0.3,0.0,0.2,0.07,0.08,0.08,0.0,0.0,0.0,2.0,0.0,0.01,0.0,0.0,0.0,4.0,0.0,0.2,0.0,0.08,0.0,42795.33,33.99,949.6,483.2,1.4,0.0,0.0,1.1669794732013694,1426.44,0.48689152,0.9229999999999999,32.5,4.23,0.28,1.36,0.42,0.39,37.33,0.99,0,15360,520073344,11872,737600,535,30,36782,7383,1,0,1,29.4,7443.2,3.0,2959.0,5.58,29.29,61.3,0.07168479656223595,1.5872000000000002,big_data
1.52,0.0,0.24,0.28,0.11,0.05,0.0,0.0,0.0,0.2,102.8,0.0,25.64,0.0,9.35,4.0,255.43,0.0,5.08,6.16,0.51,0.65,1.34,5.2,8.2,0.0,0.0,0.0,1.1685648937618478,3549.5199999999995,1.2115694933333332,1.095,21.24,1.71,0.26,1.26,0.33,0.36,33.79,1.08,1,15360,519696128,12072,830924,6544,26289,41099,22825,0,2,3,45.8,22949.0,5.0,3084.0,5.21,28.82,60.98,0.07180613169521198,1.5872000000000002,big_data
3.25,0.0,0.35,0.11,0.1,0.08,0.0,0.0,30.59,1.0,256.4,0.0,57.66,0.0,5.39,4.0,230.28,0.0,4.78,14.64,1.21,2.21,3.82,17.6,20.8,0.0,0.0,0.0,1.2224881481093668,6892.12,2.3525102933333333,0.992,21.0,2.21,0.38,1.55,0.29,0.29,28.05,1.59,0,15360,518423808,12180,847904,1718,59070,51174,41615,2,4,2,178.0,41708.6,6.0,3470.0,5.12,28.4,60.67,0.07483951001961263,1.5872000000000002,big_data
4.63,0.0,0.42,0.0,0.12,0.09,0.0,0.0,41.51500000000001,0.4,0.6,0.0,0.05,0.0,95.65,4.0,92.0,0.0,0.33,0.0,0.0,3.8,6.21,29.4,33.2,0.0,0.0,0.0,1.46230063630259,9606.74,3.279100586666667,1.024,22.59,2.18,0.36,1.39,0.29,0.3,28.89,1.91,0,15360,516260224,12344,865192,2,101,59219,61011,1,6,6,322.4,61486.2,6.0,4236.0,4.79,27.95,60.35,0.08420658228536179,1.6128,big_data
6.08,0.0,0.55,0.0,0.11,0.08,0.0,0.0,37.068000000000005,0.0,0.4,0.0,0.04,0.0,96.36,0.0,110.0,0.0,0.5,0.0,0.0,4.81,7.26,37.2,41.4,0.0,0.0,0.0,1.871311845286609,12256.6,4.183586133333334,1.033,23.45,2.21,0.35,1.44,0.3,0.31,28.97,1.64,1,15360,513384928,12452,876344,0,88,65741,76339,0,7,3,295.2,76354.6,10.0,4650.0,4.96,27.6,60.07,0.1027951246572889,1.7152,big_data
5.22,0.0,0.42,0.01,0.12,0.07,0.0,0.0,33.59666666666667,0.6,0.4,0.0,0.04,0.0,95.56,4.0,90.0,0.33,0.0,0.0,0.0,4.43,8.79,36.4,39.6,0.0,0.0,0.0,2.4105284663171487,9484.82,3.2374852266666663,1.071,22.93,2.11,0.34,1.37,0.26,0.28,26.88,1.54,1,15360,511115200,12576,889292,2,122,60735,68013,0,6,0,267.0,67217.4,2.0,5151.0,4.89,27.21,59.76,0.11284167366770385,1.8176,big_data
0.04,0.0,0.05,0.0,0.08,0.06,0.0,0.0,0.0,0.0,0.0,0.0,0.0,0.0,0.0,0.0,0.0,0.0,0.0,0.0,0.0,0.38,1.84,3.6,5.4,0.0,0.0,0.0,2.8366964885209223,354.64,0.12105045333333332,0.511,28.65,4.07,0.21,1.11,1.02,0.52,52.91,0.17,0,15360,511144576,12596,889304,0,40,35095,6251,0,0,0,22.0,6250.6,2.0,5149.0,4.49,26.76,59.44,0.1249994539919016,1.8944,big_data
0.04,0.0,0.02,0.0,0.07,0.07,0.0,0.0,0.0,0.0,5.2,0.0,0.11,0.0,81.82,0.0,22.0,0.0,0.58,0.0,0.0,0.58,2.08,5.8,7.4,0.0,0.0,0.0,2.8311547195699243,242.38,0.08273237333333333,0.47700000000000004,28.45,3.88,0.23,1.02,1.21,0.58,58.88,0.13,0,15360,511173280,12604,889328,0,158,35027,6089,0,0,1,9.4,6210.6,2.0,5149.0,4.13,26.31,59.12,0.1249509199387112,1.8944,big_data
1.59,0.0,1.16,0.9,0.14,0.1,0.0,0.0,0.0,0.2,130.4,0.0,32.39,0.0,5.37,4.0,254.35,0.0,5.79,7.84,0.76,283469.48,344.61,7863.2,5010.8,9.29,0.0,0.0,2.8256516194130836,6399.9,2.1844992000000003,0.636,27.27,5.48,0.56,1.43,0.59,0.37,43.14,1.61,15,15360,509616192,12700,2334088,2,36518,172068,257208,0,3,1,37.8,257170.8,2.0,5230.0,3.8,25.87,58.81,0.1249509199387112,1.8944,big_data
17.01,0.0,1.5,6.81,0.23,0.08,0.0,0.0,31.49125,61.8,982.2,12.11,244.3,0.0,4.16,200.58,254.7,6.87,5.53,61.44,5.8,25.75,14.88,56.6,61.8,0.0,0.0,0.0,2.846889127733983,33702.12,11.50365696,1.09,33.69,2.61,0.25,1.27,0.35,0.38,34.2,1.21,0,15360,503446144,13224,3853680,13352,246882,74564,147839,0,19,50,42.6,152173.0,61.0,5315.0,4.78,25.71,58.58,0.1269165490929228,1.92,big_data
67.95,0.0,5.07,4.9,0.44,0.22,0.0,0.0,73.68789062499998,1518.2,1.4,365.97,0.11,2.43,94.49,246.84,82.86,83.11,71.43,77.6,22.03,65.23,26.38,61.8,87.8,0.0,0.0,0.0,3.737482257373504,130266.5,44.46429866666667,1.3780000000000001,39.22,1.54,0.21,0.51,0.29,0.4,30.35,4.85,69,15360,452637024,13348,5829112,396517,166,117326,509356,0,74,51,49.8,505319.2,47.0,5401.0,13.21,27.11,58.85,0.12897924635351524,1.9456,big_data
20.33,0.0,1.83,27.43,0.28,0.11,0.0,0.0,40.06282051282052,1904.4,0.8,472.6,0.06,0.12,94.29,254.12,79.0,132.63,72.25,100.0,32.0,0.74,18.22,7.6,11.6,0.0,0.0,0.0,12.994177427364367,82820.45999999999,28.26938368,1.074,47.19,2.59,0.45,0.55,0.3,0.32,22.14,4.54,68,15360,439808832,13372,8255336,485114,108,50595,44270,0,22,110,15.4,44280.8,30.0,5399.0,18.96,28.07,58.99,0.1310662106407029,1.9968,big_data
28.79,0.0,1.92,22.21,0.29,0.13,0.0,0.0,45.25666666666668,1884.0,0.0,470.28,0.0,0.03,0.0,255.61,0.0,133.98,0.0,100.0,32.0,0.77,14.95,8.8,14.8,0.0,0.0,0.0,14.963255357457175,102406.54,34.95476565333334,1.3459999999999999,48.88,2.13,0.37,0.45,0.26,0.35,23.45,4.83,67,15360,426320672,13392,10669272,481523,54,50371,56508,0,31,30,19.2,56471.4,30.0,5384.0,25.13,29.2,59.19,0.13101767658751248,1.9968,big_data
40.78,0.0,2.13,17.91,0.36,0.16,0.0,0.0,46.732149532710274,1916.2,0.4,471.51,0.01,0.06,80.0,251.97,20.0,132.3,52.0,100.08,32.02,0.7,18.12,7.0,10.4,0.0,0.0,0.0,17.05096459875686,115235.48,39.33371050666667,1.4509999999999998,49.89,1.78,0.3,0.42,0.24,0.35,22.51,4.56,67,15360,418333536,13456,13083644,481974,13,53333,107147,0,44,27,13.6,108309.6,22.0,5397.0,30.8,30.31,59.39,0.13077500632156042,1.9968,big_data
28.8,0.0,1.17,20.63,0.26,0.13,0.0,0.0,40.03015873015871,1907.6,0.4,474.98,0.03,0.0,94.29,254.97,70.0,132.41,39.5,100.16,32.05,0.6,14.44,6.0,9.2,0.0,0.0,0.0,18.11486064884948,89881.88,30.67968170666667,1.5090000000000001,50.68,1.73,0.29,0.5,0.21,0.31,19.19,3.61,66,15360,415415104,13468,15527604,487850,242,47954,61515,0,31,116,20.6,62844.0,129.0,5392.0,35.22,31.23,59.53,0.13096914253432207,1.9968,big_data
43.01,0.0,1.88,18.21,0.29,0.12,0.0,0.0,45.69320000000001,1822.4,32.2,454.1,8.01,0.0,4.17,255.16,254.61,137.9,42.38,100.24,32.08,0.71,18.32,7.2,10.8,0.0,0.0,0.0,18.220227805448502,111081.3,37.91575039999999,1.71,52.65,1.43,0.2,0.37,0.19,0.33,19.56,3.85,69,15360,404966176,13480,17848784,465245,8210,51243,156909,0,45,34,14.8,154237.8,29.0,5382.0,50.74,34.52,60.44,0.13084780740134605,2.0224,big_data
56.09,0.0,2.68,14.5,0.36,0.15,0.0,0.0,59.27468750000003,1834.0,37.8,455.96,9.28,0.07,9.57,254.58,251.45,137.31,38.84,100.16,32.06,0.58,14.39,5.8,8.8,0.0,0.0,0.0,19.744296912042785,125790.0,42.93632,1.827,52.97,1.24,0.17,0.31,0.18,0.33,19.83,3.89,53,15360,393473280,13584,20169676,463578,9310,54315,238859,0,59,197,15.2,244307.8,120.0,5373.0,63.09,37.35,61.22,0.13060513713539398,2.0224,big_data
42.34,0.0,1.82,19.09,0.29,0.14,0.0,0.0,44.70716535433071,1896.2,12.8,468.61,3.12,0.0,31.18,253.06,249.94,132.33,42.33,100.48,32.15,0.72,18.17,7.2,10.8,0.0,0.0,0.0,21.4923000384527,98529.88,33.631532373333336,1.7480000000000002,54.85,1.45,0.21,0.39,0.18,0.31,17.85,3.08,66,15360,386241408,13600,22590808,481518,3514,53749,166219,0,44,21,16.2,160750.6,21.0,5362.0,67.33,38.65,61.51,0.13038673389603714,2.0224,big_data
27.78,0.0,1.67,25.56,0.28,0.13,0.0,0.0,41.41877192982455,1810.2,40.6,450.6,10.06,0.0,5.58,254.9,253.75,139.39,42.41,100.24,32.08,0.59,14.59,6.0,9.2,0.0,0.0,0.0,22.391556494406924,89477.45999999998,30.54163968,1.4980000000000002,58.03,2.16,0.34,0.6,0.21,0.32,20.12,2.85,65,15360,383073056,13616,24905260,462106,10664,51107,74340,0,30,24,19.4,75749.6,136.0,5362.0,69.22,39.52,61.67,0.13011979660348988,2.0224,big_data
32.5,0.0,1.51,22.11,0.29,0.14,0.0,0.0,44.451449275362336,1813.6,50.2,451.1,11.0,0.0,39.37,254.7,224.46,138.31,41.05,100.08,32.02,0.7,18.12,7.0,10.4,0.0,0.0,0.0,22.61469439198989,98448.42,33.60372736,1.713,59.09,1.8,0.28,0.5,0.18,0.31,17.62,2.63,65,15360,380741792,13632,27213940,461215,10615,51298,116768,0,35,153,10.8,117956.8,27.0,5362.0,71.13,40.41,61.84,0.13011979660348988,2.0224,big_data
52.32,0.0,1.63,16.33,0.31,0.12,0.0,0.0,54.3784375,1839.8,30.6,455.51,6.82,0.0,31.7,253.53,228.21,136.36,41.92,100.24,32.08,0.6,14.44,6.0,9.2,0.0,0.0,0.0,22.55622793343463,107160.96,36.57760768,2.046,58.17,1.07,0.14,0.27,0.14,0.29,14.37,2.28,62,15360,376152864,13652,29551072,467462,7278,52702,281163,0,54,105,20.6,279468.2,26.0,5362.0,72.0,41.1,61.95,0.13011979660348988,2.0224,big_data
64.08,0.0,2.4,11.91,0.32,0.13,0.0,0.0,66.94328125,1807.8,47.6,448.77,11.82,0.01,7.75,254.2,254.22,138.95,41.92,100.56,32.18,0.71,18.32,7.2,10.8,0.0,0.0,0.0,23.03042563082925,111622.2,38.1003776,2.026,57.15,1.01,0.13,0.25,0.16,0.32,17.14,2.57,65,15360,368080416,13668,31858088,459251,12106,55026,515338,0,67,78,14.0,519854.2,114.0,5344.0,73.36,41.9,62.1,0.13011979660348988,2.0224,big_data
42.28,0.0,1.76,19.21,0.29,0.14,0.0,0.0,45.137154471544726,1817.0,39.4,451.72,9.85,0.0,0.0,254.57,256.0,138.4,43.34,100.24,32.08,0.61,14.39,6.0,8.8,0.0,0.0,0.0,24.081705039063248,100315.86,34.24114688,1.8,59.32,1.54,0.22,0.41,0.17,0.31,18.0,2.37,64,15360,364160416,13676,34179304,463281,10038,53279,188860,0,44,67,17.6,183782.8,27.0,5328.0,74.69,42.7,62.25,0.1296829901247762,2.0224,big_data
30.85,0.0,0.98,24.29,0.28,0.13,0.0,0.0,42.02373134328358,1814.8,35.2,450.41,8.71,0.01,7.85,254.15,253.48,138.39,42.64,100.0,32.0,0.72,18.17,7.2,10.8,0.0,0.0,0.0,24.373972125637646,91575.26,31.257688746666666,1.675,59.79,1.93,0.3,0.54,0.18,0.3,17.45,2.27,66,15360,361868608,13696,36488824,460383,9233,50688,88279,0,32,21,16.2,88198.8,79.0,5328.0,77.92,43.9,62.53,0.1292947176992529,2.0224,big_data
25.75,0.0,1.39,25.22,0.27,0.13,0.0,0.0,39.321525423728815,1777.0,42.8,441.33,10.62,0.1,10.08,254.32,254.09,141.58,42.43,100.08,32.03,0.59,14.6,6.0,9.4,0.0,0.0,0.0,24.38176805782456,85390.4,29.146589866666666,1.672,60.23,2.08,0.33,0.58,0.18,0.31,18.27,2.29,67,15360,359894336,13772,38754840,453150,10469,48893,60077,0,28,16,16.8,61083.6,14.0,5328.0,78.41,44.56,62.64,0.1292947176992529,2.0224,big_data
33.44,0.0,1.21,20.56,0.28,0.13,0.0,0.0,43.01876712328769,1819.8,37.4,451.67,9.27,0.01,10.53,254.16,253.78,137.7,43.4,100.0,32.0,0.7,18.12,7.0,10.4,0.0,0.0,0.0,24.315635321274556,93580.74,31.94222592,1.766,59.81,1.76,0.26,0.47,0.17,0.31,17.77,2.47,66,15360,356995936,13792,41074180,462295,9443,49245,131581,0,35,21,13.2,130730.0,108.0,5328.0,85.66,46.63,63.22,0.1292947176992529,2.0224,big_data
39.85,0.0,1.35,18.29,0.27,0.13,0.0,0.0,43.23929824561407,1830.4,25.4,455.09,6.26,0.02,11.81,254.6,252.57,137.69,42.03,100.08,32.02,0.6,14.45,6.0,9.4,0.0,0.0,0.0,24.429189647271983,104685.0,35.732479999999995,1.864,57.66,1.49,0.22,0.39,0.16,0.3,16.69,2.7,67,15360,353526720,13808,43408836,465673,6578,50019,143432,0,42,191,20.6,145208.8,102.0,5327.0,86.01,47.35,63.36,0.1292947176992529,2.0224,big_data
36.32,0.0,1.29,20.47,0.26,0.14,0.0,0.0,42.184574468085096,1819.2,33.4,451.92,8.27,0.01,13.02,254.38,253.58,138.04,42.47,100.0,32.0,0.71,18.32,7.2,10.8,0.0,0.0,0.0,24.676930754690893,98090.82,33.481666559999994,1.754,58.47,1.69,0.24,0.42,0.18,0.32,19.24,2.74,64,15360,350369440,13824,45721608,461582,8657,50263,115835,0,38,23,12.4,113562.6,19.0,5327.0,86.57,48.11,63.52,0.12927045067265772,2.0224,big_data
34.47,0.0,1.26,18.88,0.29,0.13,0.0,0.0,44.06391891891894,1844.8,22.2,457.47,5.47,0.19,21.28,253.93,252.54,136.88,43.51,100.16,32.05,0.58,14.4,5.8,9.0,0.0,0.0,0.0,24.80126533393025,95862.36,32.72101888,1.796,59.66,1.73,0.25,0.45,0.17,0.31,17.44,2.33,68,15360,348104288,13940,48083652,470635,5354,50367,135865,0,36,27,17.6,136088.2,21.0,5327.0,86.77,48.79,63.66,0.12927045067265772,2.0224,big_data
37.64,0.0,1.25,18.44,0.28,0.14,0.0,0.0,41.868285714285705,1840.6,24.0,457.7,5.92,0.0,18.37,254.64,252.7,136.7,43.24,100.08,32.02,0.72,18.17,7.2,10.8,0.0,0.0,0.0,24.786650046161817,98987.94,33.78788352,1.911,60.48,1.4,0.2,0.36,0.15,0.29,14.64,1.99,59,15360,345660736,13984,50427744,468611,6170,50078,155819,0,40,193,16.8,172296.0,189.0,5328.0,88.87,49.85,63.92,0.12927045067265772,2.0224,big_data
60.59,0.0,2.16,12.28,0.3,0.12,0.0,0.0,63.166406250000016,1829.8,35.2,454.51,7.49,0.0,33.08,254.36,217.89,137.57,41.55,100.16,32.05,0.59,14.6,6.0,9.4,0.0,0.0,0.0,24.802693804679144,113377.62,38.69956095999999,2.074,59.62,1.03,0.13,0.24,0.14,0.3,15.31,2.2,61,15360,338374880,14024,52753056,463914,7673,52989,539912,0,64,138,17.0,540121.6,246.0,5328.0,107.54,54.37,65.31,0.1292947176992529,2.0224,big_data
58.77,0.0,2.1,12.12,0.3,0.14,0.0,0.0,61.303515625,1814.8,39.2,450.54,9.73,0.0,16.95,254.22,254.24,137.96,42.63,100.96,32.31,0.7,18.12,7.0,10.4,0.0,0.0,0.0,25.760062634348003,107354.38,36.643628373333335,1.996,59.89,1.13,0.14,0.27,0.15,0.31,16.66,2.24,63,15360,331756352,14036,55069468,461961,9866,53421,411155,0,62,30,13.2,394785.8,28.0,5328.0,119.5,57.74,66.34,0.1292947176992529,1.9968,big_data
45.09,0.0,1.56,15.62,0.28,0.13,0.0,0.0,47.06054687499998,1825.0,35.0,453.15,8.67,0.02,14.63,254.26,253.81,138.19,41.96,100.08,32.02,0.81,14.86,9.2,15.8,0.0,0.0,0.0,26.55206019563605,103204.9,35.22727253333333,1.857,60.54,1.44,0.2,0.37,0.17,0.32,18.6,2.42,66,15360,324159360,14060,57399192,464510,9041,52056,253406,0,47,27,20.6,254835.0,104.0,5327.0,123.71,59.63,66.91,0.1292947176992529,1.9968,big_data
32.36,0.0,1.0,19.59,0.27,0.13,0.0,0.0,42.40375,1834.4,28.2,455.96,6.97,0.0,16.57,254.53,253.22,137.16,45.15,100.16,32.05,0.71,18.32,7.2,10.8,0.0,0.0,0.0,27.563398530563077,93342.1,31.86077013333333,1.6380000000000001,61.31,2.17,0.33,0.58,0.2,0.33,20.69,2.47,70,15360,320916352,14076,59739268,467082,6998,50034,152237,0,33,22,14.0,150441.0,20.0,5328.0,120.93,60.12,67.03,0.12927045067265772,1.9968,big_data
33.41,0.0,1.2,20.87,0.29,0.14,0.0,0.0,41.20036585365854,1829.4,31.6,453.92,7.81,0.0,31.9,254.08,253.09,137.43,42.39,100.32,32.1,0.58,14.4,5.8,9.0,0.0,0.0,0.0,27.72722153075426,97330.92,33.22228736,1.705,61.24,1.9,0.29,0.5,0.19,0.32,19.71,2.46,68,15360,317321440,14212,62076868,464225,8084,50040,133057,0,35,26,17.6,133111.4,20.0,5324.0,117.97,60.52,67.12,0.12927045067265772,1.9968,big_data
28.51,0.0,1.01,23.92,0.25,0.13,0.0,0.0,44.30759259259259,1823.4,30.2,452.86,7.55,0.01,0.0,254.32,256.0,137.76,42.85,100.08,32.02,3.35,19.45,9.2,13.4,0.0,0.0,0.0,27.97348336724372,97202.02,33.17828949333333,1.679,59.95,2.07,0.31,0.55,0.19,0.31,18.89,2.47,60,15360,314485600,14444,64766828,463682,7787,49493,77685,0,30,127,16.6,83675.0,104.0,5326.0,115.65,60.99,67.23,0.12919764959287208,1.9968,big_data
37.39,0.0,1.42,19.22,0.27,0.13,0.0,0.0,44.99651685393258,1820.8,35.2,451.35,8.7,0.01,42.3,253.83,253.2,138.51,41.38,100.08,32.02,15.94,20.96,14.4,21.0,0.0,0.0,0.0,27.99734959535571,98477.8,33.61375573333333,1.7990000000000002,58.99,1.71,0.24,0.44,0.17,0.3,16.86,2.2,65,15360,310494976,14848,67779472,461763,8917,51345,135143,0,39,29,19.4,129156.8,28.0,5332.0,113.6,61.47,67.36,0.12924618364606252,1.9968,big_data
35.26,0.0,1.29,20.34,0.28,0.11,0.0,0.0,43.22000000000001,1806.6,32.6,448.29,8.08,0.07,57.55,254.09,253.69,138.91,43.27,100.0,32.0,12.76,23.15,13.2,19.0,0.0,0.0,0.0,28.177846427945493,99789.74,34.06156458666667,1.768,60.4,1.87,0.26,0.51,0.17,0.31,17.8,2.33,62,15360,307948128,15004,70487216,458863,8378,50602,133943,0,37,217,15.6,136774.0,33.0,5332.0,111.47,61.9,67.46,0.12934325175244332,1.9968,big_data
32.53,0.0,1.82,18.97,0.28,0.15,0.0,0.0,43.35643835616438,1814.0,36.6,450.08,9.06,0.03,51.84,254.07,253.42,138.5,44.25,100.08,32.02,9.38,18.11,10.0,15.0,0.0,0.0,0.0,28.155511787366823,94055.04,32.10412032,1.777,61.28,1.99,0.29,0.53,0.17,0.3,17.78,2.11,67,15360,305222720,15060,73012184,461369,9178,49890,131923,0,34,22,21.8,130496.0,141.0,5332.0,110.31,62.48,67.62,0.12939178580563376,1.9968,big_data
26.64,0.0,0.98,19.36,0.26,0.12,0.0,0.0,42.449272727272735,1835.6,24.8,456.19,6.11,0.01,51.75,254.49,252.16,137.09,43.36,100.16,32.05,0.72,18.35,7.4,11.2,0.0,0.0,0.0,28.19108252872229,92937.5,31.722666666666665,1.652,61.85,2.3,0.35,0.61,0.19,0.31,18.8,2.3,65,15360,302937120,15080,75354288,467702,6462,47961,78499,0,28,28,12.6,77563.8,110.0,5333.0,108.84,62.97,67.75,0.12939178580563376,1.9968,big_data
32.91,0.0,1.03,17.45,0.28,0.13,0.0,0.0,43.35492753623188,1879.0,26.0,465.72,3.11,0.03,71.37,253.81,122.52,133.89,42.19,100.08,32.02,3.8,15.7,7.6,11.8,0.0,0.0,0.0,28.17484390981088,99702.92,34.03193002666667,1.7830000000000001,61.77,1.93,0.28,0.48,0.17,0.3,17.66,2.33,61,15360,299802304,15152,77909408,476918,2998,48715,113542,0,34,29,18.2,113392.0,105.0,5330.0,106.93,63.34,67.85,0.12939178580563376,1.9968,big_data
32.61,0.0,1.31,19.48,0.26,0.12,0.0,0.0,44.43686567164182,1835.8,27.4,455.8,6.76,0.03,49.26,254.24,252.53,137.03,43.2,100.08,32.02,7.13,20.84,11.6,16.8,0.0,0.0,0.0,28.28994422936297,96805.54,33.04295765333334,1.7790000000000001,60.81,1.93,0.27,0.5,0.17,0.31,18.03,2.45,65,15360,296399424,15208,80478608,467518,6923,48581,101434,0,35,26,17.4,101433.0,27.0,5331.0,108.7,64.43,68.17,0.12934325175244332,1.9968,big_data
30.7,0.0,1.3,18.53,0.26,0.13,0.0,0.0,42.46953846153844,1828.8,28.6,454.51,7.08,0.02,41.87,254.49,253.59,137.59,41.84,100.0,32.0,1.3,14.78,7.2,11.2,0.0,0.0,0.0,28.534554680878387,91531.66,31.242806613333336,1.75,62.06,2.1,0.31,0.54,0.18,0.31,18.49,2.35,65,15360,292766816,15224,82819720,466393,7257,48260,95079,0,33,95,17.4,94781.8,21.0,5333.0,106.96,64.8,68.28,0.12936751877903852,1.9968,big_data
29.16,0.0,1.08,18.22,0.26,0.14,0.0,0.0,41.25704918032787,1840.6,24.6,457.57,6.07,0.04,16.89,254.56,252.72,136.36,43.11,100.08,32.02,0.72,18.18,7.4,11.2,0.0,0.0,0.0,28.69268730263514,98314.52,33.55802282666666,1.743,62.51,2.18,0.32,0.55,0.18,0.32,18.98,2.46,64,15360,289175584,15244,85159408,466972,6580,48171,97456,0,30,27,13.2,97240.4,25.0,5330.0,105.36,65.17,68.38,0.12951312093860975,1.9968,big_data
26.82,0.0,0.84,17.77,0.26,0.11,0.0,0.0,43.042692307692306,1842.2,25.2,457.31,6.13,0.0,20.25,254.2,249.02,137.46,42.83,100.0,32.0,1.91,14.69,7.4,11.6,0.0,0.0,0.0,28.93197207551985,93998.88,32.08495104000001,1.662,62.37,2.38,0.36,0.61,0.19,0.32,19.58,2.49,63,15360,285757696,15260,87506216,468314,5971,48116,75134,0,28,32,20.8,77360.0,98.0,5330.0,104.05,65.57,68.49,0.12934325175244332,1.9968,big_data
27.9,0.0,1.04,17.79,0.25,0.15,0.0,0.0,42.757857142857155,1833.8,29.4,455.12,7.23,0.02,18.33,254.14,251.76,137.02,43.13,100.0,32.0,3.3,18.76,9.6,14.4,0.0,0.0,0.0,29.16404170634167,92985.46,31.73903701333333,1.714,62.73,2.26,0.34,0.59,0.18,0.32,19.19,2.51,64,15360,282329536,15280,89840032,466650,7405,47589,89031,0,29,25,13.2,87903.8,112.0,5336.0,109.65,67.37,69.05,0.12934325175244332,1.9968,big_data
32.62,0.0,1.4,16.88,0.28,0.13,0.0,0.0,42.07445945945946,1837.4,24.6,457.01,6.08,0.02,21.66,254.69,253.01,137.02,41.59,100.0,32.0,3.74,14.93,8.6,13.4,0.0,0.0,0.0,29.38157338698338,95701.36,32.66606421333333,1.786,62.0,1.88,0.26,0.51,0.17,0.31,17.92,2.44,65,15360,278117952,15300,92188208,467706,6182,48115,113222,0,35,36,20.0,115290.0,117.0,5337.0,108.16,67.76,69.17,0.12961018904499058,1.9712,big_data
37.72,0.0,1.15,15.98,0.29,0.13,0.0,0.0,44.056521739130446,1848.0,23.2,458.86,5.62,0.01,17.73,254.26,248.17,136.2,42.75,100.0,32.0,4.55,18.94,11.8,17.6,0.0,0.0,0.0,29.737040447444958,101743.4,34.72841386666666,1.806,62.59,1.82,0.25,0.5,0.18,0.33,19.54,2.63,67,15360,273077312,15328,94541424,469730,5775,49415,145413,0,40,18,17.8,144836.8,20.0,5344.0,111.51,69.12,69.61,0.12956165499180014,1.9712,big_data
32.27,0.0,1.15,18.8,0.26,0.13,0.0,0.0,42.848873239436614,1837.0,25.0,455.92,5.83,0.01,18.83,254.14,238.78,137.17,43.02,100.08,32.02,7.52,15.89,13.57,20.96,0.0,0.0,0.0,30.227878615925576,97573.9,33.30522453333333,1.6540000000000001,62.89,2.19,0.31,0.65,0.2,0.33,20.93,2.62,66,15360,268189232,15448,96917136,467236,6010,49535,111892,0,34,95,16.97,109535.93,93.0,5351.0,109.47,69.4,69.7,0.1296829901247762,1.9712,big_data
30.03,0.0,1.16,18.37,0.25,0.13,0.0,0.0,42.65238095238095,1837.2,26.6,456.18,6.56,0.02,36.36,254.26,252.6,136.9,43.9,100.16,32.05,6.9,19.92,11.4,17.2,0.0,0.0,0.0,30.713729268171463,96652.34,32.99066538666667,1.666,62.29,2.16,0.31,0.65,0.2,0.33,21.49,2.6,66,15360,263611424,15464,99436208,467438,6826,48565,87930,0,32,24,15.4,87678.0,27.0,5349.0,107.83,69.73,69.8,0.12990139336413306,1.9712,big_data
36.15,0.0,1.33,16.85,0.26,0.12,0.0,0.0,41.7949504950495,1821.8,32.6,453.74,8.05,0.0,43.6,255.04,252.91,137.59,41.68,100.08,32.03,3.09,14.87,8.2,13.2,0.0,0.0,0.0,31.07088789882454,99420.6,33.9355648,1.766,61.91,1.87,0.25,0.53,0.19,0.33,20.2,2.52,61,15360,258106688,15700,102058536,465052,8299,49532,128370,0,38,24,20.8,128173.6,26.0,5345.0,106.64,70.12,69.92,0.12980432525775226,1.9712,big_data
56.44,0.0,2.16,11.36,0.31,0.15,0.0,0.0,59.05796874999999,1823.8,33.0,453.33,7.94,0.01,64.05,254.53,246.33,138.03,41.69,100.16,32.05,10.18,21.39,13.2,20.0,0.0,0.0,0.0,31.61963903135581,121386.96,41.43341568,1.8630000000000002,59.72,1.5,0.18,0.4,0.18,0.33,19.85,2.41,49,15360,250253568,16720,105564952,461786,7832,53126,357733,0,60,48,12.4,357898.8,48.0,5340.0,111.56,71.74,70.45,0.1297072571513714,1.9712,big_data
45.23,0.0,2.93,16.17,0.31,0.12,0.0,0.0,53.68592233009707,1767.0,58.6,437.75,9.66,0.06,73.39,253.68,168.82,142.08,43.22,100.16,32.05,28.42,25.38,19.6,28.4,0.0,0.0,0.0,32.43638537911663,119999.08,40.95968597333333,1.632,58.71,2.18,0.25,0.55,0.22,0.36,24.18,2.46,44,15360,243946192,17876,110664768,447002,10148,53089,106561,0,48,46,23.6,107343.4,74.0,5326.0,110.47,72.18,70.6,0.1295859220183954,1.9712,big_data
28.44,0.0,2.64,23.57,0.28,0.11,0.0,0.0,49.93683333333333,1787.8,52.0,441.87,12.98,0.15,69.8,253.09,255.55,140.13,45.4,100.16,32.05,52.68,39.92,34.2,48.8,0.0,0.0,0.0,32.70749684422833,100435.7,34.28205226666667,1.442,60.75,3.23,0.41,0.73,0.25,0.36,25.55,2.45,56,15360,238857184,18136,115440312,454134,13606,52104,57067,0,31,35,24.2,56504.6,84.0,5339.0,111.23,72.97,70.87,0.12936751877903852,1.92,big_data
24.59,0.0,2.29,23.94,0.27,0.12,0.0,0.0,47.49183673469387,1824.6,32.8,452.07,8.15,0.09,0.0,253.71,254.46,137.87,47.64,100.16,32.05,27.81,25.79,19.4,28.2,0.0,0.0,0.0,32.731346391684035,94805.12,32.36014762666667,1.4409999999999998,59.84,3.17,0.46,0.8,0.24,0.34,24.17,2.54,63,15360,235087968,18216,119095776,464697,8000,48988,51770,0,28,25,20.0,51498.4,30.0,5341.0,109.77,73.3,70.98,0.12956165499180014,1.92,big_data
25.5,0.0,1.2,25.27,0.28,0.13,0.0,0.0,46.417090909090916,1831.6,28.6,454.62,7.06,0.07,73.22,254.17,252.84,137.14,50.46,100.08,32.05,12.15,23.07,13.2,19.2,0.0,0.0,0.0,32.74753648504983,99311.82,33.89843456,1.473,59.76,2.99,0.43,0.75,0.23,0.34,23.3,2.66,59,15360,231673792,18308,122482912,464941,7326,47892,48865,0,28,32,18.2,48977.2,33.0,5340.0,114.28,74.84,71.5,0.12961018904499058,1.92,big_data
25.78,0.0,1.05,23.0,0.25,0.12,0.0,0.0,43.1248076923077,1837.2,26.8,455.68,6.39,0.01,69.12,253.98,244.06,137.0,49.75,100.08,32.02,14.17,19.87,15.0,22.0,0.0,0.0,0.0,32.75897486600409,95390.42,32.55993002666667,1.5430000000000001,60.44,2.8,0.43,0.7,0.21,0.33,21.84,2.76,63,15360,229006384,18336,125004688,466418,6444,48317,54146,0,27,20,22.4,53885.4,17.0,5346.0,112.25,75.08,71.59,0.1296344560715858,1.92,big_data
24.02,0.0,0.75,23.84,0.23,0.13,0.0,0.0,41.81399999999999,1813.8,35.4,449.7,8.79,0.0,39.59,253.88,254.35,138.34,47.03,100.08,32.03,0.76,18.42,8.0,12.4,0.0,0.0,0.0,32.7780810413764,91791.74,31.33158058666667,1.6269999999999998,61.88,2.64,0.4,0.69,0.2,0.32,20.8,2.58,68,15360,226577152,18352,127319144,462290,9111,46395,50114,0,25,19,12.4,50106.2,19.0,5341.0,109.91,75.21,71.65,0.1297072571513714,1.92,big_data
23.75,0.0,0.87,24.26,0.25,0.14,0.0,0.0,43.356842105263155,1814.2,31.0,451.18,7.68,0.02,16.67,254.66,253.55,138.34,44.41,100.16,32.05,0.64,14.52,6.8,10.8,0.0,0.0,0.0,32.799904647302874,90533.52,30.90210816,1.639,61.13,2.62,0.4,0.7,0.2,0.33,21.04,2.61,66,15360,224255696,18380,129633080,461920,8020,46617,49062,0,25,22,20.6,49047.6,22.0,5335.0,108.63,75.52,71.77,0.1295859220183954,1.92,big_data
25.52,0.0,1.28,25.48,0.29,0.12,0.0,0.0,43.81730769230769,1826.8,26.6,454.24,6.33,0.02,34.8,254.62,243.64,138.18,44.75,100.16,32.05,4.05,19.54,9.8,14.4,0.0,0.0,0.0,32.80197153226121,95847.42,32.71591936,1.579,61.94,2.81,0.44,0.73,0.21,0.33,21.73,2.64,66,15360,221762112,18400,132171560,464390,6334,47488,62686,0,28,25,15.6,62694.4,21.0,5337.0,107.3,75.8,71.88,0.12946458688541934,1.92,big_data
24.91,0.0,1.09,25.18,0.24,0.14,0.0,0.0,41.31745098039215,1829.0,28.8,453.33,7.12,0.02,36.84,253.81,253.08,137.4,42.03,100.0,32.0,0.59,14.59,6.0,9.2,0.0,0.0,0.0,32.79501190752441,91912.2,31.372697600000002,1.63,61.58,2.57,0.41,0.7,0.19,0.32,20.32,2.35,65,15360,219360928,18432,134525152,464581,7858,47361,60922,0,26,17,15.2,60878.6,18.0,5334.0,105.52,75.95,71.95,0.12948885391201456,1.92,big_data
22.96,0.0,0.89,26.69,0.25,0.11,0.0,0.0,42.70404761904762,1869.0,18.2,463.59,4.46,0.0,45.18,253.99,250.99,135.38,42.21,100.0,32.0,3.84,19.49,9.4,13.8,0.0,0.0,0.0,32.8099335127995,92045.6,31.41823146666667,1.5290000000000001,62.63,3.03,0.48,0.79,0.21,0.33,21.93,2.52,66,15360,216757424,18464,137088528,475340,3759,47286,65032,0,24,23,16.6,65330.2,102.0,5335.0,104.43,76.22,72.06,0.12944031985882415,1.92,big_data
26.12,0.0,0.93,24.45,0.23,0.15,0.0,0.0,41.08641509433962,1868.2,18.4,464.19,4.35,0.02,55.56,254.43,241.83,133.94,41.55,100.0,32.0,0.61,15.16,6.2,9.6,0.0,0.0,0.0,32.810716745434114,94698.88,32.32388437333333,1.601,61.65,2.71,0.42,0.71,0.21,0.33,22.28,2.54,66,15360,213730544,18500,139737504,475152,4851,47809,76791,0,27,16,19.6,76517.8,18.0,5338.0,103.2,76.43,72.15,0.12951312093860975,1.92,big_data
27.03,0.0,1.85,20.48,0.27,0.12,0.0,0.0,40.720833333333346,1875.4,24.8,466.0,3.2,0.01,66.76,254.44,131.94,134.7,41.61,100.0,32.0,0.74,18.69,7.6,11.6,0.0,0.0,0.0,32.88555147709297,98395.34,33.58560938666667,1.719,62.08,2.26,0.35,0.6,0.19,0.32,20.33,2.39,63,15360,211375712,18520,142118608,477133,2922,47482,100916,0,29,104,10.4,105091.0,126.0,5331.0,105.5,77.35,72.47,0.12941605283222896,1.92,big_data
29.08,0.0,0.99,22.98,0.27,0.15,0.0,0.0,41.63633333333335,1862.8,26.4,462.19,3.9,0.02,85.22,254.07,151.15,135.25,42.92,100.32,32.1,0.58,14.01,5.8,8.8,0.0,0.0,0.0,32.881230428898725,94265.02,32.17579349333333,1.771,62.64,2.18,0.33,0.58,0.18,0.33,20.16,2.28,65,15360,208008768,18548,144493168,472900,4560,47521,117720,0,30,93,21.0,114421.4,100.0,5331.0,104.82,77.68,72.6,0.12936751877903852,1.92,big_data
26.53,0.0,0.9,26.01,0.27,0.12,0.0,0.0,43.287,1787.6,53.0,444.15,13.12,0.03,23.19,254.42,253.4,139.3,41.25,100.08,32.02,0.73,18.52,7.4,11.2,0.0,0.0,0.0,32.799616526875816,90078.9,30.7469312,1.7209999999999999,61.43,2.41,0.38,0.64,0.19,0.32,19.86,2.3,64,15360,206741296,18572,146903520,455579,13182,46962,68597,0,27,23,13.8,67701.2,22.0,5335.0,103.47,77.85,72.69,0.12936751877903852,1.92,big_data
23.02,0.0,0.76,29.36,0.27,0.12,0.0,0.0,41.528269230769226,1808.0,40.4,449.18,10.0,0.0,24.63,254.41,253.56,139.42,41.46,100.16,32.05,0.59,14.21,6.0,9.2,0.0,0.0,0.0,32.852701957349915,90789.98,30.989646506666666,1.53,62.27,3.1,0.51,0.86,0.22,0.33,22.36,2.59,62,15360,204467328,18600,149208416,459261,10304,47116,66370,0,24,19,16.4,66360.6,21.0,5328.0,102.4,78.05,72.78,0.12934325175244332,1.92,big_data
22.58,0.0,0.75,28.51,0.27,0.14,0.0,0.0,41.56162790697673,1815.8,35.6,450.31,8.83,0.0,15.64,253.95,253.91,138.85,42.08,100.08,32.02,0.7,17.36,7.0,10.4,0.0,0.0,0.0,32.84690088001456,91555.4,31.250909866666664,1.567,62.98,2.96,0.48,0.8,0.21,0.33,21.78,2.55,63,15360,202028224,18616,151640704,460319,9046,47275,53227,0,24,21,15.8,53252.8,24.0,5324.0,100.76,78.12,72.83,0.1292947176992529,1.92,big_data
20.28,0.0,0.69,27.35,0.24,0.13,0.0,0.0,40.68829268292683,1817.4,31.8,450.79,7.77,0.01,35.1,254.0,250.24,137.78,43.53,100.24,32.08,1.31,14.94,7.2,11.0,0.0,0.0,0.0,32.850541054146966,86052.04000000001,29.372429653333334,1.53,62.62,3.2,0.53,0.86,0.22,0.33,22.44,2.59,65,15360,199411168,18632,153963920,462785,7869,46465,48771,0,21,25,19.4,49218.6,22.0,5327.0,99.1,78.15,72.87,0.12914911553968167,1.92,big_data
21.59,0.0,0.65,24.11,0.25,0.13,0.0,0.0,39.94468085106383,1836.6,23.0,457.11,5.42,0.01,16.06,254.86,241.43,136.86,41.51,100.08,32.03,1.4,17.34,8.2,12.2,0.0,0.0,0.0,32.90283718629325,92261.82,31.49203456,1.493,62.44,3.2,0.53,0.87,0.22,0.33,22.66,2.82,61,15360,196854176,18648,156305248,467206,5599,46209,46694,0,23,22,13.0,46218.2,22.0,5323.0,97.81,78.23,72.92,0.12914911553968167,1.92,big_data
20.23,0.0,0.8,26.52,0.25,0.13,0.0,0.0,40.93697674418604,1836.6,26.0,455.7,6.28,0.01,22.16,254.08,247.45,137.26,40.72,100.08,32.02,0.59,14.04,6.0,9.2,0.0,0.0,0.0,33.00002854666863,87173.01999999999,29.75505749333333,1.4980000000000002,63.27,3.32,0.55,0.88,0.22,0.33,22.88,2.67,62,15360,194167776,18668,158649888,467812,6387,46124,42942,0,21,18,21.0,42943.0,20.0,5322.0,100.63,79.14,73.25,0.1291733825662769,1.92,big_data
21.44,0.0,0.85,28.35,0.27,0.13,0.0,0.0,41.15022222222222,1809.2,40.2,448.96,9.39,0.02,15.9,254.11,239.2,139.59,43.07,100.08,32.02,2.02,17.25,8.4,12.6,0.0,0.0,0.0,33.007363486172245,90226.66,30.79736661333333,1.5190000000000001,63.67,3.32,0.54,0.87,0.22,0.33,22.84,2.62,64,15360,191761904,18684,160953152,459621,9669,46582,54428,0,22,26,14.0,54428.0,25.0,5327.0,99.14,79.19,73.29,0.12914911553968167,1.92,big_data
20.81,0.0,1.03,26.44,0.25,0.13,0.0,0.0,41.44704545454545,1824.6,28.6,453.76,6.83,0.01,14.88,254.66,244.36,137.19,42.43,100.08,32.02,0.59,14.21,6.0,9.2,0.0,0.0,0.0,33.01707996846901,90896.08,31.02586197333333,1.526,62.99,3.08,0.49,0.82,0.22,0.33,22.07,2.68,60,15360,189284448,18704,163279120,464483,6993,46441,46734,0,22,25,16.2,46960.8,25.0,5322.0,97.76,79.23,73.34,0.12914911553968167,1.92,big_data
21.78,0.0,0.73,23.39,0.25,0.13,0.0,0.0,42.66488372093024,1825.4,30.0,452.95,7.43,0.0,19.79,254.09,253.63,138.25,42.91,100.0,32.0,2.66,17.41,9.6,14.4,0.0,0.0,0.0,33.059746812658304,91660.14,31.28666112,1.4469999999999998,63.84,3.41,0.53,0.85,0.25,0.36,26.35,2.8,63,15360,186630352,18732,165610400,464510,7612,46326,56792,0,23,21,16.6,56599.8,20.0,5323.0,96.66,79.31,73.4,0.12914911553968167,1.92,big_data
25.43,0.0,0.97,18.77,0.24,0.13,0.0,0.0,43.2922,1818.0,30.4,451.65,7.6,0.0,32.14,254.4,256.0,138.25,42.32,100.0,32.0,1.79,14.28,7.2,11.0,0.0,0.0,0.0,33.12257829568351,93721.18,31.99016277333333,1.66,64.22,2.6,0.38,0.67,0.2,0.33,21.54,2.43,62,15360,184165728,18756,168037920,462250,7641,46029,80411,0,26,18,19.2,80864.2,59.0,5323.0,95.65,79.39,73.45,0.1291733825662769,1.92,big_data
27.17,0.0,1.32,18.72,0.25,0.13,0.0,0.0,44.02226415094339,1822.0,30.8,452.62,7.55,0.01,41.22,254.38,250.86,138.14,45.21,100.0,32.0,1.43,17.69,8.6,12.8,0.0,0.0,0.0,33.166289955526715,94230.8,32.164113066666665,1.682,63.86,2.47,0.35,0.61,0.2,0.34,21.99,2.6,59,15360,179919760,18540,170603872,463354,8091,46330,84225,0,29,21,11.2,83717.8,22.0,5319.0,94.63,79.45,73.51,0.12912484851308648,1.92,big_data
34.96,0.0,1.76,15.77,0.27,0.13,0.0,0.0,47.74194444444446,1828.4,30.6,454.07,7.65,0.0,45.16,254.3,256.0,137.41,41.49,100.32,32.1,1.89,16.07,8.0,12.6,0.0,0.0,0.0,33.450760351702534,102966.58,35.14592597333333,1.7269999999999999,63.65,2.34,0.33,0.55,0.19,0.33,20.43,2.43,59,15360,175247104,18572,173575248,463962,7774,47642,102212,0,37,20,21.2,102217.8,21.0,5315.0,94.34,79.64,73.6,0.12907631445989606,1.9456,big_data
24.62,0.0,1.07,20.59,0.24,0.14,0.0,0.0,45.78413043478263,1811.0,33.8,449.72,8.38,0.02,57.43,254.29,253.94,137.73,44.33,100.0,32.0,0.76,18.05,7.8,11.6,0.0,0.0,0.0,33.75505494968337,94436.38,32.23428437333333,1.6340000000000001,63.46,2.84,0.41,0.62,0.2,0.33,21.47,2.56,56,15360,171745920,18368,176394944,459458,8398,46229,63129,0,26,103,13.0,63399.0,26.0,5311.0,92.79,79.57,73.61,0.12897924635351524,1.9456,big_data
23.51,0.0,1.8,20.88,0.26,0.12,0.0,0.0,46.60979591836735,1792.8,40.0,445.39,9.92,0.04,28.83,254.39,253.84,141.42,41.56,100.08,32.02,0.7,17.07,7.6,12.2,0.0,0.0,0.0,33.89433160591237,95208.98,32.49799850666667,1.534,63.54,3.31,0.49,0.77,0.22,0.34,23.44,2.82,46,15360,168507200,18464,179600304,456146,10246,45962,54951,0,25,14,17.2,54674.2,14.0,5307.0,91.69,79.56,73.64,0.12885791122053925,1.9456,big_data
22.51,0.0,0.87,20.29,0.25,0.12,0.0,0.0,48.408,1784.2,49.4,443.48,8.24,0.01,62.23,254.52,170.77,140.45,42.33,100.08,32.03,0.72,15.51,7.4,10.6,0.0,0.0,0.0,33.904457522500216,94298.26,32.18713941333333,1.5630000000000002,64.41,3.27,0.49,0.77,0.22,0.34,23.5,2.87,44,15360,165694928,18520,182368480,454577,8186,46156,55541,0,24,28,15.8,56269.0,82.0,5302.0,90.11,79.43,73.63,0.1287608431141584,1.9712,big_data
21.47,0.0,0.91,21.27,0.26,0.14,0.0,0.0,49.37642857142857,1853.4,45.2,459.96,5.7,0.03,63.55,254.13,129.17,135.49,40.33,100.16,32.05,0.65,12.89,6.8,10.2,0.0,0.0,0.0,33.90745776599989,92760.22,31.66215509333333,1.501,64.84,3.66,0.56,0.85,0.23,0.35,24.54,2.94,42,15360,162988048,18576,185072608,470718,6150,46431,46291,0,22,32,17.2,45606.2,19.0,5298.0,91.7,79.94,73.82,0.12861524095458715,1.9712,big_data
21.21,0.0,0.78,19.26,0.25,0.12,0.0,0.0,54.34885714285715,1775.8,52.6,441.16,13.08,0.02,46.0,254.39,254.62,140.58,41.87,100.08,32.03,0.74,14.34,7.6,11.0,0.0,0.0,0.0,33.91205707786974,90124.32,30.76243456,1.5330000000000001,65.0,3.38,0.52,0.83,0.22,0.34,22.96,2.86,40,15360,160408208,18628,187678976,450523,13501,45775,55044,0,22,23,14.4,55023.2,20.0,5296.0,88.85,79.54,73.73,0.12856670690139674,1.9456,big_data
20.6,0.0,1.32,18.67,0.24,0.14,0.0,0.0,51.35236842105262,1755.4,63.2,435.59,15.71,0.0,30.09,254.1,254.53,142.77,40.92,100.0,32.0,0.59,10.67,6.0,8.6,0.0,0.0,0.0,33.909342680162176,88779.58,30.30342997333333,1.5130000000000001,65.55,3.46,0.54,0.87,0.22,0.33,22.72,2.71,41,15360,158041552,18648,190038416,446766,16098,45579,49218,0,22,64,21.0,49418.0,14.0,5296.0,86.94,79.3,73.68,0.12851817284820635,1.9456,big_data
19.5,0.0,0.78,18.52,0.25,0.13,0.0,0.0,52.547777777777775,1783.4,48.6,443.05,12.07,0.01,25.23,254.39,254.24,140.69,41.67,100.0,32.0,2.1,12.06,9.2,12.8,0.0,0.0,0.0,33.9116347539806,84704.1,28.912332799999998,1.531,65.48,3.44,0.54,0.86,0.22,0.33,22.71,2.78,43,15360,155756960,18668,192315328,453760,12809,45266,47035,0,20,18,12.8,46855.0,19.0,5299.0,84.7,78.96,73.6,0.12851817284820635,1.9456,big_data
21.31,0.0,0.8,17.14,0.24,0.13,0.0,0.0,52.127948717948726,1782.8,52.4,442.78,13.02,0.01,8.07,254.32,254.43,140.59,40.65,100.0,32.0,5.36,11.87,12.4,17.8,0.0,0.0,0.0,33.91137392917295,92660.28,31.62804224,1.534,65.81,3.5,0.54,0.92,0.22,0.34,23.09,2.71,39,15360,153325488,18712,194742688,452830,12723,45393,49930,0,22,78,20.4,50383.4,20.0,5311.0,83.2,78.75,73.56,0.12859097392799196,1.9456,big_data
19.93,0.0,0.72,17.43,0.25,0.12,0.0,0.0,51.15184210526318,1788.8,39.0,444.08,9.69,0.01,36.07,254.21,254.38,140.22,41.65,100.0,32.0,4.42,13.01,10.2,14.8,0.0,0.0,0.0,33.911953202873676,87265.78,29.78671957333333,1.531,65.77,3.51,0.54,0.91,0.22,0.34,23.1,2.76,38,15360,150509360,18732,197125984,454891,10132,45085,47894,0,21,18,16.6,47430.8,18.0,5313.0,81.18,78.4,73.48,0.12888217824713444,1.9456,big_data
20.88,0.0,0.72,16.03,0.25,0.14,0.0,0.0,56.9786111111111,1756.6,65.8,436.26,16.35,0.01,16.28,254.32,254.48,142.43,39.56,100.16,32.05,6.52,10.32,8.8,13.4,0.0,0.0,0.0,33.98852954669293,91133.12,31.106771626666664,1.598,65.89,3.32,0.49,0.83,0.21,0.34,22.83,2.6,33,15360,148023776,18760,199466624,444597,17056,45128,49999,0,22,21,17.6,49991.4,20.0,5311.0,79.97,78.2,73.44,0.12893071230032485,1.9456,big_data
23.48,0.0,0.96,16.63,0.27,0.14,0.0,0.0,54.464883720930246,1753.2,68.0,435.71,16.89,0.0,23.77,254.49,254.28,142.65,42.35,100.08,32.02,3.63,12.68,9.4,13.8,0.0,0.0,0.0,34.02388040666985,94854.4,32.37696853333333,1.629,64.39,2.87,0.38,0.7,0.21,0.34,22.36,2.48,27,15360,144888128,18820,202593632,446903,17091,44801,54229,0,25,28,13.2,54197.8,28.0,5304.0,78.21,77.86,73.35,0.12888217824713444,1.9456,big_data
38.35,0.0,2.47,3.64,0.29,0.13,0.0,0.0,53.6884210526316,1355.6,355.8,337.47,88.9,0.0,14.96,254.92,255.85,99.9,15.72,99.92,25.97,2.63,13.5,9.6,14.8,0.0,0.0,0.0,34.02108336389242,94287.8,32.18356906666667,1.761,59.95,2.03,0.2,0.43,0.19,0.34,21.35,2.29,2,15360,138363536,19036,206349488,328151,93246,46344,266630,0,41,29,21.2,266602.8,29.0,5277.0,76.11,77.43,73.24,0.12868804203437278,1.9456,big_data
15.36,0.0,2.41,0.78,0.19,0.11,0.0,0.0,58.8003125,596.8,933.8,148.28,233.38,0.0,11.39,254.41,255.92,11.33,6.39,100.0,12.5,2.33,22.98,13.6,21.2,0.0,0.0,0.0,34.5455133413216,47247.9,16.1272832,1.46,50.71,3.0,0.27,0.6,0.25,0.36,25.67,2.13,1,15360,134729200,19008,210105168,149207,241187,41009,24043,0,18,9,12.4,24041.8,10.0,5268.0,72.34,76.63,73.0,0.12803283231630225,1.9456,big_data
5.67,0.0,0.57,0.69,0.15,0.08,0.0,0.0,67.20777777777778,355.2,1168.6,87.95,291.35,0.0,8.69,253.54,255.3,9.45,5.11,100.0,9.27,1.32,7.23,8.4,12.0,0.0,0.0,0.0,34.52165696996106,21384.78,7.29933824,1.4269999999999998,51.47,2.98,0.37,0.54,0.23,0.33,23.1,1.83,1,15360,133702432,19096,211110832,88522,298481,38852,19458,0,7,5,18.4,19450.4,4.0,5258.0,70.87,76.25,72.9,0.1278386961035406,1.9456,big_data
3.19,0.0,0.35,0.73,0.16,0.08,0.0,0.0,70.638,139.8,1318.8,34.21,317.76,0.0,10.1,250.59,246.73,9.35,4.55,99.92,7.28,0.75,5.01,7.8,10.2,0.0,0.0,0.0,34.526176669607636,9863.14,3.366618453333333,1.4069999999999998,36.06,2.04,0.23,0.47,0.24,0.34,24.12,1.44,1,15360,133090784,19152,211791072,34622,325137,38425,14961,0,4,3,15.8,14948.4,3.0,5252.0,65.91,75.13,72.55,0.12759602583758856,1.9456,big_data
1.06,0.0,0.23,0.72,0.13,0.07,0.0,0.0,46.2,20.2,1315.6,4.41,328.79,0.0,3.11,223.56,255.91,9.53,6.74,100.0,9.01,0.64,3.6,6.6,9.0,0.0,0.0,0.0,34.51231504421947,3112.44,1.06237952,0.909,30.75,3.19,0.41,1.34,0.39,0.36,34.34,0.93,1,15360,132773104,19272,212076464,4107,338831,37058,10213,0,1,2,17.2,10217.6,1.0,5246.0,61.19,74.0,72.2,0.12745042367801732,1.9456,big_data
29.44,0.0,1.82,0.64,0.28,0.15,0.0,0.0,55.66333333333333,3.0,1399.8,0.01,349.85,0.0,1.8,4.0,255.93,1.6,6.76,99.44,9.37,403.17,31.96,115.6,118.0,0.01,0.0,0.0,34.51941190526494,80536.88,27.48992170666667,1.198,62.17,4.18,0.1,0.71,0.35,0.42,35.03,0.91,1,15360,129377672,19388,212111584,108,358717,74739,99556,0,32,34,43.2,99573.4,32.0,5389.0,65.5,74.68,72.43,0.12730482151844608,1.9456,big_data
29.3,0.0,1.72,0.65,0.29,0.14,0.0,0.0,78.05000000000003,2.6,1353.8,0.01,338.23,0.0,1.44,4.0,255.84,0.92,7.11,99.76,9.54,0.58,10.4,5.8,7.4,0.0,0.0,0.0,35.156590987919074,83021.8,28.33810773333333,1.589,74.16,2.86,0.01,0.34,0.26,0.42,30.53,1.04,1,15360,128553056,19508,212111728,12,345895,50599,67531,0,31,32,21.0,67510.0,33.0,5388.0,63.22,74.06,72.24,0.13077500632156042,1.9456,big_data
70.11,0.0,2.95,0.15,0.27,0.12,0.0,0.0,73.441796875,1.4,588.6,0.01,147.03,0.0,1.47,4.0,255.78,3.29,5.79,36.96,3.36,0.73,13.07,7.4,9.4,0.0,0.0,0.0,35.36829050454777,107857.96,36.81551701333333,1.854,75.31,1.55,0.0,0.14,0.22,0.4,27.06,1.86,0,15360,113109936,19560,212111680,4,143696,46665,894338,0,73,117,10.4,895822.0,125.0,5391.0,79.46,77.24,73.28,0.13075073929496522,1.9456,big_data
59.93,0.0,2.49,0.26,0.34,0.15,0.0,0.0,62.902890625000026,1.8,921.8,0.01,230.25,0.0,0.24,4.0,255.78,0.11,5.87,58.0,5.34,2.1,13.09,15.0,20.4,0.0,0.0,0.0,38.33767024078793,94853.8,32.37676373333333,1.517,67.34,2.29,0.03,0.42,0.29,0.45,33.82,2.12,0,15360,104347176,19636,212235872,7,244028,51239,462755,0,63,41,29.4,461838.2,48.0,5435.0,88.47,79.15,73.92,0.13075073929496522,1.9456,big_data
46.22,0.0,2.33,0.5,0.4,0.18,0.0,0.0,51.38189655172414,3.4,1554.0,0.01,387.83,0.0,0.74,4.0,255.56,1.88,5.62,94.16,8.62,4.9,21.01,29.6,42.6,0.0,0.0,0.0,39.87420737975739,77365.22,26.407328426666666,1.518,46.66,2.07,0.07,1.5,0.23,0.34,24.3,2.17,1,15360,100707912,19728,215512528,14,397127,69646,216090,0,49,39,44.6,215671.2,38.0,5545.0,84.43,78.47,73.73,0.1321096927842967,1.9456,big_data
30.71,0.0,2.25,0.61,0.32,0.19,0.0,0.0,81.94102564102563,3.4,1594.8,0.01,397.84,0.0,1.39,4.0,255.45,2.12,5.8,99.52,9.18,3.65,18.14,19.8,34.0,0.0,0.0,0.0,39.94583639255938,58595.86,20.00072021333333,1.5319999999999998,48.73,2.05,0.05,1.75,0.2,0.3,18.93,1.66,1,15360,96502976,19828,220090208,14,404429,59540,86296,0,34,42,34.0,86239.6,39.0,5548.0,80.95,77.84,73.55,0.13463346355019806,1.9456,big_data
29.12,0.0,2.18,0.62,0.34,0.19,0.0,0.0,82.11512820512823,4.2,1451.6,0.02,362.56,0.0,0.91,4.0,255.76,4.81,6.44,99.44,9.3,4.05,21.54,22.4,38.0,0.0,0.0,0.0,39.875010325894905,55751.46,19.02983168,1.55,48.82,2.06,0.05,1.83,0.19,0.29,17.84,1.29,0,15392,94625040,19836,222173424,68,373307,58903,75022,4,32,41,39.0,75002.8,36.0,5548.0,77.67,77.22,73.37,0.13463346355019806,1.9456,big_data
28.14,0.0,2.15,0.64,0.33,0.18,0.0,0.0,89.01428571428572,5.0,1463.0,0.02,365.25,0.0,0.69,4.0,255.65,1.44,6.37,100.0,9.27,3.65,18.13,19.8,34.0,0.0,0.0,0.0,39.81181641770093,55724.78000000001,19.020724906666672,1.525,50.04,2.2,0.06,1.9,0.19,0.29,17.98,1.3,1,15904,93211136,19956,224050944,390,374870,59158,61975,10,31,34,40.8,61953.4,34.0,5545.0,80.9,77.89,73.61,0.13463346355019806,1.9456,big_data
28.07,0.0,1.96,0.58,0.28,0.18,0.0,0.0,86.47081081081083,3.0,1587.4,0.01,387.75,0.0,5.61,4.0,250.13,1.73,6.0,100.0,9.52,3.53,20.08,20.2,33.2,0.0,0.0,0.0,39.74560255250436,54353.88000000001,18.55279104,1.551,48.92,2.17,0.06,1.86,0.2,0.31,19.27,1.41,1,15904,91138576,20032,226399664,12,397166,58301,65057,10,30,36,27.0,65044.4,36.0,5536.0,77.39,77.21,73.41,0.1345363954438172,1.9456,big_data
27.53,0.0,1.85,0.63,0.27,0.18,0.0,0.0,90.96742857142858,3.4,1489.2,0.02,371.56,0.0,1.23,4.71,255.49,2.47,6.31,100.0,9.35,3.66,18.26,20.6,35.6,0.0,0.0,0.0,39.695992764234575,54615.02,18.641926826666666,1.5430000000000001,50.43,2.22,0.06,1.89,0.2,0.3,18.38,1.32,1,15904,89573056,20112,228244432,17,380127,57817,63341,25,30,38,40.4,63343.8,34.0,5536.0,75.03,76.73,73.28,0.13434225923105558,1.9456,big_data
23.1,0.0,1.85,0.67,0.25,0.17,0.0,0.0,73.73138888888889,6.8,1553.2,0.04,387.5,0.0,0.58,5.53,255.47,4.38,6.92,100.0,10.71,6.61,39.82,51.2,75.0,0.0,0.0,0.0,39.639988218907384,41719.98,14.24041984,1.492,50.16,2.13,0.06,1.85,0.21,0.31,18.87,1.22,1,16160,88295008,20192,230120816,60,397042,55416,57492,29,25,21,31.4,57451.4,24.0,5480.0,78.07,77.33,73.49,0.13434225923105558,1.9456,big_data
12.96,0.0,0.95,0.72,0.2,0.11,0.0,0.0,77.9378947368421,3.0,1551.0,0.01,386.95,0.0,0.53,4.0,255.47,2.53,6.08,99.92,9.4,3.12,18.65,23.4,35.2,0.0,0.0,0.0,39.52957364735326,20738.04,7.07858432,1.375,50.78,1.95,0.06,1.75,0.23,0.32,19.7,0.99,1,16160,86712352,20268,232038928,15,395752,46271,34410,0,14,15,22.6,34407.2,15.0,5460.0,73.34,76.36,73.2,0.1329833057417241,1.9456,big_data
9.84,0.0,0.73,0.66,0.2,0.12,0.0,0.0,77.58357142857143,3.2,1541.0,0.01,384.44,0.0,0.47,4.0,255.46,2.81,6.1,100.0,9.4,2.32,15.21,18.6,27.0,0.0,0.0,0.0,39.46722287051425,14381.6,4.908919466666667,1.4180000000000001,51.29,1.73,0.05,1.57,0.22,0.31,18.34,0.88,1,16160,85536032,20344,233405824,12,394521,43345,32790,0,11,11,22.8,32782.4,11.0,5395.0,68.67,75.34,72.88,0.1324008971034392,1.9456,big_data
3.67,0.0,0.33,0.69,0.14,0.06,0.0,0.0,64.44333333333334,3.0,1549.6,0.01,386.59,0.0,0.49,4.0,255.47,2.6,6.09,100.0,9.38,2.83,19.61,26.6,36.0,0.0,0.0,0.0,39.43080672316886,5190.5,1.7716906666666667,1.1059999999999999,43.3,2.07,0.08,1.61,0.31,0.34,23.97,0.8,0,16160,85299064,20420,233774528,12,395758,39543,14568,4,5,2,21.6,14551.4,1.0,5358.0,64.13,74.29,72.56,0.13092060848113166,1.9456,big_data
