0.29,0.0,0.14,0.61,0.1,0.09,0.0,0.0,33.6,0.0,0.0,0.0,0.0,0.0,0.0,0.0,0.0,0.0,0.0,0.0,0.0,1.23,1.23,4.6,6.2,0.0,0.0,0.0,1.1457116537883023,790.0,0.2696533333333333,0.87,29.69,2.74,0.35,1.9,0.5,0.44,43.19,0.32,0,18052,520567776,12164,302672,8973,50,35398,6369,0,0,0,24.2,6278.4,1.0,2938.0,5.6,14.92,45.6,0.07117518900373664,1.152,big_data
0.09,0.0,0.13,0.03,0.09,0.07,0.0,0.0,0.0,1.2,0.0,0.0,0.0,0.0,0.0,4.0,0.0,9.67,0.0,1.12,0.01,42795.13,37.11,960.0,534.6,1.4,0.0,0.0,1.1658884243165972,770.5,0.26299733333333336,0.583,23.69,4.51,0.19,1.17,0.92,0.54,52.31,0.72,0,18052,520354304,12204,520724,6,61,36164,6013,2,0,0,26.2,6010.6,1.0,2932.0,5.16,14.67,45.36,0.07132079116330788,1.28,big_data
0.51,0.0,0.21,0.23,0.11,0.09,0.0,0.0,0.0,1.0,93.2,0.0,23.24,0.0,10.38,4.0,255.38,10.6,36.79,12.88,3.39,1.38,1.08,4.6,6.6,0.0,0.0,0.0,1.1649732628409797,1788.84,0.61059072,0.83,24.04,3.17,0.41,1.39,0.42,0.34,35.09,0.67,1,18052,520031360,12488,754668,2770,23822,37330,10834,0,1,0,49.2,10967.2,3.0,3046.0,4.9,14.46,45.12,0.07115092197714143,1.28,big_data
2.35,0.0,0.13,0.18,0.1,0.06,0.0,0.0,50.9,0.2,75.2,0.0,18.56,0.0,8.07,4.0,252.68,0.0,30.18,11.2,2.25,0.74,1.69,6.6,10.2,0.0,0.0,0.0,1.182941362798874,4100.7,1.3997056,1.163,17.87,1.33,0.23,1.15,0.3,0.35,31.35,0.9,0,18052,519724832,12520,778152,4063,19014,41201,25243,0,2,2,48.2,25569.0,4.0,3171.0,4.51,14.22,44.88,0.07391736300899482,1.3056,big_data
3.52,0.0,0.36,0.05,0.1,0.09,0.0,0.0,0.0,4.2,0.4,0.02,0.03,0.0,93.94,4.0,66.0,21.57,27.5,1.6,0.1,3.02,4.95,23.0,26.2,0.0,0.0,0.0,1.2403986425190712,7350.62,2.5090116266666667,1.041,22.34,2.12,0.36,1.41,0.27,0.28,27.05,1.66,0,18052,518107424,12756,800160,1663,38,53724,51716,0,5,0,261.2,53011.4,11.0,3808.0,4.31,14.01,44.65,0.07707207646637149,1.3568,big_data
6.54,0.0,0.52,0.03,0.13,0.08,0.0,0.0,37.26000000000001,0.0,0.4,0.0,0.04,0.0,96.3,0.0,108.0,0.0,19.0,0.8,0.01,4.46,6.06,32.4,37.2,0.0,0.0,0.0,1.5516452878400069,11521.78,3.932767573333334,1.137,23.06,1.92,0.3,1.31,0.24,0.28,24.8,1.31,0,18052,515220512,12824,811692,41,61,65705,81975,0,8,3,302.4,80295.2,7.0,4230.0,4.6,13.91,44.45,0.09240883727454112,1.4848,big_data
6.03,0.0,0.47,0.03,0.11,0.1,0.0,0.0,36.155,0.0,5.8,0.0,1.32,0.0,0.0,0.0,233.66,0.0,32.86,2.56,0.19,4.02,7.71,32.8,35.0,0.0,0.0,0.0,2.0851662310450023,11062.28,3.775924906666667,1.107,22.44,1.97,0.35,1.34,0.23,0.25,23.61,1.01,0,18052,512873472,12936,829760,1,1416,65409,81049,0,7,12,292.6,81917.0,11.0,4955.0,4.72,13.78,44.25,0.1026495224977177,1.5872000000000002,big_data
4.71,0.0,1.23,6.37,0.16,0.13,0.0,0.0,31.4,0.6,364.2,0.0,88.22,0.0,3.6,4.0,248.05,41.67,108.56,64.56,41.92,265718.94,331.28,7277.4,4814.0,8.71,0.0,0.0,2.5342671296296957,10884.32,3.7151812266666666,0.882,22.47,2.98,0.38,1.37,0.38,0.34,34.95,2.2,16,18052,510039808,13064,2191860,5,96583,177590,276621,0,7,0,185.4,275695.0,1.0,5187.0,5.7,13.84,44.1,0.12036445191221742,1.8176,big_data
0.06,0.0,0.04,11.73,0.12,0.08,0.0,0.0,0.0,1.2,507.37,0.0,125.28,0.0,2.53,4.0,252.84,89.67,111.99,100.08,60.07,0.47,1.87,4.6,6.2,0.0,0.0,0.0,2.8011818973053404,543.48,0.18550784,0.527,23.68,4.1,0.13,0.94,1.11,0.59,57.85,0.16,16,18052,510050688,13156,2191936,5,127678,36257,7554,0,0,0,16.0,7571.0,1.0,5179.0,6.53,13.87,43.95,0.125873066949329,1.8176,big_data
21.11,0.0,1.36,8.44,0.21,0.1,0.0,0.0,33.94730769230768,169.8,364.8,38.01,85.74,0.0,13.55,229.25,240.66,126.32,144.5,89.92,79.39,75.83,27.47,127.4,147.6,0.0,0.0,0.0,2.799056630017722,36523.54,12.466701653333335,1.145,32.15,2.4,0.21,1.41,0.34,0.39,32.09,1.59,61,18052,503532928,13512,3808948,51429,82705,78800,142521,0,23,20,61.4,142825.2,12.0,5347.0,10.73,14.62,44.03,0.12567893073656736,1.8176,big_data
7.31,0.0,0.6,26.01,0.14,0.08,0.0,0.0,0.0,470.68,0.8,112.89,0.15,0.0,97.92,245.59,192.0,519.37,1105.75,100.16,251.72,3.3,9.56,7.6,10.4,0.0,0.0,0.0,3.742146832192057,9782.68,3.339154773333333,0.992,26.61,2.12,0.25,2.01,0.4,0.39,28.83,1.96,54,18052,501495456,13528,4421492,122566,166,49800,35257,0,8,5,22.6,34992.0,1.0,5338.0,14.67,15.38,44.11,0.12987712633753784,1.7919999999999998,big_data
2.14,0.0,0.27,28.28,0.11,0.1,0.0,0.0,0.0,465.2,0.4,114.94,0.01,0.0,77.78,253.02,18.0,536.54,0.0,100.0,252.75,0.78,9.95,8.6,12.4,0.0,0.0,0.0,3.997406370204744,4654.24,1.5886472533333331,0.903,37.58,2.36,0.12,0.9,0.49,0.45,33.14,3.5,55,18052,499614080,13544,5010212,118295,27,39699,14795,0,2,5,21.0,14818.6,6.0,5327.0,17.82,16.02,44.17,0.12953738796520495,1.7919999999999998,big_data
3.58,0.0,0.82,25.44,0.1,0.08,0.0,0.0,0.0,456.0,0.0,113.46,0.0,0.0,0.0,254.79,0.0,560.64,0.0,100.0,252.75,0.69,9.06,7.2,9.6,0.0,0.0,0.0,4.2476503380755855,8708.58,2.97252864,0.8109999999999999,43.87,2.7,0.06,0.63,0.59,0.48,35.09,10.63,54,18052,497968512,13560,5597524,116881,11,37929,12150,0,5,2,9.0,12322.0,5.0,5323.0,21.2,16.75,44.25,0.12927045067265772,1.7919999999999998,big_data
5.28,0.0,2.1,22.31,0.12,0.09,0.0,0.0,0.0,461.95,1.0,115.13,0.05,0.0,91.67,255.22,54.4,545.57,291.6,100.0,252.76,0.67,9.96,6.8,8.8,0.0,0.0,0.0,4.469043594008801,16053.16,5.479478613333334,0.5770000000000001,48.29,4.39,0.05,0.63,1.15,0.67,53.24,18.68,56,18052,495116320,13564,6180424,116494,320,38113,11616,0,7,6,21.0,11555.6,7.0,5323.0,24.31,17.47,44.34,0.1292219166194673,1.7919999999999998,big_data
4.07,0.0,1.01,24.86,0.1,0.09,0.0,0.0,0.0,444.89,0.8,110.67,0.2,0.0,0.0,254.72,256.0,566.79,1172.5,99.88,252.5,0.64,9.01,6.4,8.0,0.0,0.0,0.0,4.904845460048072,8521.0,2.908501333333333,0.912,44.13,2.19,0.04,0.62,0.51,0.46,33.26,8.27,55,18052,493546016,13576,6754656,114615,210,37317,9798,0,5,7,15.8,9528.8,6.0,5323.0,27.25,18.19,44.43,0.1291733825662769,1.7919999999999998,big_data
5.02,0.0,1.81,26.75,0.12,0.09,0.0,0.0,0.0,446.89,1.0,111.37,0.25,0.0,0.0,255.19,256.0,558.49,718.0,100.12,253.06,0.64,9.61,6.4,8.0,0.0,0.0,0.0,5.062925009386472,11731.44,4.00433152,0.629,47.11,3.78,0.04,0.74,0.94,0.59,46.54,13.74,55,18052,491151168,13584,7328104,114684,208,38543,12825,0,7,0,14.2,12808.6,2.0,5322.0,29.79,18.87,44.51,0.1291733825662769,1.7919999999999998,big_data
5.94,0.0,2.21,28.28,0.13,0.09,0.0,0.0,30.6,468.33,1.2,116.96,0.3,0.0,0.0,255.73,256.0,538.29,843.0,100.32,253.65,0.67,9.31,6.8,8.8,0.0,0.0,0.0,5.404953531747266,15954.36,5.445754880000001,0.675,48.74,3.53,0.03,0.58,0.91,0.62,48.81,15.81,54,18052,488540416,13592,7922604,118708,413,38180,12080,0,8,1,15.8,12081.8,3.0,5312.0,32.13,19.53,44.58,0.12924618364606252,1.8176,big_data
3.6,0.0,1.22,28.27,0.11,0.08,0.0,0.0,33.800000000000004,453.11,1.0,113.13,0.25,0.0,0.0,255.66,256.0,561.45,976.2,99.96,252.71,0.64,9.66,6.4,8.0,0.0,0.0,0.0,5.785688759435537,10017.86,3.4194295466666667,0.742,47.81,3.16,0.04,0.67,0.7,0.52,38.4,11.9,55,18052,486919936,13600,8511044,117094,208,36826,9189,0,5,4,22.2,9231.2,9.0,5302.0,34.2,20.17,44.66,0.12890644527372966,1.8176,big_data
5.51,0.0,1.75,30.43,0.12,0.1,0.0,0.0,34.870000000000005,439.2,1.6,109.65,0.4,0.0,0.0,255.66,256.0,566.78,797.0,99.92,252.69,0.64,8.96,6.4,8.0,0.0,0.0,0.0,5.991642551302477,19209.42,6.5568153600000025,0.537,50.24,4.47,0.04,0.62,1.25,0.67,55.14,15.31,56,18052,484708416,13612,9063932,110298,414,37771,10870,0,8,91,9.8,11090.2,93.0,5295.0,36.19,20.82,44.73,0.12868804203437278,1.8176,big_data
6.71,0.0,2.09,25.02,0.13,0.09,0.0,0.0,34.00000000000001,457.31,1.0,113.39,0.21,0.0,66.67,253.91,213.6,552.74,962.6,100.28,253.6,0.65,9.75,6.6,8.4,0.0,0.0,0.0,6.334617321817018,11065.38,3.77698304,0.653,44.89,3.28,0.07,0.75,0.81,0.53,39.96,12.39,56,18052,482750176,13620,9646380,115840,216,37873,11131,0,8,2,21.0,10882.2,6.0,5290.0,45.14,22.93,45.29,0.12861524095458715,1.8432,big_data
6.99,0.0,2.42,29.46,0.13,0.09,0.0,0.0,0.0,457.09,1.0,111.77,0.25,0.0,0.0,250.4,256.0,541.53,1122.0,99.96,252.76,0.64,9.01,6.4,8.0,0.0,0.0,0.0,6.5572965047284,18061.56,6.1650124800000015,0.622,47.76,3.61,0.05,0.71,0.93,0.58,46.26,13.97,55,18052,480561216,13628,10213476,113798,234,38437,12479,0,10,9,17.8,12494.0,7.0,5298.0,46.09,23.49,45.35,0.1283725706886351,1.8432,big_data
6.61,0.0,2.53,27.8,0.13,0.1,0.0,0.0,0.0,472.55,0.8,114.51,0.2,0.0,0.0,248.14,256.0,531.92,1236.25,100.12,253.31,0.64,9.61,6.4,8.0,0.0,0.0,0.0,6.866730265966321,17865.3,6.0980224000000005,0.535,48.84,4.67,0.05,0.68,1.3,0.69,57.2,17.34,56,18052,478110336,13636,10805132,118094,218,38742,12703,0,10,1,14.6,12681.8,4.0,5275.0,47.2,24.1,45.43,0.12856670690139674,1.8432,big_data
5.24,0.0,2.33,31.59,0.13,0.09,0.0,0.0,0.0,459.96,1.0,113.68,0.25,0.0,0.0,253.08,256.0,551.03,982.2,99.92,252.6,0.67,9.31,6.8,8.8,0.0,0.0,0.0,7.220335922188923,13964.0,4.766378666666666,0.6629999999999999,48.05,3.3,0.03,0.55,0.92,0.61,47.82,17.22,56,18052,476339296,13644,11392248,117169,210,37845,18996,0,8,0,16.2,18988.8,4.0,5271.0,47.99,24.65,45.49,0.12812990042268307,1.8432,big_data
3.13,0.0,0.44,34.83,0.1,0.09,0.0,0.0,0.0,462.73,0.6,115.3,0.15,0.0,0.0,255.16,256.0,554.68,1452.0,100.04,252.72,0.64,9.66,6.4,8.0,0.0,0.0,0.0,7.445003894288826,7561.42,2.580964693333333,0.632,46.47,3.02,0.04,0.77,0.8,0.5,40.27,7.35,56,18052,475473792,13652,11990520,119010,208,36744,8543,0,4,6,20.6,8587.2,11.0,5271.0,49.03,25.25,45.58,0.12791149718332626,1.8432,big_data
7.51,0.0,4.0,30.05,0.16,0.09,0.0,0.0,0.0,486.6,1.2,121.41,0.3,0.0,0.0,255.5,256.0,510.18,998.17,100.32,253.63,0.64,8.96,6.4,8.0,0.0,0.0,0.0,7.4955773703328585,25986.48,8.87005184,0.449,54.62,5.72,0.02,0.59,1.61,0.72,60.0,22.8,56,18052,472352256,13660,12607724,123680,413,38056,11075,0,11,2,9.4,11041.2,6.0,5271.0,56.56,27.21,46.1,0.12791149718332626,1.8432,big_data
5.66,0.0,2.41,27.57,0.12,0.09,0.0,0.0,0.0,485.57,0.8,121.03,0.2,0.0,0.0,255.24,256.0,515.68,1136.75,100.52,254.06,0.67,9.96,6.8,8.8,0.0,0.0,0.0,8.023598246144212,11959.18,4.082066773333334,0.644,47.62,3.28,0.05,0.76,0.83,0.53,41.38,14.03,55,18052,470219904,13668,13230084,124097,208,37920,10975,0,9,3,20.6,10968.6,5.0,5271.0,56.91,27.77,46.18,0.12803283231630225,1.8432,big_data
18.36,0.0,1.57,27.2,0.13,0.07,0.0,0.0,34.16789473684211,475.9,1.0,118.6,0.25,0.0,0.0,255.2,256.0,535.83,944.0,100.08,253.05,0.64,9.01,6.4,8.0,0.0,0.0,0.0,8.255088606775685,11838.22,4.040779093333334,0.405,42.81,2.24,0.03,0.53,1.85,0.75,69.68,3.45,54,18052,468789696,13676,13836364,121336,208,38209,19962,0,20,4,16.2,19957.0,6.0,5271.0,64.77,29.88,46.77,0.12791149718332626,1.8432,big_data
7.3,0.0,1.98,28.05,0.11,0.1,0.0,0.0,0.0,490.22,0.8,122.28,0.2,0.0,0.0,255.43,256.0,513.15,1499.25,100.2,253.24,0.64,9.61,6.4,8.0,0.0,0.0,0.0,8.413043051189911,18296.38,6.245164373333332,0.507,47.84,4.17,0.03,0.71,1.21,0.61,49.28,12.93,53,18052,467020576,13684,14465260,125266,232,39478,13722,0,11,143,13.8,14264.6,91.0,5271.0,71.03,31.76,47.28,0.12791149718332626,1.8432,big_data
8.01,0.0,2.86,23.43,0.14,0.1,0.0,0.0,0.0,500.2,0.6,124.83,0.15,0.0,0.0,255.56,256.0,502.85,1456.33,100.0,252.74,0.67,9.31,6.8,8.8,0.0,0.0,0.0,8.655510042047156,17902.78,6.1108155733333325,0.59,49.55,4.04,0.03,0.69,1.07,0.63,49.15,13.85,56,18052,464799808,13692,15104264,127525,222,37755,12017,0,11,4,16.2,11476.4,6.0,5271.0,70.07,32.21,47.35,0.12803283231630225,1.8432,big_data
8.06,0.0,2.35,26.13,0.12,0.08,0.0,0.0,36.35,481.24,0.6,120.21,0.15,0.0,0.0,255.79,256.0,522.01,1633.67,100.44,253.82,0.64,9.66,6.4,8.0,0.0,0.0,0.0,8.93049142359115,24211.88,8.264321706666667,0.446,51.36,4.96,0.02,0.6,1.6,0.71,60.62,17.24,54,18052,462507552,13708,15723940,123555,10,37248,10000,0,11,100,22.2,10001.8,88.0,5271.0,75.99,34.07,47.87,0.12791149718332626,1.8432,big_data
13.47,0.0,3.86,21.12,0.14,0.08,0.0,0.0,35.03250000000001,496.6,0.6,123.74,0.15,0.0,0.0,255.14,256.0,504.27,1428.33,100.16,253.13,0.64,8.96,6.4,8.0,0.0,0.0,0.0,9.317899672113644,20783.46,7.09408768,0.47,49.61,3.78,0.04,0.69,1.5,0.71,59.6,16.25,56,18052,459904064,13716,16351620,125470,208,39101,14566,0,17,3,9.4,14588.4,5.0,5271.0,74.63,34.48,47.93,0.12791149718332626,1.8432,big_data
12.93,0.0,5.02,23.34,0.16,0.11,0.0,0.0,33.53333333333334,504.01,0.8,123.57,0.2,0.0,0.0,251.07,256.0,502.52,1469.75,100.92,255.29,0.87,10.35,9.8,14.8,0.0,0.0,0.0,9.620837834046164,27713.5,9.459541333333334,0.46399999999999997,51.44,4.59,0.03,0.63,1.58,0.74,62.56,16.79,55,18052,456649408,13724,16988464,126803,208,38422,14573,0,18,3,20.8,14574.8,5.0,5271.0,80.26,36.32,48.45,0.12803283231630225,1.8432,big_data
4.29,0.0,1.11,28.97,0.1,0.08,0.0,0.0,0.0,465.2,0.8,113.93,0.2,0.0,0.0,250.79,256.0,538.24,1276.5,100.0,252.9,0.64,9.01,6.4,8.0,0.0,0.0,0.0,10.115840866627435,8223.26,2.806872746666667,0.604,45.99,3.08,0.03,0.85,0.9,0.55,42.85,9.6,56,18052,455698848,13732,17578512,117555,208,37186,9573,0,5,1,16.2,9563.6,4.0,5271.0,78.56,36.69,48.5,0.12791149718332626,1.8432,big_data
3.87,0.0,1.1,29.39,0.12,0.08,0.0,0.0,0.0,488.2,0.6,120.94,0.15,0.0,0.0,253.67,256.0,520.02,1455.33,99.92,252.68,0.64,9.61,6.4,8.0,0.0,0.0,0.0,10.185280923448426,9968.42,3.402554026666667,0.595,44.65,3.07,0.04,0.74,1.06,0.63,51.51,9.13,56,18052,454564128,13744,18203408,124416,208,37131,10182,0,5,2,14.37,10157.49,4.0,5272.0,76.75,37.01,48.54,0.12791149718332626,1.8432,big_data
7.98,0.0,2.55,28.77,0.13,0.1,0.0,0.0,30.8,498.6,0.8,124.17,0.2,0.0,0.0,255.02,256.0,500.17,1435.25,100.08,253.03,0.67,9.31,6.8,8.8,0.0,0.0,0.0,10.28280665664043,20931.74,7.1447005866666675,0.45799999999999996,52.18,5.34,0.03,0.63,1.54,0.71,57.62,19.14,124,18052,451908800,13760,18839500,127216,240,38352,12470,0,11,17,16.2,12859.0,7.0,5272.0,75.41,37.39,48.61,0.12793576420992145,1.8432,big_data
10.51,0.0,2.57,26.09,0.14,0.08,0.0,0.0,0.0,474.4,0.6,118.12,0.15,0.0,0.0,254.96,256.0,538.2,1669.33,100.24,253.67,0.64,9.66,6.4,8.0,0.0,0.0,0.0,10.668493006479306,15328.5,5.232128,0.496,45.35,3.68,0.03,0.7,1.36,0.67,58.14,9.65,56,18052,450237728,13776,19453792,122181,222,40367,18976,0,13,3,20.4,18593.8,7.0,5273.0,73.86,37.7,48.65,0.12793576420992145,1.8432,big_data
6.13,0.0,2.23,27.6,0.12,0.09,0.0,0.0,0.0,498.0,0.6,124.07,0.15,0.0,0.0,255.11,256.0,502.67,1595.33,100.28,253.61,0.64,8.96,6.4,8.0,0.0,0.0,0.0,10.86595179488907,13889.14,4.740826453333334,0.5920000000000001,47.78,3.22,0.03,0.78,0.96,0.57,46.28,14.03,56,18052,448307040,13784,20082888,126405,4,37359,10293,0,8,3,9.4,10286.6,6.0,5272.0,73.07,38.14,48.73,0.12793576420992145,1.8432,big_data
5.95,0.0,0.51,29.8,0.12,0.1,0.0,0.0,0.0,490.18,0.6,122.28,0.15,0.0,0.0,255.44,256.0,511.03,1639.0,100.04,252.73,0.67,9.97,6.8,8.8,0.0,0.0,0.0,11.110942114156304,8800.3,3.003835733333333,0.624,41.05,2.88,0.05,0.85,0.89,0.55,43.31,2.37,56,18052,447613856,13792,20708396,124806,208,37974,11089,0,7,2,20.6,11098.6,8.0,5272.0,72.18,38.54,48.8,0.12793576420992145,1.8432,big_data
9.28,0.0,2.67,27.05,0.14,0.09,0.0,0.0,0.0,494.6,0.8,123.44,0.2,0.0,0.0,255.57,256.0,512.77,1313.75,100.4,253.88,0.64,9.01,6.4,8.0,0.0,0.0,0.0,11.1291869613707,21414.4,7.309448533333334,0.451,47.48,4.98,0.03,0.7,1.57,0.71,58.74,12.64,56,18052,445262432,13800,21342296,126542,208,38700,12603,0,12,4,16.2,12591.6,4.0,5273.0,78.17,40.34,49.33,0.12793576420992145,1.8432,big_data
49.14,0.0,1.88,15.23,0.13,0.05,0.0,0.0,70.11795454545451,491.22,0.4,122.53,0.1,0.0,0.0,255.42,256.0,511.65,1665.5,100.84,255.48,0.64,9.61,6.4,8.0,0.0,0.0,0.0,11.450141748807466,20836.42,7.112164693333334,0.447,36.17,1.84,0.01,0.35,1.84,0.82,76.1,2.07,55,18052,443049536,13808,21971124,125338,208,37424,17335,0,52,156,13.8,17379.4,132.0,5272.0,83.52,42.08,49.84,0.12793576420992145,1.8432,big_data
16.54,0.0,3.15,24.77,0.14,0.1,0.0,0.0,33.61545454545455,502.81,0.8,125.04,0.2,0.0,0.0,254.66,256.0,503.94,1474.5,100.2,253.42,0.67,9.31,6.8,8.8,0.0,0.0,0.0,11.809239890307092,21467.96,7.327730346666668,0.546,53.2,4.43,0.03,0.73,1.16,0.63,47.44,15.29,55,18052,440175904,13816,22606912,127058,208,37862,14579,0,19,7,16.2,14559.4,7.0,5272.0,81.48,42.34,49.89,0.12793576420992145,1.8688,big_data
10.52,0.0,4.02,21.0,0.14,0.09,0.0,0.0,33.5325,477.6,0.8,117.39,0.2,0.0,0.0,251.69,256.0,530.29,1173.75,100.32,253.83,0.64,9.66,6.4,8.0,0.0,0.0,0.0,12.170634654929874,25027.82,8.542829226666667,0.431,51.21,5.08,0.02,0.66,1.6,0.69,57.83,17.56,55,18052,437184000,13824,23213968,120642,238,38032,11972,0,14,3,22.0,11991.6,3.0,5272.0,88.25,44.39,50.51,0.12793576420992145,1.8688,big_data
6.78,0.0,2.28,23.08,0.12,0.07,0.0,0.0,0.0,489.0,0.6,120.12,0.15,0.0,0.0,251.54,256.0,511.12,1452.33,100.48,253.99,0.64,8.96,6.4,8.0,0.0,0.0,0.0,12.62698481521165,15946.44,5.443051519999999,0.515,51.44,4.36,0.03,0.77,1.28,0.66,49.56,14.24,55,18052,435256640,13832,23819020,121419,223,37769,10972,0,9,5,9.6,10978.2,5.0,5272.0,86.07,44.67,50.57,0.12793576420992145,1.8688,big_data
8.66,0.0,1.47,24.94,0.13,0.11,0.0,0.0,0.0,486.6,0.8,120.68,0.2,0.0,0.0,253.96,256.0,521.97,1339.5,101.2,255.6,0.67,9.97,6.8,8.8,0.0,0.0,0.0,12.874083721109947,13593.2,4.639812266666667,0.501,40.81,3.65,0.03,0.76,1.34,0.67,52.88,6.42,56,18052,434088256,13840,24441048,124040,3,38753,12818,0,11,1,20.8,12814.0,4.0,5272.0,83.98,44.92,50.62,0.12793576420992145,1.8688,big_data
12.26,0.0,0.98,23.61,0.11,0.08,0.0,0.0,0.0,497.41,1.0,123.16,0.25,0.0,0.0,253.56,256.0,498.64,1095.0,100.12,253.06,0.64,9.01,6.4,8.0,0.0,0.0,0.0,12.979036137527856,14069.88,4.80251904,0.345,42.37,2.97,0.03,0.62,2.32,0.8,73.26,2.76,56,18052,432527008,13848,25084056,127635,208,37489,13746,0,13,4,16.0,13751.6,5.0,5272.0,81.9,45.14,50.66,0.12793576420992145,1.8688,big_data
33.19,0.0,2.06,13.32,0.15,0.07,0.0,0.0,40.036500000000025,480.96,0.6,119.79,0.15,0.0,0.0,255.04,256.0,524.52,1227.67,100.36,253.84,0.64,9.61,6.4,8.0,0.0,0.0,0.0,13.208345881420415,15842.26,5.407491413333332,0.335,44.4,2.95,0.02,0.56,2.33,0.78,74.61,4.07,56,18052,430548608,13856,25692768,121690,208,38299,13834,0,35,2,14.0,13841.2,2.0,5271.0,80.14,45.39,50.71,0.12793576420992145,1.8688,big_data
9.91,0.0,1.47,20.0,0.12,0.09,0.0,0.0,0.0,470.66,0.6,117.0,0.15,0.0,0.0,254.55,256.0,540.13,1606.67,100.6,254.23,0.67,9.31,6.8,8.8,0.0,0.0,0.0,13.412076596695382,18574.36,6.340048213333334,0.745,45.94,1.72,0.01,0.3,0.89,0.67,57.91,4.87,63,18052,428592896,13864,26296144,120530,208,36866,16989,0,12,162,16.2,19380.4,189.0,5271.0,78.77,45.68,50.77,0.12791149718332626,1.8688,big_data
18.32,0.0,1.05,19.95,0.1,0.09,0.0,0.0,33.8325,466.73,0.6,116.25,0.15,0.0,0.0,255.06,256.0,536.26,1749.33,99.96,252.73,0.64,9.66,6.4,8.0,0.0,0.0,0.0,13.699400147667784,7311.039999999999,2.4955016533333327,0.912,46.97,1.18,0.01,0.42,0.61,0.55,48.26,2.77,56,18052,427319616,13872,26895900,119912,208,36454,31212,0,19,6,20.4,28820.8,7.0,5271.0,77.11,45.89,50.81,0.12791149718332626,1.8176,big_data
32.73,0.0,2.68,16.97,0.14,0.06,0.0,0.0,43.619010989011,476.25,1.0,118.87,0.25,0.0,0.0,255.59,256.0,533.51,992.2,100.44,253.95,0.58,7.97,5.8,7.4,0.0,0.0,0.0,13.798318715682251,23400.620000000006,7.987411626666668,0.268,46.61,3.04,0.01,0.43,3.18,0.85,82.83,3.65,55,18052,423550848,13884,27507308,121914,237,37046,14918,0,36,91,11.0,14886.4,88.0,5271.0,85.91,48.23,51.55,0.12791149718332626,1.8432,big_data
25.67,0.0,1.54,17.51,0.12,0.08,0.0,0.0,37.40823529411764,486.4,0.8,121.36,0.2,0.0,0.0,255.5,256.0,517.11,1452.5,100.08,253.15,0.73,10.95,7.4,9.4,0.0,0.0,0.0,14.400678453860538,16952.18,5.786344106666666,0.35100000000000003,43.25,3.77,0.03,0.7,2.27,0.8,72.66,4.45,56,18052,422037600,13900,28128120,123536,228,37276,9168,0,27,0,20.6,9183.2,1.0,5271.0,83.99,48.46,51.6,0.12791149718332626,1.8432,big_data
13.18,0.0,3.02,20.91,0.13,0.08,0.0,0.0,34.41111111111112,498.0,0.6,123.98,0.15,0.0,0.0,254.93,256.0,503.48,1456.0,100.76,254.93,0.67,9.02,6.6,8.0,0.0,0.0,0.0,14.565835150848827,19144.32,6.53459456,0.423,53.07,5.02,0.02,0.69,1.73,0.73,62.66,16.82,56,18052,419921024,13908,28765968,127286,211,38204,11432,0,16,4,14.8,11433.0,5.0,5271.0,82.23,48.68,51.66,0.12791149718332626,1.8688,big_data
12.7,0.0,2.65,22.98,0.12,0.09,0.0,0.0,32.26666666666667,484.8,1.2,119.98,0.3,0.0,0.0,253.42,256.0,520.92,826.17,100.48,254.09,0.64,9.61,6.4,8.0,0.0,0.0,0.0,14.84476908978502,22569.18,7.70361344,0.41100000000000003,49.24,4.23,0.02,0.61,1.88,0.77,66.3,10.51,55,18052,418204736,13916,29371832,121327,208,37496,11842,0,16,2,15.2,11889.8,57.0,5270.0,80.53,48.89,51.71,0.127887230156731,1.8688,big_data
19.29,0.0,2.36,19.48,0.13,0.09,0.0,0.0,35.665384615384625,490.62,0.8,120.71,0.2,0.0,0.0,251.95,256.0,514.14,1111.0,100.52,254.21,0.67,9.33,6.8,9.0,0.0,0.0,0.0,15.090545674545396,19075.02,6.5109401600000005,0.312,43.12,3.7,0.02,0.73,2.62,0.82,74.56,3.46,56,18052,416770592,13924,29988836,123250,208,37915,10470,0,23,85,16.2,10369.8,87.0,5270.0,78.89,49.07,51.75,0.127887230156731,1.8688,big_data
23.84,0.0,2.55,14.01,0.15,0.07,0.0,0.0,36.794393939393935,490.58,1.4,121.25,0.3,0.0,0.0,253.08,220.0,518.66,765.71,100.2,253.29,0.64,9.66,6.4,8.0,0.0,0.0,0.0,15.210756342442446,18604.06,6.350185813333334,0.401,48.18,3.21,0.02,0.6,1.96,0.79,70.64,7.83,45,18052,415061376,13940,30615284,124601,414,38370,12572,0,26,8,20.8,12578.4,5.0,5271.0,77.85,49.35,51.83,0.127887230156731,1.8688,big_data
34.62,0.0,1.76,9.81,0.13,0.08,0.0,0.0,56.483846153846166,494.6,0.8,122.86,0.2,0.0,0.0,254.36,256.0,512.24,1125.5,100.96,255.72,0.64,8.97,6.4,8.2,0.0,0.0,0.0,15.421567996425606,19055.4,6.504243200000001,0.401,36.07,2.07,0.01,0.44,2.08,0.83,76.4,2.38,32,18052,413572640,13948,31239784,124326,208,37227,13935,0,38,184,10.8,15430.6,171.0,5270.0,84.91,51.29,52.44,0.127887230156731,1.8688,big_data
65.61,0.0,3.15,3.57,0.18,0.08,0.0,0.0,88.80824175824176,568.0,1.2,140.8,0.3,0.0,0.0,253.85,256.0,444.15,1025.33,100.72,255.26,0.67,9.97,6.8,8.8,0.0,0.0,0.0,15.584484177953707,29549.36,10.086181546666666,0.41600000000000004,38.46,2.07,0.01,0.34,2.0,0.83,77.29,3.3,30,18052,409982944,13956,31956172,143750,235,36940,20618,0,68,101,20.8,19108.8,96.0,5270.0,82.68,51.39,52.47,0.127887230156731,1.8688,big_data
94.05,0.0,0.91,0.55,0.15,0.04,0.0,0.0,95.15421874999996,597.8,0.8,148.93,0.2,0.0,0.0,255.11,256.0,427.34,1028.25,100.84,255.23,0.52,6.83,5.2,7.0,0.0,0.0,0.0,16.12975361085604,21463.36,7.326160213333334,0.644,25.48,0.84,0.0,0.23,1.2,0.78,70.65,0.55,25,18052,408054816,13964,32720788,152006,222,35410,88912,0,95,94,9.4,88903.6,114.0,5269.0,95.2,54.5,53.47,0.127887230156731,1.8944,big_data
75.99,0.0,2.24,3.68,0.18,0.06,0.0,0.0,80.15758064516129,617.2,1.0,153.53,0.25,0.0,0.0,254.71,256.0,406.38,1165.0,100.88,243.57,0.7,10.59,7.0,8.6,0.0,0.0,0.0,16.37610264542096,29777.76,10.16414208,0.41700000000000004,35.17,1.73,0.0,0.37,2.03,0.85,78.15,1.2,13,18052,404864832,13972,33452300,145907,413,36945,35318,0,78,186,20.6,37105.2,175.0,5269.0,106.15,57.45,54.43,0.1278629631301358,1.8944,big_data
60.11,0.0,0.57,10.93,0.16,0.07,0.0,0.0,60.90484375,502.0,2.4,122.94,0.59,0.0,81.25,250.79,252.33,426.79,613.5,100.24,233.61,0.73,10.54,7.4,9.6,0.0,0.0,0.0,16.817064141817788,16339.16,5.577099946666666,0.59,35.12,1.12,0.0,0.26,1.31,0.77,70.79,0.54,56,18052,402747712,13984,34153020,140116,452,36574,138130,0,61,85,9.4,136368.2,87.0,5269.0,102.14,57.42,54.44,0.1278629631301358,1.8944,big_data
6.69,0.0,1.51,29.33,0.12,0.09,0.0,0.0,0.0,459.6,0.8,113.98,0.2,0.0,0.0,253.95,256.0,550.84,1452.5,100.0,252.61,0.64,9.66,6.4,8.0,0.0,0.0,0.0,17.079753395903033,9522.82,3.250455893333333,0.586,52.02,4.31,0.03,0.74,1.09,0.64,52.43,18.58,56,18052,401396480,13996,34739900,117076,214,36973,8912,0,8,3,20.6,8891.4,3.0,5269.0,98.76,57.47,54.47,0.1278629631301358,1.8944,big_data
24.05,0.0,1.32,26.57,0.1,0.08,0.0,0.0,33.32176470588235,476.0,0.8,118.53,0.2,0.0,0.0,255.0,256.0,533.64,1138.0,100.48,254.35,0.68,9.0,6.8,8.8,0.0,0.0,0.0,17.223483031332954,13201.320000000003,4.50605056,0.419,35.26,1.79,0.01,0.4,1.99,0.83,76.84,2.0,56,18052,400102080,14004,35353792,122360,208,36669,12775,0,27,188,14.8,12786.2,179.0,5266.0,98.94,58.19,54.72,0.1278386961035406,1.8944,big_data
86.91,0.0,1.48,5.99,0.17,0.05,0.0,0.0,88.61164062499998,516.6,0.6,128.76,0.15,0.0,0.0,255.23,256.0,488.54,1457.0,101.52,256.91,0.67,9.97,6.8,8.8,0.0,0.0,0.0,17.360294743561937,24452.08,8.346309973333332,0.5379999999999999,34.1,1.16,0.0,0.23,1.5,0.81,74.92,0.82,53,18052,397798400,14020,36008180,130410,434,37245,101550,0,89,223,15.17,101862.08,237.0,5266.0,102.95,59.7,55.22,0.1277901620503502,1.8944,big_data
91.59,0.0,0.72,0.77,0.15,0.05,0.0,0.0,92.5159375,523.35,1.6,130.07,0.4,0.0,0.0,254.5,256.0,486.35,936.88,100.92,255.62,0.58,8.04,5.8,7.6,0.0,0.0,0.0,17.66837888804211,19117.68,6.52550144,0.562,32.08,0.96,0.0,0.22,1.44,0.81,74.51,0.27,52,18052,396080896,14028,36676928,133476,211,35957,105756,0,93,174,16.2,105676.6,174.0,5266.0,113.2,62.54,56.17,0.1277901620503502,1.8944,big_data
53.6,0.0,0.41,11.41,0.14,0.05,0.0,0.0,56.01876033057853,516.6,0.6,128.82,0.15,0.0,0.0,255.34,256.0,481.72,1625.67,100.16,253.54,0.7,10.59,7.0,8.6,0.0,0.0,0.0,17.867061430073782,12321.84,4.20585472,0.375,34.89,1.43,0.01,0.39,2.14,0.8,78.64,0.15,55,18052,394987456,14036,37349524,134586,226,37629,42653,0,54,95,13.8,42214.8,87.0,5265.0,109.34,62.58,56.22,0.1277901620503502,1.8944,big_data
86.21,0.0,1.21,3.81,0.16,0.07,0.0,0.0,87.64046875000003,511.8,1.2,127.79,0.3,0.0,0.0,255.68,256.0,497.76,1109.5,101.36,256.87,0.61,8.33,6.2,8.2,0.0,0.0,0.0,17.983790390020516,19424.66,6.630283946666666,0.47100000000000003,32.26,1.26,0.0,0.27,1.75,0.82,77.54,0.59,52,18052,392943680,14048,37993292,128415,218,36434,26398,0,88,251,16.2,26400.4,252.0,5266.0,120.37,65.64,57.24,0.127887230156731,1.8944,big_data
99.21,0.0,0.53,0.01,0.16,0.05,0.0,0.0,99.94539062500002,511.2,0.6,127.55,0.15,0.0,0.0,255.5,256.0,498.16,1450.0,101.36,256.84,0.52,7.47,5.2,6.8,0.0,0.0,0.0,18.21848874419245,19108.3,6.522299733333332,0.77,33.57,0.68,0.0,0.16,0.96,0.74,66.64,0.18,42,18052,391312768,14056,38645104,129437,212,35073,164174,0,100,342,15.4,164610.0,349.0,5265.0,129.23,68.39,58.18,0.1277901620503502,1.8944,big_data
87.07,0.0,1.28,1.48,0.17,0.06,0.0,0.0,88.57421874999994,512.4,0.8,127.26,0.2,0.0,0.0,254.31,256.0,489.46,1366.5,101.12,256.1,0.81,12.16,8.2,10.2,0.0,0.0,0.0,18.476092672662976,21081.72,7.1958937600000015,0.621,32.49,0.87,0.0,0.21,1.24,0.77,71.69,0.51,55,18052,388877184,14064,39303944,131738,208,36677,310208,0,89,87,16.0,309744.0,88.0,5266.0,130.33,69.63,58.63,0.1278144290769454,1.8944,big_data
76.45,0.0,0.58,5.0,0.15,0.07,0.0,0.0,77.25054687499998,493.8,0.8,121.66,0.2,0.0,0.0,252.29,256.0,509.6,1134.75,100.56,254.55,0.61,8.98,6.2,8.2,0.0,0.0,0.0,18.734593565529234,17167.920000000002,5.85998336,0.444,35.07,1.28,0.0,0.28,1.82,0.81,77.95,0.23,46,18052,387558944,14072,39932492,125434,208,36432,24214,0,78,227,14.2,24294.4,229.0,5265.0,130.94,70.76,59.06,0.1278144290769454,1.8944,big_data
84.13,0.0,1.31,2.82,0.16,0.04,0.0,0.0,85.64484375000002,484.6,1.0,119.52,0.25,0.0,0.0,252.56,256.0,513.75,1107.2,100.16,253.81,0.7,10.01,7.0,8.8,0.0,0.0,0.0,18.91591988441397,17955.22,6.128715093333334,0.455,34.82,1.2,0.01,0.27,1.79,0.81,77.59,0.74,54,18052,385702880,14080,40540204,121347,228,36513,93422,0,86,96,14.4,93352.8,103.0,5265.0,135.59,72.73,59.76,0.12776589502375502,1.8944,big_data
72.03,0.0,0.58,6.6,0.13,0.05,0.0,0.0,79.31833333333333,490.0,1.0,120.67,0.25,0.0,0.0,252.17,256.0,518.04,939.0,100.08,253.22,0.64,9.59,6.39,7.98,0.0,0.0,0.0,19.10438324966986,13261.22,4.526496426666667,0.366,32.88,1.46,0.01,0.31,2.29,0.84,81.14,0.61,53,18052,384608320,14088,41154788,122719,413,37153,13623,0,73,184,15.37,14596.01,185.0,5265.0,135.87,73.83,60.18,0.12776589502375502,1.8944,big_data
89.0,0.0,1.08,4.81,0.16,0.06,0.0,0.0,90.30632812499992,459.8,2.0,113.63,0.5,0.0,0.0,253.06,256.0,544.41,547.9,100.88,255.52,0.61,8.33,6.2,8.2,0.0,0.0,0.0,19.19749998204934,18084.26,6.172760746666667,0.642,34.53,0.72,0.0,0.15,1.21,0.78,71.76,0.2,45,18052,383063680,14096,41741204,116960,432,36884,210818,0,90,349,15.8,210375.8,348.0,5265.0,150.13,77.81,61.55,0.12776589502375502,1.8944,big_data
94.84,0.0,0.48,1.56,0.14,0.05,0.0,0.0,95.51515625,475.25,0.8,117.73,0.2,0.0,0.0,253.68,256.0,537.31,1113.25,100.92,255.37,0.64,9.68,6.4,8.2,0.0,0.0,0.0,19.415447924191998,14864.84,5.073865386666667,0.442,30.51,1.03,0.0,0.25,1.9,0.84,79.22,0.11,46,18052,381579328,14104,42351628,121779,214,35306,67753,0,96,210,14.17,67084.63,212.0,5265.0,159.09,80.87,62.62,0.12776589502375502,1.92,big_data
71.94,0.0,0.91,4.23,0.13,0.05,0.0,0.0,75.9815833333333,499.4,0.8,124.35,0.2,0.0,0.0,254.97,256.0,501.93,1403.75,100.32,253.86,0.7,9.95,7.0,8.8,0.0,0.0,0.0,19.5802027689996,13483.76,4.602456746666666,0.33,37.22,1.3,0.01,0.29,2.58,0.85,82.8,0.6,56,18052,380155584,14112,42990608,127098,208,36523,64162,0,72,84,15.8,64150.8,87.0,5265.0,157.64,81.87,63.04,0.1278629631301358,1.92,big_data
68.31,0.0,0.65,9.71,0.15,0.06,0.0,0.0,69.16492187500002,487.8,0.6,121.32,0.15,0.0,0.0,254.69,256.0,519.14,1454.33,100.72,254.82,0.67,9.97,6.8,8.8,0.0,0.0,0.0,19.684159653505766,19220.08,6.560453973333333,0.344,39.39,1.74,0.01,0.35,2.38,0.82,80.42,1.24,56,18052,378647744,14120,43610656,124412,208,36759,49612,0,69,85,14.2,49704.4,85.0,5265.0,156.39,82.87,63.47,0.12776589502375502,1.92,big_data
76.82,0.0,1.46,5.14,0.14,0.05,0.0,0.0,81.28237704918034,471.2,2.2,117.27,0.55,0.0,0.0,254.85,256.0,544.1,471.45,100.4,254.11,0.64,9.03,6.4,8.2,0.0,0.0,0.0,19.918312095281305,13443.820000000003,4.588823893333334,0.431,32.98,1.19,0.0,0.24,1.65,0.71,77.12,0.18,48,18052,377033024,14128,44220356,121340,618,37440,34497,0,80,201,15.8,34416.0,202.0,5265.0,163.64,85.59,64.45,0.1277901620503502,1.92,big_data
99.16,0.0,0.45,0.18,0.14,0.04,0.0,0.0,99.79515625,491.6,1.0,122.54,0.25,0.0,0.0,255.25,256.0,515.51,1088.0,100.32,254.15,0.5,6.21,4.8,5.8,0.0,0.0,0.0,20.046324761176784,14340.8,4.894993066666666,0.654,35.19,0.72,0.0,0.17,1.05,0.69,69.53,0.15,44,18052,375424224,14136,44836808,122870,226,35274,193882,0,100,204,16.6,193893.6,219.0,5267.0,182.09,90.71,66.22,0.1277901620503502,1.92,big_data
97.48,0.0,1.76,0.04,0.17,0.06,0.0,0.0,99.45953125000004,537.0,1.0,133.55,0.25,0.0,0.0,254.66,256.0,466.53,976.8,100.08,253.36,0.73,10.53,7.4,9.4,0.0,0.0,0.0,20.306047133029974,25609.38,8.74133504,0.904,36.87,0.53,0.0,0.12,0.77,0.69,62.13,0.62,40,18052,372911040,14144,45521884,136862,211,35877,389444,0,99,190,13.4,390453.6,180.0,5265.0,192.09,94.31,67.52,0.12776589502375502,1.9456,big_data
93.03,0.0,0.86,0.38,0.13,0.05,0.0,0.0,94.064375,497.41,1.4,123.62,0.35,0.0,0.0,254.49,256.0,501.39,761.29,100.44,254.13,0.72,10.67,7.19,9.18,0.0,0.0,0.0,20.60542700763435,12304.26,4.19985408,0.569,30.98,0.67,0.0,0.18,1.39,0.79,74.73,0.37,46,18052,371383136,14160,46159140,127226,427,35588,163572,0,94,182,15.77,162197.8,190.0,5265.0,202.1,98.0,68.86,0.1277901620503502,1.9456,big_data
97.56,0.0,0.59,0.35,0.14,0.05,0.0,0.0,98.35046875,505.2,1.4,124.96,0.35,0.0,0.0,253.28,256.0,505.91,574.0,100.32,254.18,0.58,7.76,5.8,7.6,0.0,0.0,0.0,20.814685844134445,20692.24,7.062951253333333,0.647,28.89,0.84,0.0,0.23,1.2,0.78,70.61,0.13,49,18052,369488736,14172,46797132,127562,425,35251,141995,0,98,181,15.8,142005.0,178.0,5265.0,211.3,101.64,70.19,0.12776589502375502,1.9456,big_data
98.65,0.0,0.91,0.09,0.16,0.04,0.0,0.0,99.75648437499996,498.8,1.0,123.32,0.25,0.0,0.0,253.16,256.0,504.94,966.6,100.8,255.49,0.56,8.02,5.6,8.0,0.0,0.0,0.0,21.009813131684613,19858.44,6.77834752,1.012,33.84,0.43,0.0,0.11,0.58,0.59,56.38,0.17,40,18052,367389440,14180,47433736,126528,208,35918,549463,0,100,349,14.37,551304.79,342.0,5264.0,227.61,106.84,72.04,0.1277901620503502,1.9456,big_data
48.83,0.0,0.99,9.47,0.13,0.08,0.0,0.0,50.029921875,502.2,1.2,124.28,0.3,0.0,0.0,253.42,256.0,496.0,909.17,101.04,255.98,0.87,13.21,8.8,10.8,0.0,0.0,0.0,21.320577554388734,9970.68,3.4033254400000006,0.68,44.11,0.94,0.01,0.3,1.03,0.7,66.13,1.17,54,18052,365913120,14188,48077376,128659,413,36730,314552,0,48,7,15.6,311600.0,6.0,5266.0,213.95,106.01,71.96,0.127887230156731,1.9456,big_data
15.51,0.0,0.84,20.27,0.12,0.07,0.0,0.0,33.2,490.8,1.8,121.57,0.45,0.0,0.0,253.64,256.0,516.64,548.89,100.0,252.8,0.64,9.65,6.4,8.6,0.0,0.0,0.0,21.42338574822749,7638.26,2.6071927466666667,0.247,37.73,2.15,0.02,0.6,3.5,0.87,82.02,0.86,55,18052,365108576,14196,48697948,123396,413,36968,8757,0,18,88,14.2,8754.4,88.0,5265.0,201.46,105.22,71.89,0.12776589502375502,1.9712,big_data
81.56,0.0,0.85,5.55,0.14,0.06,0.0,0.0,82.61257812500001,482.24,0.6,119.82,0.15,0.0,0.0,254.43,256.0,522.05,1720.67,100.92,255.48,0.67,9.33,6.8,9.0,0.0,0.0,0.0,21.450742024979995,14208.74,4.849916586666667,0.408,34.36,1.0,0.01,0.22,1.9,0.77,77.22,0.39,54,18052,363337536,14204,49316672,123570,22,36472,69238,0,83,272,15.8,70561.8,250.0,5265.0,204.23,107.39,72.77,0.12776589502375502,1.9712,big_data
98.93,0.0,0.75,0.01,0.15,0.04,0.0,0.0,99.87078124999992,516.77,0.4,128.93,0.1,0.0,0.0,255.47,256.0,487.04,1845.5,101.24,256.13,0.64,9.7,6.4,8.6,0.0,0.0,0.0,21.715404904020527,17002.5,5.80352,0.745,22.39,0.51,0.01,0.2,0.95,0.71,66.2,0.13,51,18052,361677504,14368,49991692,133434,212,35593,301897,0,100,257,16.2,301132.4,258.0,5268.0,213.34,110.88,74.09,0.12776589502375502,1.9456,big_data
87.14,0.0,1.59,0.29,0.15,0.06,0.0,0.0,88.93898437499998,513.4,0.8,127.86,0.2,0.0,0.0,255.03,256.0,495.96,1454.0,101.2,256.05,0.58,7.76,5.8,7.6,0.0,0.0,0.0,21.87201655558196,22352.6,7.629687466666668,0.605,29.88,0.94,0.01,0.25,1.32,0.8,72.23,1.0,49,18052,359581536,14376,50645232,130451,230,35570,198289,3,89,99,36.4,197749.6,97.0,5268.0,207.62,111.4,74.45,0.12776589502375502,1.9456,big_data
78.55,0.0,1.17,2.78,0.15,0.04,0.0,0.0,79.916328125,503.2,0.8,125.15,0.2,0.0,0.0,254.68,256.0,500.9,1096.0,100.88,255.56,0.7,10.21,6.99,9.38,0.0,0.0,0.0,22.144520859627324,17192.9,5.868509866666668,0.493,37.82,1.06,0.01,0.23,1.55,0.76,75.07,0.58,45,18052,358103552,14396,51289992,128957,226,36740,41025,0,80,273,14.57,43102.0,263.0,5267.0,202.53,111.94,74.83,0.1278144290769454,1.9456,big_data
95.73,0.0,1.32,0.19,0.13,0.05,0.0,0.0,97.23359375000004,529.0,1.4,131.62,0.3,0.0,0.0,254.78,220.0,479.05,815.0,100.24,253.6,0.7,10.03,7.0,9.0,0.0,0.0,0.0,22.329415322591807,16315.820000000003,5.5691332266666675,0.777,40.19,0.44,0.0,0.12,0.85,0.66,65.46,0.7,52,18052,356302432,14416,51965940,135123,245,35939,320155,0,97,173,16.6,318850.4,178.0,5267.0,198.4,112.59,75.23,0.1278144290769454,1.9456,big_data
41.15,0.0,0.54,10.36,0.12,0.07,0.0,0.0,44.379464285714285,518.8,0.8,129.27,0.2,0.0,0.0,255.15,256.0,479.34,1200.5,100.4,254.18,0.64,9.65,6.4,8.6,0.0,0.0,0.0,22.519387529054388,10530.22,3.594315093333333,0.298,39.59,2.15,0.02,0.59,2.84,0.85,81.14,1.41,47,18052,355291712,14432,52621128,130013,242,37006,23666,0,40,2,20.0,22815.0,2.0,5268.0,187.64,111.78,75.17,0.12796003123651664,1.9456,big_data
66.41,0.0,0.77,4.62,0.13,0.05,0.0,0.0,81.32589999999998,521.4,1.4,129.07,0.35,0.0,88.14,253.48,256.0,487.47,669.14,100.24,253.98,0.67,9.34,6.8,9.2,0.0,0.0,0.0,22.613243517803983,12318.12,4.20458496,0.5760000000000001,32.39,0.79,0.0,0.19,1.35,0.78,74.01,0.16,48,18052,354054368,14456,53284952,133045,487,36237,31409,0,69,258,11.38,32152.69,273.0,5268.0,183.74,112.24,75.52,0.1278386961035406,1.92,big_data
98.7,0.0,1.02,0.03,0.16,0.05,0.0,0.0,99.93789062499997,499.8,1.4,123.24,0.29,0.0,0.0,252.5,213.71,503.89,726.0,100.88,255.83,0.58,8.7,5.8,7.8,0.0,0.0,0.0,22.726461957757248,13912.38,4.74875904,0.945,34.61,0.46,0.0,0.13,0.7,0.67,60.19,0.09,50,18052,352341376,14476,53911572,124818,262,36089,711267,0,100,269,21.2,711628.0,257.0,5273.0,194.66,115.68,76.83,0.12796003123651664,1.92,big_data
87.96,0.0,0.44,3.86,0.13,0.05,0.0,0.0,88.57953125,496.2,1.4,122.4,0.35,0.0,0.0,252.6,256.0,506.32,659.43,100.4,254.24,0.7,9.98,7.0,9.2,0.0,0.0,0.0,22.960472613952064,15339.22,5.235787093333333,0.556,32.83,1.0,0.01,0.25,1.45,0.81,74.52,0.06,39,18052,350874336,14492,54543808,126245,446,35863,196557,0,88,88,11.4,195365.4,91.0,5268.0,189.96,116.02,77.15,0.1278386961035406,1.92,big_data
81.06,0.0,0.51,8.16,0.15,0.05,0.0,0.0,81.76703125,503.4,2.0,124.7,0.42,0.0,68.75,253.66,214.4,513.09,606.4,100.32,253.92,0.59,8.71,5.99,8.18,0.0,0.0,0.0,23.04858894042293,12155.18,4.148968106666667,0.42200000000000004,30.57,1.11,0.0,0.27,2.02,0.85,80.1,0.25,51,18052,349457824,14508,55193448,129452,446,36150,27499,0,83,218,21.0,28463.2,222.0,5273.0,193.08,117.9,77.96,0.1278386961035406,1.8944,big_data
93.68,0.0,0.55,0.16,0.15,0.05,0.0,0.0,94.43906249999996,507.8,1.0,126.15,0.25,0.0,0.0,254.38,256.0,503.81,971.2,100.48,254.32,0.66,9.09,6.6,8.8,0.0,0.0,0.0,23.281895217984072,17364.02,5.926918826666667,0.642,31.61,0.77,0.0,0.18,1.16,0.75,70.28,0.15,47,18052,347676832,14524,55834856,128103,219,35815,291013,0,94,90,9.2,290061.4,91.0,5266.0,193.16,119.16,78.59,0.1278386961035406,1.8944,big_data
76.77,0.0,0.51,8.33,0.15,0.05,0.0,0.0,78.27373015873019,486.4,1.0,121.02,0.25,0.0,0.0,254.78,256.0,505.62,1094.0,101.12,255.79,0.64,9.66,6.4,8.8,0.0,0.0,0.0,23.44104839503537,12023.86,4.104144213333334,0.379,31.2,1.46,0.01,0.32,2.28,0.86,81.2,0.18,52,18052,346426368,14536,56464476,125787,417,36586,29189,0,78,265,21.0,29520.0,262.0,5267.0,188.98,119.52,78.92,0.1277901620503502,1.8944,big_data
52.68,0.0,0.24,13.41,0.14,0.06,0.0,0.0,55.56991525423729,487.2,1.0,121.09,0.21,0.0,76.19,254.5,218.4,517.68,760.6,100.4,254.19,0.71,10.52,7.2,9.6,0.0,0.0,0.0,23.52911543774823,9759.34,3.3311880533333333,0.371,36.04,1.62,0.01,0.46,2.21,0.82,79.53,0.13,55,18052,345536448,14548,57084252,124399,222,37149,15175,0,52,85,9.0,14844.4,85.0,5266.0,186.58,120.18,79.35,0.1277901620503502,1.8944,big_data
43.91,0.0,0.7,16.33,0.12,0.08,0.0,0.0,46.572118644067814,489.0,1.0,121.72,0.2,0.0,0.0,254.9,205.6,518.77,1163.0,100.4,253.75,0.66,9.75,6.6,9.0,0.0,0.0,0.0,23.578072406529614,10443.26,3.5646327466666667,0.304,38.72,1.96,0.01,0.45,2.78,0.85,82.19,0.6,54,18052,344334592,14556,57701144,122206,208,37352,30224,0,45,87,21.0,30213.6,91.0,5266.0,182.77,120.49,79.67,0.1277901620503502,1.8944,big_data
41.66,0.0,0.79,8.86,0.12,0.06,0.0,0.0,60.04506666666669,512.8,0.8,127.64,0.2,0.0,0.0,254.88,256.0,491.62,1161.0,102.4,259.14,0.58,7.98,5.79,7.78,0.0,0.0,0.0,23.736578829033533,11300.48,3.857230506666667,0.368,36.73,1.33,0.01,0.37,2.29,0.84,80.26,0.17,48,18052,343097216,14564,58362236,131773,226,37266,17662,0,43,207,15.6,17692.2,169.0,5267.0,180.63,121.08,80.08,0.1277901620503502,1.8944,big_data
55.18,0.0,1.02,9.48,0.13,0.07,0.0,0.0,56.398984375000026,521.2,1.6,129.01,0.36,0.0,55.56,253.47,229.5,481.1,713.0,100.96,255.51,0.71,10.96,7.2,9.8,0.0,0.0,0.0,23.90115625231231,13763.22,4.69784576,0.684,41.49,0.99,0.01,0.3,1.08,0.74,67.44,1.48,56,18052,341662912,14576,59017428,131666,220,37216,43724,0,55,6,14.4,43692.4,5.0,5266.0,170.97,120.07,79.98,0.1277901620503502,1.8944,big_data
41.8,0.0,0.59,13.97,0.12,0.07,0.0,0.0,48.210792079207934,501.4,1.4,123.63,0.3,0.0,0.0,252.49,220.0,504.12,626.71,100.32,253.89,0.66,9.1,6.6,9.0,0.0,0.0,0.0,23.971042137590352,9679.96,3.304093013333333,0.293,36.75,1.82,0.01,0.51,2.94,0.86,82.7,0.2,49,18052,340540640,14588,59654276,126717,427,36944,15077,0,43,6,15.8,15078.4,6.0,5266.0,174.81,121.71,80.72,0.1277901620503502,1.8944,big_data
21.19,0.0,0.34,21.23,0.13,0.08,0.0,0.0,33.99947368421053,503.4,0.8,125.2,0.2,0.0,0.0,254.67,256.0,496.72,1263.75,100.0,252.66,0.64,9.65,6.4,8.6,0.0,0.0,0.0,24.038239404316162,6676.339999999998,2.2788573866666666,0.262,37.35,2.05,0.02,0.62,3.32,0.87,82.34,0.2,40,18052,339728512,14596,60297816,127814,212,37160,9466,0,23,100,19.2,9472.8,88.0,5271.0,165.62,120.69,80.61,0.1277901620503502,1.8944,big_data
50.95,0.0,0.72,12.25,0.12,0.06,0.0,0.0,51.8525,513.4,0.8,127.19,0.2,0.0,78.95,253.68,256.0,496.04,1174.25,100.8,255.15,0.65,9.31,6.6,9.0,0.0,0.0,0.0,24.130921681413522,12826.6,4.378146133333334,0.327,38.33,1.8,0.01,0.45,2.61,0.85,81.37,0.6,55,18052,338375136,14608,60948436,130643,221,37008,15933,0,51,6,10.8,15932.4,6.0,5266.0,157.08,119.66,80.5,0.1277901620503502,1.8944,big_data
48.72,0.0,1.17,9.49,0.14,0.07,0.0,0.0,52.723189655172426,461.28,1.0,113.64,0.21,0.0,0.0,252.28,217.6,543.04,1260.2,101.08,255.77,0.66,9.75,6.6,9.0,0.0,0.0,0.0,24.26523129515904,14493.679999999997,4.947176106666666,0.33,39.34,2.04,0.01,0.43,2.62,0.86,81.94,0.87,52,18052,336799712,14620,61527876,115409,209,37790,15264,0,51,256,22.6,15260.4,251.0,5266.0,149.23,118.65,80.38,0.1277901620503502,1.8944,big_data
49.94,0.0,0.68,9.58,0.11,0.08,0.0,0.0,50.79867187499996,489.6,1.4,121.7,0.3,0.0,0.0,254.54,220.0,519.62,649.0,100.24,253.46,0.64,8.98,6.4,8.4,0.0,0.0,0.0,24.47549097105252,10112.1,3.4515968,0.415,35.89,1.48,0.01,0.4,1.8,0.75,74.67,0.54,53,18052,335491040,14632,62162396,125959,214,36857,49875,0,50,10,12.0,49875.6,10.0,5268.0,141.92,117.65,80.26,0.1277901620503502,1.8944,big_data
18.13,0.0,0.63,16.63,0.11,0.06,0.0,0.0,33.76546875,501.6,1.0,124.82,0.25,0.0,0.0,254.82,256.0,496.92,1056.2,100.4,254.29,0.66,10.05,6.8,9.4,0.0,0.0,0.0,24.544969696668247,6832.480000000001,2.3321531733333334,0.349,41.19,1.87,0.02,0.66,2.28,0.8,73.79,0.2,56,18052,334708192,14644,62800800,127474,432,36472,8561,0,19,5,18.2,8544.6,6.0,5266.0,135.28,116.67,80.15,0.1277901620503502,1.8944,big_data
28.35,0.0,0.36,16.03,0.12,0.07,0.0,0.0,39.514303797468365,488.2,0.8,121.25,0.18,0.0,88.89,254.31,225.0,513.44,1193.0,100.24,253.51,0.65,8.99,6.4,8.4,0.0,0.0,0.0,24.61595347243237,6949.88,2.3722257066666663,0.324,38.3,1.44,0.02,0.57,2.61,0.84,80.56,0.04,55,18052,333730112,14656,63427648,125406,237,36802,11222,0,29,1,15.8,11222.2,2.0,5266.0,129.25,115.73,80.04,0.1277901620503502,1.8688,big_data
57.33,0.0,0.57,9.52,0.15,0.07,0.0,0.0,58.12507812499999,490.6,1.2,122.09,0.25,0.0,0.0,254.84,214.0,518.85,979.83,100.16,253.38,0.65,9.74,6.6,9.0,0.0,0.0,0.0,24.61253545426163,13180.4,4.498909866666667,0.519,37.33,1.01,0.0,0.27,1.55,0.81,74.74,0.24,55,18052,332209088,14668,64054536,124838,209,36948,116848,0,59,90,14.2,116849.6,90.0,5268.0,143.97,119.01,81.29,0.12791149718332626,1.8688,big_data
68.22,0.0,0.63,11.18,0.13,0.05,0.0,0.0,69.02335937499993,502.4,0.8,125.13,0.2,0.0,0.0,255.04,256.0,508.54,1138.0,100.4,254.04,0.58,8.21,5.8,7.8,0.0,0.0,0.0,24.807876557500393,12915.08,4.408347306666666,0.41,30.39,1.31,0.0,0.31,2.08,0.85,80.16,0.25,51,18052,330983360,14680,64692652,127326,237,36687,10859,0,70,178,15.77,10845.31,176.0,5266.0,152.3,121.15,82.18,0.1277901620503502,1.8688,big_data
99.04,0.0,0.71,0.0,0.18,0.06,0.0,0.0,99.987890625,531.6,2.6,132.32,0.56,0.0,40.91,254.88,220.0,472.48,404.15,100.4,254.34,0.6,7.89,6.0,8.4,0.0,0.0,0.0,24.915072522225138,20588.58,7.027568639999998,0.787,29.29,0.68,0.0,0.21,0.95,0.75,65.79,0.16,46,18052,329213312,14696,65374064,136102,627,35505,311787,0,100,188,14.2,311780.4,205.0,5268.0,179.58,127.32,84.39,0.12791149718332626,1.8688,big_data
99.32,0.0,0.45,0.0,0.17,0.04,0.0,0.0,99.975,516.4,1.0,128.37,0.25,0.0,0.0,254.56,256.0,491.42,1025.2,100.32,253.68,0.49,6.89,4.8,6.4,0.0,0.0,0.0,25.125959997374462,21160.96,7.222941013333332,0.946,28.72,0.59,0.0,0.17,0.74,0.7,59.38,0.12,33,18052,327721024,14836,66023052,129087,208,35015,225262,2,100,509,13.4,225377.4,513.0,5272.0,203.64,133.18,86.52,0.1278144290769454,1.8688,big_data
98.85,0.0,0.93,0.0,0.17,0.05,0.0,0.0,99.998359375,621.16,2.4,154.36,0.51,0.0,60.0,254.46,220.0,405.12,364.58,99.88,249.16,0.47,5.86,4.78,6.97,0.0,0.0,0.0,25.378538498951546,22443.38,7.660673706666667,1.129,29.09,0.49,0.0,0.16,0.58,0.65,52.57,0.1,20,18052,325796480,14868,66799040,155046,441,35570,634333,0,100,536,16.8,634779.8,536.0,5269.0,225.93,138.97,88.64,0.1278144290769454,1.8688,big_data
99.09,0.0,0.68,0.0,0.17,0.05,0.0,0.0,99.998359375,604.8,2.2,149.59,0.55,0.0,71.79,253.28,256.0,358.47,510.64,100.0,206.91,2.77,11.59,10.2,13.2,0.0,0.0,0.0,25.52280343181459,23431.64,7.997999786666668,1.204,24.63,0.42,0.0,0.16,0.5,0.61,48.47,0.09,9,18052,323944032,14884,67509272,141946,667,35301,477454,0,100,702,9.8,476360.2,691.0,5271.0,259.81,147.44,91.65,0.12798429826311186,1.8688,big_data
98.97,0.0,0.8,0.0,0.17,0.06,0.0,0.0,100.0,566.4,8.0,140.85,1.84,0.0,35.48,254.65,235.8,107.11,597.17,100.0,69.66,1.01,4.65,4.2,6.4,0.0,0.0,0.0,25.74118355460439,22350.82,7.629079893333333,1.252,29.53,0.44,0.0,0.14,0.45,0.57,46.55,0.05,5,18052,322378272,14912,68247232,146890,1663,35604,801796,0,100,560,14.17,801360.88,557.0,5273.0,287.77,155.1,94.43,0.12791149718332626,1.8688,big_data
99.16,0.0,0.61,0.0,0.16,0.05,0.0,0.0,99.9765625,584.8,1.0,145.18,0.25,0.0,0.0,254.21,256.0,304.75,740.8,100.0,188.6,1.19,15.57,11.0,14.6,0.0,0.0,0.0,25.886205940917435,22195.96,7.576221013333333,0.9490000000000001,30.94,0.55,0.0,0.18,0.66,0.63,57.82,0.06,32,18052,320840224,14920,69043264,159213,416,35550,561768,0,100,213,16.0,561129.8,205.0,5272.0,295.32,158.87,95.97,0.12791149718332626,1.8688,big_data
99.41,0.0,0.29,0.01,0.13,0.04,0.0,0.0,99.868828125,523.2,1.4,129.22,0.31,0.0,61.11,252.91,226.29,480.59,668.57,100.4,253.85,1.77,12.18,10.8,14.2,0.0,0.0,0.0,26.00686092084821,13243.2,4.5203456000000015,0.614,28.49,0.71,0.0,0.18,1.15,0.7,70.88,0.04,45,18052,319560544,14932,69723640,135594,450,34639,100148,0,99,383,16.37,101131.34,356.0,5274.0,300.42,162.19,97.39,0.12796003123651664,1.8688,big_data
56.97,0.0,0.76,6.01,0.14,0.07,0.0,0.0,59.591393442622994,537.8,1.8,132.98,0.4,0.0,0.0,253.2,228.0,467.74,683.11,100.48,254.1,2.24,13.22,10.6,14.4,0.0,0.0,0.0,26.123349527698203,14662.1,5.004663466666667,0.43799999999999994,41.03,1.65,0.01,0.46,1.6,0.7,74.42,0.86,54,18052,318404064,14944,70403056,136333,414,36481,83779,0,56,2,16.8,82585.6,4.0,5278.0,287.97,161.9,97.64,0.12803283231630225,1.8688,big_data
17.85,0.0,0.44,18.92,0.12,0.07,0.0,0.0,40.573333333333345,507.2,1.0,125.76,0.25,0.0,0.0,253.89,256.0,486.27,1040.8,100.16,253.14,2.01,10.13,8.6,12.0,0.0,0.0,0.0,26.1866063684184,8574.460000000001,2.9267490133333336,0.332,38.34,1.9,0.02,0.67,2.54,0.84,80.1,0.16,44,18052,317682208,14952,71046960,127950,212,37474,12932,0,20,90,14.4,12934.8,88.0,5277.0,269.63,160.2,97.43,0.12808136636949266,1.8432,big_data
25.08,0.0,0.23,20.62,0.09,0.09,0.0,0.0,36.23117647058825,494.0,2.0,121.83,0.41,0.0,56.52,252.54,210.8,520.37,578.2,100.32,253.86,2.95,9.6,9.6,13.8,0.0,0.0,0.0,26.223795892210894,5065.4,1.7289898666666663,0.43,42.57,2.12,0.04,0.95,1.77,0.76,69.14,0.2,55,18052,316971168,14968,71674384,125742,429,36752,11560,0,24,1,17.0,11557.6,1.0,5280.0,252.69,158.5,97.22,0.12808136636949266,1.8432,big_data
47.07,0.0,0.27,10.04,0.14,0.06,0.0,0.0,53.43663366336633,479.64,1.4,118.5,0.35,0.0,0.0,252.99,256.0,516.96,673.29,100.6,254.45,0.71,9.77,7.19,9.78,0.0,0.0,0.0,26.265762149471826,9582.56,3.2708471466666675,0.24100000000000002,31.9,1.51,0.02,0.61,3.68,0.89,85.73,0.05,42,18052,315843136,14976,72283264,121112,439,36512,11690,0,49,196,15.17,11692.61,197.0,5284.0,241.02,157.64,97.28,0.12810563339608788,1.8176,big_data
35.22,0.0,0.82,11.21,0.12,0.07,0.0,0.0,48.24537500000001,511.2,1.8,127.13,0.42,0.0,88.31,254.65,236.44,497.1,689.44,100.64,254.79,1.93,9.49,7.8,11.4,0.0,0.0,0.0,26.384773326520143,7291.06,2.4886818133333337,0.373,38.41,1.61,0.03,0.77,2.21,0.83,77.2,0.1,55,18052,314853600,14988,72941904,131472,266,37407,35796,0,36,91,15.2,35790.8,90.0,5278.0,226.52,156.02,97.08,0.12812990042268307,1.8176,big_data
24.87,0.0,0.23,15.47,0.12,0.08,0.0,0.0,34.36379310344827,488.0,5.8,121.08,0.23,0.0,85.92,254.08,41.24,511.86,328.07,100.0,252.86,1.41,10.03,8.2,11.2,0.0,0.0,0.0,26.403520109854554,6718.1,2.2931114666666668,0.405,42.06,2.11,0.03,0.8,1.95,0.79,74.07,0.18,52,18052,314160608,15008,73557328,122808,170,36962,11160,0,24,6,20.8,11170.6,5.0,5279.0,213.11,154.41,96.87,0.12810563339608788,1.8176,big_data
29.93,0.0,0.29,11.75,0.13,0.07,0.0,0.0,46.436338028169004,470.4,3.2,116.84,0.33,0.0,30.43,254.34,105.0,545.07,283.25,100.56,254.49,2.06,9.83,9.0,12.6,0.0,0.0,0.0,26.40397048758157,7764.1,2.650146133333333,0.406,40.14,1.47,0.02,0.51,2.05,0.83,78.43,0.18,52,18052,313169472,15016,74164176,120820,449,36468,25905,0,31,102,10.2,25903.8,92.0,5280.0,215.18,155.82,97.63,0.12815416744927827,1.8176,big_data
46.55,0.0,0.4,9.51,0.11,0.07,0.0,0.0,47.83593495934959,516.6,2.2,128.01,0.42,0.0,38.89,253.74,196.0,485.91,418.64,100.8,255.1,2.71,10.47,9.6,13.4,0.0,0.0,0.0,26.512538057202267,9860.44,3.365696853333333,0.42200000000000004,35.64,1.08,0.01,0.39,1.99,0.84,78.92,0.19,52,18052,312011072,15032,74818864,130531,486,36917,26919,0,46,113,21.16,26864.47,5.0,5282.0,209.4,155.6,97.88,0.12820270150246868,1.8432,big_data
65.86,0.0,0.52,6.71,0.16,0.06,0.0,0.0,66.60757812499997,476.0,0.8,118.1,0.2,0.0,0.0,254.06,256.0,533.98,1132.75,100.4,254.04,0.63,8.82,6.4,9.2,0.0,0.0,0.0,26.657270806660556,14558.44,4.969280853333332,0.28800000000000003,37.72,2.03,0.01,0.56,2.99,0.86,82.57,0.27,54,18052,310342816,15040,75427584,121776,208,37559,24817,0,69,175,16.0,24831.0,173.0,5281.0,203.6,155.29,98.09,0.12812990042268307,1.8432,big_data
62.46,0.0,0.52,5.16,0.13,0.06,0.0,0.0,63.700873015873,506.59,1.2,126.2,0.26,0.0,53.85,255.09,218.67,499.09,917.83,100.76,255.39,1.48,10.32,9.18,12.57,0.0,0.0,0.0,26.811007319600996,13591.22,4.639136426666667,0.301,35.9,1.68,0.01,0.61,2.93,0.88,82.88,0.21,52,18052,308855168,15052,76066776,127426,215,36614,13064,0,63,283,14.0,13051.0,272.0,5280.0,198.99,155.14,98.35,0.12810563339608788,1.8432,big_data
7.77,0.0,0.18,15.16,0.11,0.09,0.0,0.0,30.41,500.2,1.6,124.33,0.35,0.0,0.0,254.52,224.5,495.15,704.25,100.08,253.0,3.08,10.23,11.0,15.4,0.0,0.0,0.0,26.929447563268084,4399.980000000001,1.50185984,1.084,52.36,1.82,0.05,1.19,0.29,0.31,17.97,0.09,48,18052,308256256,15064,76711392,128214,433,36765,15351,0,6,2,17.4,15346.8,2.0,5284.0,187.54,153.49,98.12,0.1281784344758735,1.8432,big_data
6.54,0.0,0.38,16.99,0.11,0.08,0.0,0.0,0.0,504.6,0.8,125.75,0.2,0.0,0.0,255.18,256.0,498.0,1393.5,100.08,253.02,3.05,12.01,13.4,18.4,0.0,0.0,0.0,26.92415524586973,9220.86,3.14738688,0.55,40.98,1.27,0.02,0.5,1.36,0.75,70.36,0.44,37,18052,307371616,15072,77344656,126628,213,37002,9816,0,9,203,20.8,9896.2,189.0,5287.0,176.93,151.86,97.89,0.12815416744927827,1.8432,big_data
70.84,0.0,1.17,11.05,0.16,0.06,0.0,0.0,72.22695312500002,537.13,1.4,133.02,0.31,0.0,56.25,253.6,225.14,470.92,694.14,100.6,254.54,3.74,10.15,12.4,17.0,0.0,0.0,0.0,27.049351155442167,13554.5,4.626602666666667,0.27699999999999997,36.57,1.78,0.02,0.6,3.17,0.88,84.34,0.35,44,18052,305926560,15092,78027728,136570,435,37976,87288,0,71,95,12.18,87055.89,100.0,5280.0,173.49,151.56,98.08,0.12815416744927827,1.8432,big_data
61.2,0.0,0.7,5.11,0.13,0.06,0.0,0.0,65.71940677966104,496.4,1.0,123.54,0.2,0.0,0.0,254.84,205.6,519.45,978.4,100.8,255.15,2.12,12.3,13.8,19.4,0.0,0.0,0.0,27.164177004118148,11813.48,4.0323345066666665,0.257,36.68,1.94,0.03,0.69,3.44,0.89,84.9,0.14,38,18052,304508672,15104,78660816,126310,237,37295,24280,0,63,188,21.4,24263.8,184.0,5277.0,169.93,151.19,98.25,0.12805709934289744,1.8432,big_data
58.49,0.0,0.88,4.93,0.13,0.07,0.0,0.0,59.58265625000002,523.51,1.79,130.43,0.45,0.0,0.0,255.13,256.0,482.09,622.0,100.4,254.33,1.69,9.19,11.8,17.0,0.0,0.0,0.0,27.27970040752285,12357.94,4.2181768533333335,0.59,36.59,0.78,0.01,0.29,1.32,0.78,73.03,0.77,33,18052,303180384,15120,79337256,134846,434,36615,55421,0,60,175,9.8,55849.6,179.0,5269.0,170.01,151.52,98.64,0.1278629631301358,1.8432,big_data
64.88,0.0,1.09,3.83,0.13,0.06,0.0,0.0,66.78690476190475,528.6,2.0,131.21,0.42,0.0,70.59,254.17,215.2,473.27,474.8,100.56,254.56,1.57,10.41,10.8,14.8,0.0,0.0,0.0,27.418547159851713,14635.16,4.9954679466666665,0.242,37.15,1.95,0.02,0.72,3.56,0.86,85.46,0.79,35,18052,301764256,15132,80008808,134066,416,37121,18100,0,65,94,20.6,17658.4,9.0,5263.0,166.57,151.11,98.79,0.127887230156731,1.8432,big_data
40.48,0.0,0.39,6.09,0.13,0.06,0.0,0.0,56.39790123456788,536.8,1.4,133.78,0.35,0.0,0.0,255.21,256.0,462.44,680.14,100.8,255.04,3.48,9.24,11.8,16.4,0.0,0.0,0.0,27.560776294403208,7271.74,2.4820872533333334,0.33,39.94,1.79,0.02,0.96,2.51,0.83,78.05,0.06,33,18052,300782048,15144,80687784,135578,416,36749,8849,0,40,9,16.6,8847.6,7.0,5263.0,156.43,149.26,98.48,0.12769309394396938,1.8432,big_data
55.53,0.0,0.53,5.85,0.12,0.08,0.0,0.0,59.734137931034496,620.0,1.8,153.7,0.36,0.0,55.0,253.85,204.89,399.44,651.78,100.24,238.76,2.5,11.38,14.6,20.0,0.0,0.0,0.0,27.602545416632108,13072.04,4.461922986666666,0.58,43.11,1.03,0.02,0.41,1.36,0.79,72.86,0.93,14,18052,299320576,15156,81464416,154391,241,36834,79683,0,58,10,14.2,79677.4,93.0,5255.0,160.4,150.21,99.05,0.12759602583758856,1.8432,big_data
67.06,0.0,1.44,2.12,0.14,0.06,0.0,0.0,68.70671875000001,711.4,6.0,177.47,1.41,0.0,25.0,255.45,240.53,183.82,902.57,100.0,128.79,1.03,9.07,11.4,15.8,0.0,0.0,0.0,27.805077399270004,19016.46,6.4909516799999984,0.539,35.71,0.71,0.02,0.26,1.45,0.78,75.0,0.48,6,18052,297189120,15172,82317856,170526,1658,37387,73951,0,70,217,16.2,73956.6,196.0,5244.0,160.45,150.39,99.39,0.1272562874652557,1.8432,big_data
33.23,0.0,0.3,1.22,0.14,0.09,0.0,0.0,34.33535087719298,338.6,381.4,84.39,94.53,0.0,1.14,255.21,253.8,56.85,68.52,100.0,43.01,1.28,9.5,14.4,20.4,0.0,0.0,0.0,27.98578805028548,8127.06,2.77403648,0.3,44.08,2.04,0.16,1.03,2.89,0.86,83.17,2.91,1,18052,296629952,15232,82739264,83803,100808,37039,122279,0,31,2,16.8,122290.2,1.0,5230.0,147.92,147.95,98.87,0.12698935017270846,1.8432,big_data
27.07,0.0,0.88,0.48,0.11,0.06,0.0,0.0,42.747848101265845,55.8,527.6,13.61,131.32,0.0,1.01,249.68,254.87,25.17,64.34,65.6,35.12,0.6,2.6,6.0,8.4,0.0,0.0,0.0,28.033975434230285,1502.86,0.5129762133333333,0.43700000000000006,46.61,4.44,0.12,0.91,1.77,0.78,76.29,1.94,0,18052,296285504,15300,82804992,13112,130202,36119,7402,0,28,1,13.2,7382.6,1.0,5230.0,136.16,145.51,98.35,0.12694081611951802,1.8176,big_data
74.99,0.0,2.29,0.13,0.23,0.04,0.0,0.0,77.54835937500002,0.0,0.6,0.0,0.06,0.0,96.05,0.0,101.33,0.0,25.33,0.88,0.02,113.92,47.54,155.0,166.0,0.0,0.0,0.0,28.29697707152013,79232.56,27.04471381333333,0.586,52.09,2.69,0.02,0.26,1.36,0.8,72.64,1.21,0,18052,291280512,15436,82805176,0,67,43805,67449,0,80,202,36.13,67339.52,202.0,5314.0,141.99,146.57,98.94,0.12842110474182553,1.8176,big_data
93.47,0.0,0.47,0.0,0.16,0.07,0.0,0.0,94.1659375,0.0,0.0,0.0,0.0,0.0,0.0,0.0,0.0,0.0,0.0,0.0,0.0,0.97,19.9,11.98,20.16,0.0,0.0,0.0,29.236942683436784,18302.68,6.247314773333333,0.5,23.47,0.75,0.04,0.44,1.65,0.82,77.17,0.01,0,18052,289978624,15444,82805184,0,9,35877,43708,0,95,185,11.2,43690.8,184.0,5307.0,145.51,147.22,99.41,0.1288093771673488,1.8176,big_data
99.59,0.0,0.25,0.0,0.12,0.04,0.0,0.0,99.9953125,0.0,0.0,0.0,0.0,0.0,0.0,0.0,0.0,0.0,0.0,0.0,0.0,0.69,2.3,7.0,9.2,0.0,0.0,0.0,29.33499309909865,13364.579999999998,4.56177664,0.79,18.01,0.45,0.01,0.21,0.95,0.75,65.73,0.03,0,18052,288870528,15452,82805192,0,10,34405,90295,0,100,340,18.4,90325.2,339.0,5308.0,161.17,150.44,100.71,0.1287851101407536,1.8176,big_data
99.66,0.0,0.15,0.0,0.14,0.04,0.0,0.0,99.984453125,0.0,0.0,0.0,0.0,0.0,0.0,0.0,0.0,0.0,0.0,0.0,0.0,0.41,2.58,4.0,6.0,0.0,0.0,0.0,29.445748109363212,15656.44,5.344064853333333,0.648,25.06,0.74,0.01,0.25,1.2,0.78,71.43,0.01,0,18052,288838016,15460,82805232,0,29,34119,84899,0,100,232,13.17,84694.81,211.0,5303.0,175.97,153.69,102.03,0.1288093771673488,1.8176,big_data
94.13,0.0,0.35,0.0,0.13,0.05,0.0,0.0,94.653515625,0.0,5.0,0.0,0.07,0.0,72.22,0.0,14.4,0.0,15.0,0.88,0.07,0.91,7.19,9.4,11.8,0.0,0.0,0.0,29.452061737869805,16867.579999999998,5.7574673066666655,0.467,35.35,1.46,0.05,0.48,1.74,0.81,78.03,0.16,0,18052,288613376,15468,82805232,0,83,34627,24080,0,95,90,14.0,24096.8,90.0,5299.0,173.41,153.53,102.25,0.12859097392799196,1.8176,big_data
29.15,0.0,1.13,0.02,0.12,0.09,0.0,0.0,40.240869565217366,0.0,0.0,0.0,0.0,0.0,0.0,0.0,0.0,0.0,0.0,0.0,0.0,1.0,8.15,10.6,13.8,0.0,0.0,0.0,29.537881441217518,12920.76,4.41028608,0.75,51.57,2.15,0.26,1.6,0.61,0.46,37.38,6.08,0,18052,288368096,15476,82805296,0,15,36734,12337,0,29,7,16.2,12322.2,5.0,5296.0,160.0,151.08,101.73,0.12854243987480155,1.7919999999999998,big_data
7.28,0.0,2.43,0.09,0.06,0.08,0.0,0.0,91.156,0.0,0.0,0.0,0.0,0.0,0.0,0.0,0.0,0.0,0.0,0.0,0.0,0.7,2.67,7.0,8.6,0.0,0.0,0.0,29.53784883811607,12909.76,4.406531413333333,0.49700000000000005,51.26,3.46,0.34,1.9,1.4,0.69,59.68,7.49,0,18052,287888192,15484,82805312,0,18,37701,12522,0,10,5,20.4,12520.6,6.0,5295.0,147.59,148.65,101.21,0.12846963879501594,1.7919999999999998,big_data
8.84,0.0,0.27,0.01,0.06,0.1,0.0,0.0,97.212,0.0,0.0,0.0,0.0,0.0,0.0,0.0,0.0,0.0,0.0,0.0,0.0,0.59,4.07,6.0,8.2,0.0,0.0,0.0,29.630205084198913,7304.960000000001,2.493426346666667,0.6709999999999999,51.78,2.65,0.27,1.62,0.94,0.63,53.87,7.0,0,18052,287895168,15492,82805328,0,9,36777,9877,0,9,6,9.6,9872.6,7.0,5291.0,136.17,146.27,100.7,0.12842110474182553,1.7919999999999998,big_data
17.97,0.0,2.5,0.04,0.09,0.1,0.0,0.0,85.03833333333334,0.0,0.0,0.0,0.0,0.0,0.0,0.0,0.0,0.0,0.0,0.0,0.0,0.72,2.78,7.2,9.0,0.0,0.0,0.0,29.715829927149585,16156.06,5.514601813333334,0.52,46.8,2.42,0.35,2.0,1.31,0.68,60.2,1.66,0,18052,287356800,15500,82805376,0,3,38067,14576,0,21,6,20.6,14572.6,6.0,5290.0,125.75,143.94,100.19,0.12839683771523033,1.8176,big_data
12.01,0.0,1.82,0.05,0.06,0.08,0.0,0.0,91.704,0.0,0.0,0.0,0.0,0.0,0.0,0.0,0.0,0.0,0.0,0.0,0.0,0.58,3.75,5.8,7.8,0.0,0.0,0.0,29.73136568409689,12156.22,4.149323093333333,0.45399999999999996,50.49,3.26,0.32,1.86,1.55,0.7,61.24,7.49,0,18052,286830944,15508,82805896,0,3,37797,12169,0,15,5,15.4,12169.6,91.0,5291.0,116.16,141.65,99.68,0.12842110474182553,1.8432,big_data
8.55,0.0,1.52,0.14,0.07,0.1,0.0,0.0,68.42714285714287,0.0,0.0,0.0,0.0,0.0,0.0,0.0,0.0,0.0,0.0,0.0,0.0,0.71,2.98,7.2,9.0,0.0,0.0,0.0,29.838946062134102,12105.54,4.132024319999998,0.624,49.16,2.86,0.36,2.04,0.9,0.56,46.74,5.5,0,18052,286558688,15516,82805584,0,22,37818,12049,0,10,92,15.2,12054.6,6.0,5291.0,107.26,139.38,99.17,0.12839683771523033,1.8432,big_data
48.84,0.0,0.88,0.14,0.09,0.07,0.0,0.0,60.51877777777776,0.0,0.0,0.0,0.0,0.0,0.0,0.0,0.0,0.0,0.0,0.0,0.0,0.76,3.47,6.39,8.98,0.0,0.0,0.0,29.885318287360906,6062.16,2.06921728,0.34700000000000003,29.1,0.61,0.07,0.44,2.38,0.83,83.64,0.03,0,18052,286378304,15524,82805608,0,6,37782,48548,0,52,176,16.4,48553.6,180.0,5292.0,110.28,139.47,99.42,0.12854243987480155,1.8432,big_data
98.73,0.0,0.57,0.0,0.1,0.04,0.0,0.0,99.43929687499997,0.0,0.0,0.0,0.0,0.0,0.0,0.0,0.0,0.0,0.0,0.0,0.0,0.73,2.67,7.2,8.6,0.0,0.0,0.0,30.021506749604004,11136.38,3.8012177066666673,0.532,19.29,0.57,0.03,0.27,1.55,0.83,76.81,0.24,0,18052,285742848,15532,82805616,0,11,34978,109545,0,100,172,13.6,109713.6,169.0,5241.0,116.02,140.18,99.86,0.1272562874652557,1.8432,big_data
92.51,0.0,0.16,0.0,0.1,0.04,0.0,0.0,92.80546875,0.0,0.0,0.0,0.0,0.0,0.0,0.0,0.0,0.0,0.0,0.0,0.0,1.23,3.69,6.4,9.0,0.0,0.0,0.0,30.038827336802846,9220.58,3.1472913066666663,0.387,23.4,1.13,0.08,0.54,2.24,0.87,80.98,0.02,0,18052,285714176,15540,82805632,0,15,35233,29258,0,92,88,16.6,29083.2,88.0,5209.0,113.94,139.35,99.81,0.1263826745078283,1.8432,big_data
68.52,0.0,0.46,0.05,0.09,0.05,0.0,0.0,69.11757812499995,0.0,0.0,0.0,0.0,0.0,0.0,0.0,0.0,0.0,0.0,0.0,0.0,2.85,3.26,10.8,13.4,0.0,0.0,0.0,30.060641086308646,13199.14,4.505306453333334,0.442,33.76,1.8,0.14,0.87,1.84,0.81,76.05,0.04,0,18052,285407584,15556,82805648,0,14,36496,11099,0,68,5,16.6,11138.8,5.0,5215.0,111.86,138.49,99.75,0.12650400964080433,1.8432,big_data
39.1,0.0,0.92,0.01,0.08,0.07,0.0,0.0,40.16820312499998,0.0,0.4,0.0,0.01,0.0,80.0,0.0,20.0,0.0,12.5,0.48,0.0,1.15,5.54,12.2,14.6,0.0,0.0,0.0,30.101523859105072,10314.24,3.52059392,0.303,25.95,1.19,0.02,0.43,2.83,0.86,84.71,0.51,0,18052,285101920,15576,82805656,0,13,36429,14939,0,42,182,16.2,14896.6,185.0,5205.0,117.08,139.13,100.16,0.1263341404546379,1.8688,big_data
85.59,0.0,0.29,0.0,0.13,0.04,0.0,0.0,86.05101562499998,0.0,0.0,0.0,0.0,0.0,0.0,0.0,0.0,0.0,0.0,0.0,0.0,1.05,4.51,11.4,14.2,0.0,0.0,0.0,30.159938001942287,9956.02,3.398321493333333,0.43,27.58,1.14,0.01,0.21,1.97,0.85,80.58,0.14,0,18052,284844960,15584,82805680,0,6,35084,21451,0,85,86,14.0,21442.6,102.0,5197.0,114.51,138.23,100.08,0.12616427126847146,1.8688,big_data
65.51,0.0,0.07,0.0,0.1,0.04,0.0,0.0,92.18340659340662,0.0,0.0,0.0,0.0,0.0,0.0,0.0,0.0,0.0,0.0,0.0,0.0,0.62,3.57,6.4,9.0,0.0,0.0,0.0,30.20823760121301,5595.76,1.9100194133333332,0.331,26.98,1.44,0.0,0.23,2.67,0.88,84.52,0.0,0,18052,284838432,15592,82805712,0,24,34795,5333,0,65,83,16.2,5327.6,83.0,5194.0,112.07,137.33,99.99,0.1260429361354954,1.8688,big_data
50.99,0.0,0.09,0.01,0.12,0.07,0.0,0.0,76.72035714285722,0.0,0.0,0.0,0.0,0.0,0.0,0.0,0.0,0.0,0.0,0.0,0.0,0.7,2.26,7.0,8.8,0.0,0.0,0.0,30.210122515403885,6105.32,2.0839492266666664,0.373,29.28,1.6,0.03,0.24,2.25,0.84,81.43,0.06,0,18052,284823744,15600,82805728,0,4,35300,6225,0,50,4,19.2,6229.2,1.0,5194.0,109.74,136.43,99.9,0.12611573721528105,1.8688,big_data
32.05,0.0,2.67,0.01,0.18,0.06,0.0,0.0,40.02034883720931,0.0,0.0,0.0,0.0,0.0,0.0,0.0,0.0,0.0,0.0,0.0,0.0,211.21,83.43,187.8,200.6,0.01,0.0,0.0,30.296046851960913,52139.98,17.797113173333333,0.7829999999999999,47.92,2.51,0.03,2.17,0.85,0.66,54.87,3.82,0,18052,281075584,15916,82805616,0,11,49136,58647,0,36,90,23.35,58537.92,61.0,5258.0,108.72,135.78,99.89,0.12723202043866047,1.8688,big_data
81.87,0.0,1.28,0.04,0.23,0.03,0.0,0.0,83.40374999999997,0.0,0.6,0.0,0.08,0.0,97.22,0.0,144.0,0.0,41.67,1.28,0.02,0.63,7.61,6.19,7.78,0.0,0.0,0.0,31.75625105519369,46312.56,15.808020479999998,0.693,41.31,1.29,0.01,2.07,1.08,0.75,67.98,0.16,0,18052,276438240,15972,82993072,148,117,37507,112832,0,84,226,20.36,112625.95,222.0,5257.0,117.87,137.22,100.55,0.12769309394396938,1.8688,big_data
99.19,0.0,0.55,0.0,0.21,0.04,0.0,0.0,99.99390625,0.0,24.55,0.0,5.47,0.0,48.96,0.0,228.36,0.0,17.06,6.39,0.38,1.84,15.92,20.36,23.35,0.0,0.0,0.0,31.77977078093822,33714.759999999995,11.507971413333333,0.7040000000000001,32.08,0.99,0.01,1.46,1.07,0.75,68.19,0.06,0,18052,275307968,16064,83483536,0,5629,35096,78270,0,100,289,9.6,78307.8,292.0,5257.0,134.06,140.26,101.73,0.12754749178439814,1.8688,big_data
99.47,0.0,0.32,0.0,0.17,0.03,0.0,0.0,99.9984375,0.6,327.6,0.0,81.6,0.0,2.44,4.0,255.07,0.0,67.16,36.88,21.67,1.17,9.93,13.2,18.0,0.0,0.0,0.0,31.937641822069672,21696.64,7.405786453333333,0.731,21.41,0.61,0.01,0.92,1.03,0.76,67.6,0.04,0,18052,274244608,16112,83804176,2,83577,34917,83189,0,100,271,15.0,83155.4,280.0,5260.0,145.42,142.51,102.66,0.12754749178439814,1.8688,big_data
92.96,0.0,0.39,0.0,0.16,0.05,0.0,0.0,93.55320312500004,0.0,0.4,0.0,0.03,0.0,93.94,0.0,66.0,0.0,31.5,1.2,0.01,2.95,17.84,33.8,42.0,0.0,0.0,0.0,32.05310608496476,21296.78,7.269300906666666,0.698,30.45,0.88,0.01,0.35,1.05,0.74,68.83,0.08,0,18052,273914624,16144,83949928,0,38,35213,94046,0,93,125,15.0,94063.4,99.0,5255.0,149.39,143.38,103.16,0.12749895773120773,1.8688,big_data
15.02,0.0,0.19,0.01,0.1,0.06,0.0,0.0,51.51600000000001,0.0,0.4,0.0,0.04,0.0,95.92,0.0,98.0,0.0,32.5,1.28,0.01,1.07,11.61,11.4,15.0,0.0,0.0,0.0,32.06415398708673,10068.02,3.4365508266666667,1.01,47.37,2.06,0.01,3.37,0.34,0.34,18.94,0.2,0,18052,273895552,16160,83960528,0,64,35876,11526,0,14,6,16.8,11478.4,7.0,5256.0,137.91,141.1,102.64,0.12749895773120773,1.8688,big_data
16.61,0.0,1.21,0.12,0.13,0.06,0.0,0.0,37.80386363636365,0.0,0.0,0.0,0.0,0.0,0.0,0.0,0.0,0.0,0.0,0.0,0.0,96.88,29.37,95.2,101.0,0.0,0.0,0.0,32.06170799626623,31867.840000000004,10.877556053333334,0.955,56.77,1.92,0.01,2.24,0.57,0.55,44.3,0.38,0,18052,271866048,16296,83960608,0,7,42001,67279,0,18,45,32.6,67278.0,100.0,5352.0,136.96,140.85,102.76,0.12990139336413306,1.8688,big_data
70.06,0.0,0.61,0.05,0.14,0.07,0.0,0.0,86.09392156862747,0.2,34.4,0.0,8.43,0.0,25.22,4.0,251.05,0.0,16.96,6.24,0.57,15.73,31.08,26.4,38.0,0.0,0.0,0.0,32.5815166815702,21673.48,7.3978811733333325,0.45799999999999996,32.01,1.37,0.01,0.93,1.75,0.8,77.29,0.1,0,18052,270976320,16316,83960648,1,8670,37158,38057,0,72,89,25.6,38062.8,88.0,5359.0,133.36,140.04,102.7,0.13007126255029947,1.8688,big_data
69.72,0.0,0.44,0.43,0.17,0.07,0.0,0.0,87.9911,0.6,295.2,0.0,71.16,0.0,6.05,4.0,246.85,0.0,71.07,32.8,21.55,0.52,2.57,5.2,6.8,0.0,0.0,0.0,32.635368664839234,15146.12,5.169875626666666,0.43700000000000006,26.26,1.21,0.02,0.41,1.92,0.84,79.28,0.27,1,18052,270825632,16348,83960672,2,79960,38076,32058,0,71,200,9.0,32398.8,196.0,5358.0,129.88,139.21,102.64,0.13004699552370427,1.8688,big_data
96.11,0.0,0.52,0.18,0.12,0.04,0.0,0.0,96.78632812499997,0.2,216.57,0.0,52.87,0.0,4.49,4.0,249.97,1.0,94.11,26.91,19.76,0.66,2.48,6.8,8.8,0.0,0.0,0.0,32.694750285756704,11397.5,3.8903466666666655,0.679,19.34,0.43,0.0,0.13,1.16,0.79,71.55,0.0,0,18052,270557632,16368,83960720,1,47187,35420,127526,0,97,261,21.0,127519.6,270.0,5358.0,139.58,141.07,103.43,0.13002272849710908,1.8688,big_data
84.37,0.0,0.24,0.0,0.14,0.04,0.0,0.0,84.79898437499997,0.0,0.0,0.0,0.0,0.0,0.0,0.0,0.0,0.0,0.0,0.0,0.0,0.7,6.4,7.2,9.6,0.0,0.0,0.0,32.697257691721795,10327.52,3.525126826666667,0.5429999999999999,25.2,0.8,0.01,0.23,1.48,0.8,76.08,0.03,0,18052,270538848,16376,83960736,0,11,35078,238181,0,84,88,9.0,237843.8,89.0,5358.0,136.81,140.47,103.44,0.13002272849710908,1.8688,big_data
40.95,0.0,0.33,0.02,0.11,0.08,0.0,0.0,54.53640449438204,0.0,0.0,0.0,0.0,0.0,0.0,0.0,0.0,0.0,0.0,0.0,0.0,1.59,4.8,14.4,16.2,0.0,0.0,0.0,32.7033142864751,9906.38,3.381377706666667,0.337,35.66,1.38,0.06,0.54,2.39,0.8,82.3,0.35,0,18052,270318880,16388,84033152,0,10,37598,13568,0,42,86,21.2,13564.2,90.0,5358.0,126.26,138.22,102.91,0.13002272849710908,1.8688,big_data
33.94,0.0,0.51,0.02,0.11,0.07,0.0,0.0,46.20285714285718,0.0,0.4,0.0,0.02,0.0,91.67,0.0,48.0,0.0,32.5,1.28,0.01,0.64,3.07,6.6,8.4,0.0,0.0,0.0,32.73041201305097,8932.1,3.0488234666666667,0.46399999999999997,39.42,1.84,0.2,0.96,1.67,0.78,73.95,1.06,0,18052,269868416,16404,84033168,0,43,36692,15210,0,35,85,15.8,15213.0,89.0,5359.0,116.55,136.01,102.39,0.13004699552370427,1.8688,big_data
36.05,0.0,0.42,0.06,0.12,0.08,0.0,0.0,48.68643678160919,0.2,59.0,0.0,13.82,0.0,9.23,4.0,239.82,0.0,26.78,8.24,1.54,1.2,2.88,11.4,13.2,0.0,0.0,0.0,32.82084012687823,8163.5,2.7864746666666664,0.293,35.68,1.58,0.11,0.69,2.9,0.85,83.97,0.44,0,18052,269597440,16428,84103904,1,14165,37046,12707,0,37,86,14.4,12705.2,88.0,5359.0,114.02,135.16,102.29,0.13004699552370427,1.8688,big_data
44.17,0.0,0.62,0.02,0.08,0.07,0.0,0.0,45.069921259842516,0.0,0.4,0.0,0.02,0.0,90.91,0.0,44.0,0.0,21.0,0.8,0.01,0.92,3.91,8.2,9.8,0.0,0.0,0.0,32.865990114906445,6695.38,2.2853563733333337,0.35200000000000004,32.91,1.01,0.09,0.55,2.45,0.86,83.17,0.05,0,18052,269214400,16444,84249728,0,23,36558,20331,0,46,94,15.8,20336.2,175.0,5358.0,119.06,135.85,102.69,0.13004699552370427,1.8688,big_data
19.44,0.0,0.74,0.01,0.1,0.08,0.0,0.0,65.605,0.0,0.4,0.0,0.0,0.0,33.33,0.0,6.0,0.0,24.5,0.96,0.01,0.71,3.44,7.2,9.0,0.0,0.0,0.0,32.911764111132214,7840.160000000002,2.676107946666667,0.312,34.01,1.84,0.24,0.82,2.7,0.84,82.27,1.04,0,18052,269100448,16460,84249744,0,25,37029,9673,0,18,5,20.8,9665.2,5.0,5360.0,116.82,135.11,102.63,0.13007126255029947,1.8688,big_data
57.21,0.0,0.51,0.04,0.1,0.06,0.0,0.0,61.746638655462206,0.0,54.6,0.0,13.6,0.0,0.36,0.0,254.99,0.0,22.19,7.28,1.17,0.96,2.97,7.2,9.0,0.0,0.0,0.0,32.95318293957341,7211.4,2.4614912,0.209,28.17,1.2,0.11,0.52,4.24,0.89,88.79,0.06,0,18052,268874880,16472,84249760,0,13934,36753,8271,0,60,86,9.4,8271.8,86.0,5356.0,114.35,134.29,102.54,0.12997419444391867,1.8688,big_data
69.27,0.0,0.76,0.13,0.14,0.06,0.0,0.0,82.34666666666669,0.6,113.4,0.0,27.56,0.0,3.08,4.0,248.88,32.33,56.6,13.76,6.43,0.64,2.14,6.4,8.0,0.0,0.0,0.0,33.00084715747168,8029.32,2.7406745599999995,0.42,26.22,1.2,0.02,0.25,2.05,0.86,80.94,0.01,0,18052,268658944,16500,84249616,2,28227,37098,33987,0,71,183,20.4,33981.8,168.0,5354.0,112.0,133.47,102.45,0.12992566039072825,1.8688,big_data
75.74,0.0,0.14,0.02,0.11,0.04,0.0,0.0,89.94878787878788,0.0,0.4,0.0,0.0,0.0,66.67,0.0,12.0,0.0,33.0,1.28,0.01,1.28,3.14,6.99,9.18,0.0,0.0,0.0,33.00218691747783,7703.6399999999985,2.62950912,0.282,26.19,1.59,0.03,0.34,3.21,0.9,86.35,0.0,0,18052,268651104,16524,84249640,1,14,36031,47399,0,76,179,12.0,47386.2,180.0,5268.0,109.84,132.67,102.35,0.12776589502375502,1.8688,big_data
85.64,0.0,0.21,0.01,0.09,0.04,0.0,0.0,85.98195312500002,0.0,0.0,0.0,0.0,0.0,0.0,0.0,0.0,0.0,0.0,0.0,0.0,1.67,2.57,8.6,10.6,0.0,0.0,0.0,33.00232567021191,6625.3,2.2614357333333333,0.364,27.39,1.1,0.04,0.33,2.36,0.86,83.29,0.15,0,18052,268592384,16548,84249664,1,32,35989,13695,0,85,86,19.8,13694.0,86.0,5227.0,108.01,131.91,102.27,0.1268437480131372,1.8688,big_data
41.79,0.0,0.28,0.01,0.11,0.07,0.0,0.0,56.140329670329635,0.0,0.4,0.0,0.01,0.0,80.0,0.0,20.0,0.0,12.0,0.4,0.0,0.71,5.16,7.2,9.0,0.0,0.0,0.0,33.033670140304714,8247.619999999999,2.8151876266666664,0.775,31.12,0.92,0.15,0.8,0.91,0.71,65.34,0.12,0,18052,268475328,16568,84249664,0,14,36195,11631,0,40,5,15.8,11628.6,4.0,5219.0,99.6,129.77,101.74,0.12664961180037554,1.8688,big_data
8.18,0.0,0.12,0.0,0.06,0.08,0.0,0.0,71.465,0.0,0.0,0.0,0.0,0.0,0.0,0.0,0.0,0.0,0.0,0.0,0.0,0.74,3.97,7.6,9.8,0.0,0.0,0.0,33.036444436774715,3470.36,1.184549546666667,0.29100000000000004,25.57,1.01,0.26,0.7,2.79,0.81,85.15,0.03,0,18052,268474144,16576,84249696,0,11,35939,8071,0,10,83,14.4,8072.2,83.0,5217.0,91.86,127.67,101.21,0.12660107774718513,1.8688,big_data
30.98,0.0,0.19,0.02,0.09,0.06,0.0,0.0,46.69761904761903,0.0,0.0,0.0,0.0,0.0,0.0,0.0,0.0,0.0,0.0,0.0,0.0,1.29,2.29,7.0,9.2,0.0,0.0,0.0,33.03627687199749,3212.94,1.09668352,0.376,30.41,1.14,0.36,0.87,2.05,0.77,79.84,0.03,0,18052,268475808,16584,84249712,0,30,35976,7525,0,30,3,16.2,7519.4,4.0,5216.0,91.39,126.97,101.13,0.12657681072058993,1.8688,big_data
14.84,0.0,0.1,0.01,0.09,0.08,0.0,0.0,52.188,0.0,0.0,0.0,0.0,0.0,0.0,0.0,0.0,0.0,0.0,0.0,0.0,1.3,3.18,7.2,9.0,0.0,0.0,0.0,33.035837867445395,3431.96,1.1714423466666668,0.322,31.09,1.33,0.29,0.77,2.54,0.82,83.59,0.05,0,18052,268476864,16592,84249728,0,8,36198,8297,0,15,3,19.6,8295.4,4.0,5221.0,84.31,124.92,100.6,0.12660107774718513,1.8688,big_data
6.47,0.0,0.07,0.03,0.09,0.09,0.0,0.0,70.06,0.0,2.0,0.0,0.01,0.0,0.0,0.0,4.0,0.0,34.5,1.76,0.07,0.94,3.26,8.6,10.6,0.0,0.0,0.0,33.036023629302484,3024.34,1.0323080533333333,0.71,40.95,1.62,0.29,2.03,0.89,0.63,57.5,0.29,0,18052,268442528,16600,84249752,0,12,35919,7816,0,6,2,10.6,7818.0,2.0,5215.0,77.72,122.87,100.07,0.12655254369399474,1.8688,big_data
5.4,0.0,0.08,0.05,0.07,0.07,0.0,0.0,92.035,0.0,0.0,0.0,0.0,0.0,0.0,0.0,0.0,0.0,0.0,0.0,0.0,0.75,3.54,7.6,9.8,0.0,0.0,0.0,33.042683002326804,1984.9,0.6775125333333334,0.5720000000000001,48.75,1.5,0.39,2.18,1.18,0.67,63.38,0.02,0,18052,268440960,16608,84249768,0,4,35348,6980,0,5,1,21.0,6984.2,1.0,5214.0,71.74,120.88,99.55,0.12652827666739952,1.8688,big_data
0.78,0.0,0.05,0.0,0.08,0.07,0.0,0.0,100.0,0.0,0.0,0.0,0.0,0.0,0.0,0.0,0.0,0.0,0.0,0.0,0.0,0.58,2.03,5.8,7.4,0.0,0.0,0.0,33.0428907523221,1033.66,0.35282261333333337,1.3330000000000002,46.43,1.2,0.42,1.05,0.25,0.33,21.76,0.1,0,18052,268440544,16616,84249784,0,25,35251,6658,0,1,1,14.4,6655.2,2.0,5219.0,66.07,118.89,99.02,0.12655254369399474,1.8688,big_data
1.04,0.0,0.07,0.0,0.06,0.09,0.0,0.0,99.4,0.0,0.0,0.0,0.0,0.0,0.0,0.0,0.0,0.0,0.0,0.0,0.0,0.93,3.14,8.2,10.4,0.0,0.0,0.0,33.04279370122941,4114.0,1.4042453333333331,0.97,30.05,0.86,0.04,0.74,0.69,0.67,55.8,0.69,0,18052,268437312,16624,84249792,0,5,35368,6808,0,1,1,15.8,6808.8,1.0,5215.0,60.86,116.94,98.49,0.12754749178439814,1.8688,big_data
91.78,0.0,0.77,0.0,0.18,0.04,0.0,0.0,92.76421874999996,0.0,0.0,0.0,0.0,0.0,0.0,0.0,0.0,0.0,0.0,0.0,0.0,112.42,35.12,115.8,115.4,0.0,0.0,0.0,33.552510589316746,25163.4,8.589107199999999,1.074,23.56,0.48,0.0,0.35,0.62,0.66,54.06,0.04,0,18052,265325568,16840,84249856,0,8,38969,164297,0,95,466,24.95,162600.8,456.0,5278.0,86.74,121.37,100.02,0.12808136636949266,1.8688,big_data
99.38,0.0,0.42,0.0,0.17,0.04,0.0,0.0,100.000078125,0.0,0.6,0.0,0.06,0.0,96.3,0.0,108.0,0.0,41.67,1.28,0.02,0.73,4.76,5.4,7.2,0.0,0.0,0.0,33.8202775869001,19448.14,6.6382984533333325,1.148,19.15,0.37,0.0,0.27,0.54,0.62,50.0,0.02,0,18052,264316480,16860,84249888,0,86,34824,324754,0,100,612,15.0,325736.8,611.0,5275.0,129.12,129.58,102.8,0.12800856528970705,1.8688,big_data
99.46,0.0,0.35,0.0,0.15,0.03,0.0,0.0,99.998515625,0.0,0.0,0.0,0.0,0.0,0.0,0.0,0.0,0.0,0.0,0.0,0.0,0.49,6.76,5.0,7.0,0.0,0.0,0.0,33.82808261774517,18892.82,6.448749226666667,1.13,21.93,0.39,0.0,0.27,0.54,0.61,51.14,0.04,0,18052,264022304,16872,84249904,0,15,34715,399228,0,100,478,10.8,397781.2,476.0,5271.0,167.87,137.61,105.54,0.12791149718332626,1.8688,big_data
99.35,0.0,0.35,0.0,0.16,0.03,0.0,0.0,99.90015625,0.0,0.0,0.0,0.0,0.0,0.0,0.0,0.0,0.0,0.0,0.0,0.0,3.34,12.39,18.8,21.2,0.0,0.0,0.0,33.89094215555466,19801.6,6.758946133333333,0.96,32.87,0.54,0.0,0.41,0.65,0.62,57.56,0.03,0,18052,263946016,16896,84249920,0,6,34679,218756,0,100,366,17.6,220040.6,381.0,5275.0,186.78,142.03,107.14,0.12808136636949266,1.8944,big_data
99.41,0.0,0.37,0.0,0.16,0.05,0.0,0.0,99.9875,0.0,0.4,0.0,0.01,0.0,88.89,0.0,36.0,0.0,12.0,0.4,0.0,1.08,8.25,7.78,9.58,0.0,0.0,0.0,33.896737167284684,20165.72,6.883232426666668,0.84,38.29,0.78,0.01,0.55,0.76,0.64,62.11,0.05,0,18052,263939552,16920,84249936,0,19,34555,121296,0,100,304,15.2,121811.6,306.0,5275.0,194.8,144.44,108.11,0.12800856528970705,1.8944,big_data
87.04,0.0,0.56,0.0,0.17,0.05,0.0,0.0,87.81304687499996,0.0,0.0,0.0,0.0,0.0,0.0,0.0,0.0,0.0,0.0,0.0,0.0,1.77,20.54,19.0,22.6,0.0,0.0,0.0,33.92702014105118,30991.26,10.57835008,1.1079999999999999,44.07,0.84,0.01,1.17,0.42,0.47,44.65,0.13,0,18052,263737120,16968,84278032,0,26,36944,72609,0,87,46,16.2,72562.8,47.0,5273.0,189.05,144.08,108.19,0.12796003123651664,1.8944,big_data
35.1,0.0,0.88,0.1,0.12,0.07,0.0,0.0,77.52196078431372,0.0,14.6,0.0,3.15,0.0,56.55,0.0,220.77,0.0,15.51,2.96,0.21,1.24,13.42,13.8,17.8,0.0,0.0,0.0,33.936389362554245,26331.58,8.987845973333334,1.5530000000000002,53.7,1.02,0.02,1.21,0.26,0.4,25.39,0.19,0,18052,263515408,17040,84455552,0,3255,38702,29552,0,36,117,14.0,27683.2,36.0,5273.0,176.96,142.32,107.81,0.12800856528970705,1.8944,big_data
46.75,0.0,0.71,0.17,0.15,0.08,0.0,0.0,70.29703703703704,0.2,151.0,0.0,37.6,0.0,4.43,4.0,254.96,70.0,56.01,17.68,8.42,1.53,13.58,17.4,22.4,0.0,0.0,0.0,33.95411938405038,22584.76,7.708931413333333,0.706,35.92,1.09,0.02,0.71,1.07,0.75,68.2,0.17,0,18052,263095424,17096,84577424,1,38506,38238,46845,0,49,145,16.2,48767.8,137.0,5273.0,172.24,141.92,107.86,0.12796003123651664,1.8944,big_data
74.45,0.0,0.36,0.02,0.14,0.05,0.0,0.0,90.34171428571432,0.0,0.4,0.0,0.02,0.0,91.3,0.0,46.0,0.0,20.5,0.8,0.01,0.94,8.71,10.4,13.8,0.0,0.0,0.0,34.02667872364741,15567.579999999998,5.313733973333333,0.56,31.94,1.16,0.02,0.58,1.45,0.81,74.65,0.24,0,18052,262874752,17124,84627560,0,46,36121,15976,0,76,95,18.6,15989.2,96.0,5278.0,166.21,141.17,107.81,0.12796003123651664,1.8688,big_data
85.01,0.0,0.39,0.01,0.17,0.05,0.0,0.0,85.61945312500002,0.0,0.4,0.0,0.02,0.0,90.48,0.0,42.0,0.0,20.5,0.8,0.01,1.65,8.97,18.4,22.6,0.0,0.0,0.0,34.12556999604206,14603.0,4.984490666666667,0.40299999999999997,28.98,1.4,0.02,0.36,2.14,0.86,81.11,0.03,1,18052,262211952,17156,84766688,0,27,35536,74804,0,86,86,11.4,74809.4,87.0,5273.0,160.83,140.47,107.76,0.12796003123651664,1.8688,big_data
51.23,0.0,0.29,0.03,0.12,0.07,0.0,0.0,69.26272727272728,0.0,0.4,0.0,0.03,0.0,94.44,0.0,72.0,0.0,27.0,1.04,0.01,0.8,5.01,8.2,10.0,0.0,0.0,0.0,34.1258361283353,9841.24,3.3591432533333334,0.38,38.93,1.28,0.02,0.58,2.2,0.84,81.04,1.06,0,18052,262025968,17172,84892368,0,33,36391,17726,0,51,102,20.6,17730.6,99.0,5273.0,148.59,138.27,107.22,0.12796003123651664,1.8688,big_data
72.23,0.0,1.1,0.08,0.12,0.06,0.0,0.0,86.75800000000002,0.2,42.8,0.0,10.54,0.0,2.28,4.0,252.07,9.0,15.63,6.64,0.65,1.07,4.65,11.4,13.4,0.0,0.0,0.0,34.246375860093515,11976.98,4.088142506666666,0.294,35.18,1.1,0.03,0.77,2.94,0.87,85.22,0.1,0,18052,261154352,17196,84989344,1,10793,36879,15218,0,73,90,9.4,15208.8,92.0,5272.0,150.39,138.81,107.56,0.12805709934289744,1.8688,big_data
22.16,0.0,0.39,0.08,0.11,0.06,0.0,0.0,68.64399999999999,0.0,54.8,0.0,11.79,0.0,24.93,0.0,220.32,0.0,30.72,8.4,1.65,2.18,4.93,17.2,19.6,0.0,0.0,0.0,34.27120350095439,10306.94,3.5181021866666664,0.8540000000000001,50.28,1.97,0.1,0.88,0.69,0.59,50.27,10.0,0,18052,260740000,17216,85471136,0,12098,37493,10639,0,22,8,20.8,10534.4,9.0,5272.0,138.9,136.63,107.02,0.12793576420992145,1.8688,big_data
43.82,0.0,2.74,0.23,0.13,0.07,0.0,0.0,62.86101123595504,0.4,182.2,0.0,44.71,0.0,1.73,4.0,251.3,13.5,67.23,22.32,12.24,1.11,5.69,12.0,14.6,0.0,0.0,0.0,34.35582522987669,9316.52,3.180038826666667,0.184,28.85,1.05,0.01,0.52,4.9,0.9,90.27,0.02,0,18052,260179872,17240,85479408,2,45793,38143,11511,0,48,85,16.0,11617.8,88.0,5272.0,134.67,135.79,106.91,0.12798429826311186,1.8688,big_data
72.96,0.0,0.75,0.0,0.13,0.05,0.0,0.0,74.35740157480315,0.0,0.4,0.0,0.01,0.0,83.33,0.0,24.0,0.0,23.5,0.88,0.01,1.74,3.71,9.4,12.4,0.0,0.0,0.0,34.469732126018755,9491.32,3.239703893333333,0.304,35.85,1.45,0.02,0.46,2.8,0.85,83.31,0.89,0,18052,259583856,17256,85479424,0,28,36659,11003,0,72,3,14.8,10998.8,5.0,5274.0,137.74,136.4,107.27,0.12800856528970705,1.8688,big_data
5.48,0.0,0.76,0.04,0.08,0.08,0.0,0.0,79.64333333333333,0.0,38.8,0.0,9.67,0.0,5.37,0.0,255.22,0.0,19.75,5.6,0.82,1.72,3.41,11.4,13.4,0.0,0.0,0.0,34.49997567277884,6619.839999999998,2.259572053333333,0.78,53.21,1.74,0.03,1.09,0.73,0.57,49.71,6.54,1,18052,259265568,17276,85479456,1,15584,36919,10065,0,6,3,18.0,10056.8,5.0,5272.0,134.15,135.68,107.19,0.127887230156731,1.8688,big_data
2.35,0.0,0.07,0.06,0.09,0.08,0.0,0.0,100.0,0.2,72.2,0.0,17.9,0.0,3.73,4.0,253.85,0.0,60.93,8.48,4.3,0.61,2.94,6.2,8.4,0.0,0.0,0.0,34.548300293034394,1562.42,0.5333060266666667,1.3840000000000001,54.53,0.72,0.0,1.3,0.19,0.26,14.05,0.12,0,18052,259270352,17296,85479488,0,12682,35158,6218,0,2,3,20.4,6231.2,4.0,5269.0,123.65,133.48,106.63,0.1278386961035406,1.8432,big_data
2.32,0.0,0.05,0.04,0.1,0.05,0.0,0.0,75.0,0.2,55.2,0.0,13.77,0.0,0.0,4.0,255.41,0.0,44.04,6.72,2.41,0.71,3.0,7.2,9.2,0.0,0.0,0.0,34.54815774924201,1818.68,0.6207761066666666,1.521,47.97,0.73,0.01,1.29,0.18,0.28,15.7,0.1,0,18052,259267152,17308,85479520,1,14106,35093,6128,0,2,3,9.8,6126.2,4.0,5265.0,114.07,131.33,106.08,0.12776589502375502,1.8688,big_data
8.21,0.0,2.26,0.17,0.1,0.07,0.0,0.0,99.86666666666667,0.2,111.0,0.0,27.56,0.0,2.8,4.0,254.27,0.0,47.1,13.68,5.19,0.65,3.08,6.6,8.6,0.0,0.0,0.0,34.54808647734581,9484.46,3.237362346666667,0.506,56.73,2.62,0.01,0.94,1.53,0.77,70.76,16.19,0,18052,258760368,17328,85479552,1,28228,35939,9418,0,10,3,20.6,9415.4,4.0,5256.0,105.17,129.2,105.52,0.12747469070461254,1.8944,big_data
14.57,0.0,0.94,0.2,0.13,0.07,0.0,0.0,90.98,0.4,237.8,0.0,57.23,0.0,3.02,4.0,246.42,0.5,73.3,28.08,17.37,102.84,30.34,100.2,104.6,0.0,0.0,0.0,34.644241363853546,27732.22,9.465931093333333,0.992,49.45,1.87,0.02,2.84,0.56,0.55,45.26,0.99,0,18052,260022048,17464,83559424,2,58626,40505,33089,0,16,42,40.8,33085.0,44.0,5368.0,102.36,128.22,105.33,0.13026539876306112,1.92,big_data
73.23,0.0,0.93,0.04,0.19,0.06,0.0,0.0,75.98572580645158,0.0,0.8,0.0,0.11,0.0,97.06,0.0,136.0,0.0,47.75,1.36,0.04,8.2,28.05,27.0,36.8,0.0,0.0,0.0,35.05992180881582,35149.86,11.99781888,0.556,39.13,1.54,0.02,2.45,1.38,0.77,72.34,0.11,0,18052,257695456,17480,84040320,0,115,38780,83543,0,75,97,15.8,83535.4,101.0,5372.0,102.41,127.8,105.32,0.13048380200241794,1.92,big_data
71.47,0.0,0.3,0.02,0.14,0.06,0.0,0.0,88.01339805825243,0.0,0.4,0.0,0.01,0.0,80.0,0.0,20.0,0.0,26.0,1.04,0.01,1.02,9.86,11.2,15.6,0.0,0.0,0.0,35.211178211410996,12707.44,4.337472853333333,0.409,32.32,1.41,0.03,0.89,2.02,0.83,79.99,0.01,0,18052,257215280,17508,84040352,0,24,36667,23711,0,71,86,16.2,23703.8,87.0,5373.0,101.1,127.1,105.22,0.13036246686944195,1.92,big_data
49.82,0.0,0.26,0.07,0.12,0.06,0.0,0.0,71.51306818181818,0.0,55.2,0.0,13.77,0.0,0.0,0.0,255.41,0.0,20.57,6.88,1.11,0.55,2.45,5.6,7.6,0.0,0.0,0.0,35.206738882132,9500.62,3.2428782933333333,0.48100000000000004,38.79,2.18,0.04,1.25,1.61,0.77,72.29,1.43,0,18052,257234016,17520,84040408,0,14134,36239,13812,0,48,3,20.4,13817.4,4.0,5372.0,93.24,125.04,104.67,0.13033819984284675,1.9456,big_data
6.5,0.0,1.02,0.29,0.12,0.09,0.0,0.0,71.538,0.2,96.8,0.0,24.12,0.0,0.62,4.0,255.17,0.0,43.53,12.08,4.96,0.87,6.7,9.0,11.4,0.0,0.0,0.0,35.2561424375821,10753.98,3.67069184,0.46299999999999997,50.15,5.3,0.05,2.02,1.58,0.73,59.39,10.65,2,18052,256878736,17540,84040424,1,33121,36934,9860,0,7,2,9.6,9856.6,3.0,5373.0,85.93,123.0,104.12,0.13036246686944195,1.9456,big_data
6.5,0.0,2.56,0.35,0.13,0.07,0.0,0.0,68.31666666666668,0.8,354.4,0.0,86.12,0.0,4.16,4.0,248.84,0.0,85.17,37.6,29.32,1.28,3.15,13.8,15.6,0.0,0.0,0.0,35.3178449443959,14271.54,4.87135232,0.342,56.41,5.7,0.04,0.91,2.48,0.85,74.42,18.88,0,18052,255943584,17576,84258032,3,79816,37389,10135,0,9,2,20.6,10128.6,2.0,5370.0,79.21,120.99,103.57,0.13031393281625153,1.9456,big_data
18.42,0.0,1.62,0.01,0.11,0.1,0.0,0.0,48.63333333333333,0.0,0.4,0.0,0.03,0.0,95.35,0.0,86.0,0.0,20.5,0.8,0.01,0.64,2.14,6.4,8.0,0.0,0.0,0.0,35.45660222774869,9828.6,3.3548288000000004,0.24100000000000002,34.66,1.73,0.04,0.7,3.5,0.84,86.16,1.23,0,18052,255512368,17584,84258056,0,3,35680,7034,0,22,93,14.0,7046.0,119.0,5375.0,80.16,120.49,103.5,0.13026539876306112,1.9456,big_data
34.93,0.0,0.38,0.02,0.11,0.05,0.0,0.0,53.018192771084315,0.0,0.0,0.0,0.0,0.0,0.0,0.0,0.0,0.0,0.0,0.0,0.0,1.04,3.29,8.0,9.6,0.0,0.0,0.0,35.534622207732966,4929.280000000002,1.6825275733333336,0.273,29.4,2.28,0.02,0.45,3.26,0.89,86.17,0.06,0,18052,255198224,17600,84258080,0,43,35908,7387,0,36,83,16.0,7395.6,83.0,5367.0,80.38,119.87,103.39,0.13024113173646593,1.9456,big_data
64.76,0.0,0.06,0.01,0.11,0.04,0.0,0.0,96.64058823529413,0.0,0.4,0.0,0.01,0.0,77.78,0.0,18.0,0.0,24.0,0.88,0.01,0.66,2.24,6.6,8.4,0.0,0.0,0.0,35.55161903855228,6341.62,2.164606293333333,0.292,28.79,2.28,0.0,0.34,3.09,0.9,85.37,0.0,0,18052,255193120,17616,84258096,0,12,34953,5454,0,65,83,17.4,5446.4,83.0,5367.0,80.75,119.29,103.29,0.13024113173646593,1.9456,big_data
64.74,0.0,0.06,0.05,0.12,0.06,0.0,0.0,97.4356470588235,0.0,55.4,0.0,13.79,0.0,4.15,0.0,254.89,0.0,21.64,7.04,1.19,0.58,2.04,5.8,7.6,0.0,0.0,0.0,35.55360176204751,5492.219999999998,1.87467776,0.322,29.26,1.49,0.0,0.21,2.68,0.87,84.95,0.0,0,18052,255186512,17624,84258112,0,14130,35059,5483,0,65,84,15.4,5474.4,84.0,5368.0,80.93,118.69,103.18,0.13024113173646593,1.9456,big_data
35.3,0.0,0.1,0.1,0.1,0.05,0.0,0.0,53.8239759036145,0.4,116.6,0.0,27.57,0.0,3.16,4.0,242.17,17.0,52.77,14.0,6.15,0.77,3.97,7.8,9.6,0.0,0.0,0.0,35.55431068995116,4831.54,1.6491656533333332,0.528,38.29,1.31,0.14,0.63,1.45,0.76,75.35,0.05,0,18052,255181024,17648,84258136,2,28263,35766,6915,0,34,2,14.8,6910.8,2.0,5367.0,74.61,116.75,102.64,0.13024113173646593,1.9456,big_data
17.53,0.0,0.13,0.01,0.09,0.08,0.0,0.0,57.62000000000001,0.0,0.4,0.0,0.0,0.0,66.67,0.0,12.0,0.0,29.0,1.12,0.01,0.6,2.15,6.0,8.0,0.0,0.0,0.0,35.554366797614115,2488.82,0.8495172266666666,0.17600000000000002,28.58,1.02,0.16,0.44,5.0,0.88,90.76,0.0,0,18052,255184256,17664,84258176,0,9,35815,7242,0,19,83,21.0,7254.8,83.0,5367.0,68.96,114.88,102.11,0.13024113173646593,1.9456,big_data
31.12,0.0,0.12,0.04,0.1,0.06,0.0,0.0,46.95228915662649,0.0,0.0,0.0,0.0,0.0,0.0,0.0,0.0,0.0,0.0,0.0,0.0,0.7,2.9,7.0,8.6,0.0,0.0,0.0,35.55406730400777,2482.5,0.84736,0.252,36.36,1.31,0.26,0.62,3.26,0.82,86.06,0.01,0,18052,255186160,17672,84258192,0,8,36078,7651,0,31,83,9.0,7646.2,83.0,5271.0,63.6,113.0,101.57,0.12793576420992145,1.92,big_data
31.35,0.0,0.25,0.0,0.1,0.07,0.0,0.0,47.769512195121926,0.0,0.0,0.0,0.0,0.0,0.0,0.0,0.0,0.0,0.0,0.0,0.0,1.28,2.51,7.0,9.4,0.0,0.0,0.0,35.55378828211627,2698.82,0.9211972266666668,0.265,31.77,1.28,0.32,0.86,3.1,0.82,86.25,0.01,0,18052,255188416,17680,84258200,0,4,35795,7163,0,31,83,21.4,7165.4,83.0,5240.0,65.23,112.52,101.47,0.12708641827908926,1.92,big_data
7.47,0.0,0.1,0.0,0.08,0.09,0.0,0.0,47.83250000000001,0.0,0.0,0.0,0.0,0.0,0.0,0.0,0.0,0.0,0.0,0.0,0.0,1.13,3.27,9.0,10.8,0.0,0.0,0.0,35.56690610207456,3290.78,1.1232529066666668,0.757,48.86,2.33,0.3,2.49,0.87,0.66,57.76,4.32,0,18052,255172320,17688,84258216,0,24,36109,8254,0,6,2,16.0,8244.0,3.0,5230.0,60.17,110.69,100.94,0.1269165490929228,1.92,big_data
2.63,0.0,0.36,0.0,0.06,0.07,0.0,0.0,59.37000000000001,0.0,0.0,0.0,0.0,0.0,0.0,0.0,0.0,0.0,0.0,0.0,0.0,0.61,2.57,6.2,8.4,0.0,0.0,0.0,35.577759902011145,2827.38,0.96507904,0.804,38.57,1.54,0.58,2.24,0.69,0.55,48.65,0.1,0,18052,255060784,17696,84258256,0,6,35458,7089,0,4,1,14.2,7090.4,1.0,5227.0,55.43,108.87,100.4,0.1268437480131372,1.92,big_data
0.85,0.0,0.05,0.0,0.11,0.09,0.0,0.0,100.01,0.0,0.0,0.0,0.0,0.0,0.0,0.0,0.0,0.0,0.0,0.0,0.0,0.93,3.14,8.2,10.4,0.0,0.0,0.0,35.57744751880655,1190.6799999999996,0.4064187733333333,1.081,49.64,2.08,0.66,2.02,0.37,0.4,29.17,0.08,0,18052,255061152,17704,84258272,0,4,35397,6940,0,1,1,16.0,6929.6,1.0,5225.0,51.07,107.08,99.87,0.1267952139599468,1.92,big_data
15.95,0.0,0.41,0.01,0.13,0.08,0.0,0.0,37.094193548387096,0.0,0.0,0.0,0.0,0.0,0.0,0.0,0.0,0.0,0.0,0.0,0.0,113.82,32.84,118.2,122.6,0.0,0.0,0.0,35.59385521916476,18074.54,6.169442986666668,1.632,39.81,0.78,0.04,1.27,0.2,0.33,18.7,0.2,0,18052,256389568,17944,82815104,0,22,50701,41763,0,18,48,60.8,41763.2,48.0,5425.0,51.46,106.23,99.63,0.1316243522523926,1.92,big_data
67.21,0.0,0.57,0.02,0.18,0.04,0.0,0.0,71.72533898305086,0.0,0.8,0.0,0.1,0.0,97.01,0.0,134.0,0.0,36.25,1.04,0.03,7.14,11.17,13.0,15.6,0.0,0.0,0.0,35.69293604447481,25925.48,8.849230506666666,0.96,30.63,0.72,0.0,0.9,0.71,0.68,57.55,0.05,0,18052,255712944,17960,82815120,0,113,36847,41989,0,70,212,11.38,41889.62,275.0,5430.0,67.44,108.63,100.45,0.13189128954493987,1.92,big_data
99.4,0.0,0.31,0.0,0.2,0.06,0.0,0.0,99.972109375,0.0,0.0,0.0,0.0,0.0,0.0,0.0,0.0,0.0,0.0,0.0,0.0,0.51,7.37,5.2,7.4,0.0,0.0,0.0,35.72678564589773,28716.76,9.801987413333332,0.9059999999999999,25.41,0.66,0.0,0.84,0.78,0.71,60.14,0.02,0,18052,255781888,17976,82815136,0,8,34655,48317,0,100,309,20.6,47584.0,267.0,5435.0,80.7,110.7,101.16,0.13176995441196382,1.92,big_data
99.4,0.0,0.25,0.0,0.18,0.03,0.0,0.0,99.8675,0.0,0.4,0.0,0.03,0.0,95.45,0.0,88.0,0.0,34.0,1.28,0.01,0.84,13.54,9.0,12.8,0.0,0.0,0.0,35.721757944369294,22732.8,7.759462400000001,0.872,28.72,0.7,0.0,0.53,0.83,0.72,62.29,0.02,0,18052,255740448,18028,82815200,0,50,34412,74472,0,99,288,10.78,71518.76,281.0,5428.0,98.02,113.79,102.21,0.13184275549174945,1.92,big_data
99.08,0.0,0.32,0.0,0.17,0.04,0.0,0.0,99.60593749999998,0.0,0.0,0.0,0.0,0.0,0.0,0.0,0.0,0.0,0.0,0.0,0.0,0.54,10.07,5.8,8.0,0.0,0.0,0.0,35.82466698035905,20017.18,6.832530773333334,0.8270000000000001,25.65,0.69,0.0,0.4,0.89,0.74,63.98,0.01,0,18052,255192384,18068,82815256,0,26,34411,69097,0,100,283,17.2,72111.0,282.0,5428.0,113.32,116.7,103.21,0.13172142035877346,1.92,big_data
99.56,0.0,0.23,0.0,0.16,0.05,0.0,0.0,99.9953125,0.0,0.4,0.0,0.02,0.0,92.59,0.0,54.0,0.0,18.0,0.64,0.01,0.7,7.96,7.19,9.38,0.0,0.0,0.0,35.816152263398656,17846.22,6.09150976,0.835,29.66,0.8,0.0,0.46,0.87,0.73,63.2,0.03,0,18052,255247872,18096,82815312,0,28,33894,56309,0,100,202,13.0,56841.6,205.0,5428.0,126.82,119.44,104.17,0.13172142035877346,1.92,big_data
60.65,0.0,0.42,0.04,0.15,0.06,0.0,0.0,77.16633333333336,0.0,0.4,0.0,0.01,0.0,87.5,0.0,32.0,0.0,0.0,0.0,0.0,0.89,13.41,9.0,11.4,0.0,0.0,0.0,35.819127485959,22974.54,7.84197632,1.423,52.73,0.74,0.0,0.9,0.28,0.4,27.5,0.05,0,18052,255227200,18144,82815344,0,52,36797,52556,0,60,34,15.6,52551.2,116.0,5429.0,119.39,118.02,103.8,0.13172142035877346,1.92,big_data
24.88,0.0,0.88,0.13,0.13,0.06,0.0,0.0,67.57358974358975,0.0,11.8,0.0,0.19,0.0,75.82,0.0,16.54,0.0,15.39,3.84,0.18,0.94,15.05,10.6,15.6,0.0,0.0,0.0,35.838621865991804,14525.579999999998,4.958064639999999,1.374,50.5,0.93,0.01,1.02,0.3,0.41,27.26,0.32,0,18052,255129056,18224,82815488,0,234,37609,12636,0,25,17,14.4,12662.2,90.0,5428.0,111.35,116.38,103.34,0.13172142035877346,1.8944,big_data
13.09,0.0,0.37,0.03,0.09,0.08,0.0,0.0,76.77,0.0,0.6,0.0,0.05,0.0,95.0,0.0,80.0,0.0,22.67,1.28,0.01,0.88,8.21,9.6,12.6,0.0,0.0,0.0,35.83654133319222,10395.12,3.5482009599999995,1.2409999999999999,46.73,1.2,0.01,1.02,0.4,0.5,35.88,0.03,0,18052,255137328,18272,82815584,0,58,36147,8462,0,13,11,21.0,8445.6,13.0,5428.0,110.44,116.11,103.32,0.13172142035877346,1.8432,big_data
9.9,0.0,0.61,0.05,0.09,0.08,0.0,0.0,71.14307692307692,0.0,0.6,0.0,0.03,0.0,91.89,0.0,49.33,0.0,12.67,0.72,0.01,1.06,6.62,9.8,13.4,0.0,0.0,0.0,35.83457453214189,5595.14,1.9098077866666667,0.5660000000000001,41.29,1.0,0.01,0.92,1.27,0.72,72.01,0.01,0,18052,255146688,18304,82815648,0,38,36979,11498,0,11,7,10.8,11498.6,8.0,5429.0,102.16,114.3,102.81,0.13176995441196382,1.8432,big_data
51.37,0.0,0.35,0.05,0.11,0.07,0.0,0.0,63.59158415841585,0.0,0.4,0.0,0.02,0.0,93.55,0.0,62.0,0.0,8.0,0.24,0.0,0.56,5.86,6.0,8.4,0.0,0.0,0.0,35.847245765431474,7210.0,2.4610133333333333,0.304,34.02,1.48,0.03,0.74,2.58,0.78,83.15,0.15,1,18052,255080992,18344,82815696,0,52,36257,8870,0,52,2,21.2,8878.2,3.0,5430.0,100.86,113.83,102.72,0.13176995441196382,1.8432,big_data
4.17,0.0,0.17,0.0,0.1,0.08,0.0,0.0,66.355,0.0,0.2,0.0,0.01,0.0,90.0,0.0,40.0,0.0,7.0,0.08,0.0,1.03,3.36,9.4,12.0,0.0,0.0,0.0,35.849543904977935,4501.14,1.5363891200000002,0.742,33.2,2.36,0.02,1.99,0.79,0.59,50.81,0.05,0,18052,255063392,18352,82815744,0,25,35951,11797,0,4,2,15.8,11796.6,4.0,5427.0,101.76,113.8,102.77,0.1316971533321782,1.8432,big_data
1.55,0.0,0.07,0.02,0.07,0.08,0.0,0.0,99.8,0.0,0.6,0.0,0.02,0.0,86.36,0.0,29.33,0.0,28.0,1.12,0.02,0.76,2.61,6.4,8.6,0.0,0.0,0.0,35.84720103094343,4494.0,1.533952,0.6509999999999999,31.29,2.59,0.02,1.93,0.94,0.62,53.85,0.31,0,18052,255082944,18372,82815752,0,30,35369,6943,0,2,2,14.4,6943.4,3.0,5284.0,93.77,111.94,102.22,0.12822696852906387,1.8432,big_data
4.59,0.0,0.08,0.01,0.08,0.07,0.0,0.0,60.42,0.0,0.6,0.0,0.01,0.0,66.67,0.0,12.0,0.0,19.33,0.96,0.01,0.98,3.51,8.8,10.8,0.0,0.0,0.0,35.853942290827206,1766.88,0.6030950399999999,1.4040000000000001,33.02,0.86,0.06,1.26,0.23,0.32,22.77,0.4,0,18052,255044816,18388,82815768,0,22,35780,7929,0,5,3,15.8,7930.0,2.0,5284.0,86.42,110.11,101.69,0.12820270150246868,1.8432,big_data
0.81,0.0,0.05,0.02,0.1,0.07,0.0,0.0,100.0,0.0,0.8,0.0,0.04,0.0,91.49,0.0,47.0,0.0,31.0,1.28,0.02,0.57,2.31,5.8,8.0,0.0,0.0,0.0,35.85347599065528,513.78,0.17537023999999998,0.924,30.89,0.96,0.01,0.7,0.68,0.63,55.97,0.15,0,18052,255046320,18408,82815792,1,68,35057,6155,0,1,1,21.0,6157.0,2.0,5281.0,79.58,108.3,101.14,0.12808136636949266,1.8432,big_data
9.06,0.0,0.24,0.35,0.09,0.06,0.0,0.0,42.05,0.0,11.2,0.0,0.09,0.0,49.09,0.0,7.86,0.0,16.23,1.76,0.18,0.78,2.91,7.8,10.0,0.0,0.0,0.0,35.881858127786,4956.66,1.6918732799999998,0.231,36.69,4.11,0.01,0.78,3.85,0.89,87.13,0.83,0,18052,254897392,18424,82815808,0,94,35997,7877,0,9,1,10.6,7870.8,2.0,5274.0,73.29,106.52,100.61,0.12793576420992145,1.8432,big_data
0.8,0.0,0.05,0.01,0.1,0.07,0.0,0.0,100.0,0.0,0.6,0.0,0.01,0.0,81.25,0.0,21.33,0.0,28.33,1.28,0.02,0.5,1.87,5.0,6.4,0.0,0.0,0.0,35.88119165973541,486.84,0.16617472,1.6909999999999998,34.98,0.63,0.01,0.74,0.25,0.42,28.34,0.03,0,18052,254899568,18440,82815824,0,18,34997,6038,0,1,1,21.0,6034.4,2.0,5269.0,67.5,104.77,100.07,0.127887230156731,1.8432,big_data
0.81,0.0,0.04,0.01,0.09,0.08,0.0,0.0,100.0,0.0,0.6,0.0,0.01,0.0,78.57,0.0,18.67,0.0,12.67,0.72,0.01,0.79,3.17,8.0,10.4,0.0,0.0,0.0,35.88110598181765,558.3199999999998,0.19057322666666665,1.633,36.93,0.63,0.01,0.75,0.24,0.39,26.32,0.03,0,18052,254900720,18456,82815840,0,17,34945,6089,0,1,1,16.0,6088.6,2.0,5268.0,62.17,103.05,99.54,0.1278144290769454,1.8432,big_data
3.46,0.0,0.33,0.05,0.11,0.07,0.0,0.0,73.60000000000002,0.0,69.8,0.0,17.28,0.0,0.85,0.0,253.56,0.0,23.1,8.48,1.57,17882.44,111.51,668.8,415.6,0.59,0.0,0.0,35.88449973721521,12410.44,4.236096853333333,1.192,42.18,1.64,0.07,2.24,0.37,0.44,32.4,2.46,0,18052,254302464,18608,82996832,0,17725,58980,54640,0,5,0,23.2,53576.0,74.0,5309.0,57.51,101.4,99.03,0.12999846147051386,1.8432,big_data
47.96,0.0,2.94,0.11,0.2,0.06,0.0,0.0,65.556091954023,0.0,0.8,0.0,0.1,0.0,96.99,0.0,133.0,0.0,42.75,1.2,0.03,112.64,40.35,112.8,119.2,0.0,0.0,0.0,36.14066533816357,51201.34,17.476724053333335,1.5190000000000001,56.0,1.25,0.0,2.35,0.28,0.42,27.58,1.52,0,18052,253386592,18808,82996768,0,113,43472,87910,0,52,50,25.4,88972.4,132.0,5357.0,57.31,100.63,98.79,0.13011979660348988,1.8432,big_data
30.02,0.0,0.5,0.06,0.13,0.06,0.0,0.0,67.81620000000002,0.0,0.8,0.0,0.1,0.0,96.85,0.0,127.0,0.0,41.5,2.08,0.03,1.09,31.11,13.6,23.0,0.0,0.0,0.0,36.18206521131325,24985.620000000006,8.52842496,1.5619999999999998,53.96,1.2,0.02,2.36,0.21,0.32,18.87,0.21,0,18052,253132288,18976,82997016,0,110,37161,22896,0,30,9,20.8,22878.4,14.0,5357.0,54.48,99.32,98.38,0.13116327874708372,1.8688,big_data
32.33,0.0,0.87,0.39,0.16,0.06,0.0,0.0,60.295263157894745,0.2,82.4,0.0,17.41,0.0,22.41,4.0,216.34,29.0,35.75,10.96,2.93,284.39,137.01,225.4,261.2,0.01,0.0,0.0,36.182043223175064,36318.9,12.396851199999999,1.723,60.1,1.21,0.0,2.69,0.21,0.37,20.61,0.12,0,18052,253207328,19068,82997328,1,17854,44873,67285,0,34,50,18.8,67307.6,51.0,5404.0,54.12,98.51,98.12,0.1311390117204885,1.8688,big_data
34.25,0.0,0.38,0.06,0.16,0.05,0.0,0.0,76.09924528301887,0.2,1.0,0.0,0.16,0.0,97.55,4.0,163.2,51.0,25.4,2.56,0.03,0.8,21.69,9.6,15.6,0.0,0.0,0.0,36.144325225854395,29665.06,10.125673813333332,1.72,56.31,1.09,0.01,2.44,0.2,0.35,19.82,0.13,0,18052,253216320,19240,82997896,82,182,37295,37413,0,35,27,26.0,37421.4,29.0,5405.0,52.35,97.4,97.76,0.13130888090665493,1.8688,big_data
24.56,0.0,0.42,0.03,0.15,0.08,0.0,0.0,46.63280701754386,0.0,0.8,0.0,0.12,0.0,97.45,0.0,157.0,0.0,39.25,1.12,0.03,285.76,145.95,231.8,267.8,0.01,0.0,0.0,36.157227713700756,27662.54,9.442146986666666,1.722,59.76,1.23,0.01,2.68,0.21,0.36,20.87,0.18,0,18052,253276384,19604,82998288,0,153,42334,44190,0,26,50,29.8,41395.6,53.0,5454.0,52.16,96.61,97.5,0.13235236305024875,1.8688,big_data
37.85,0.0,0.27,0.04,0.16,0.05,0.0,0.0,82.7638181818182,0.0,0.6,0.0,0.09,0.0,97.5,0.0,160.0,0.0,41.0,1.36,0.02,0.78,19.06,9.0,14.4,0.0,0.0,0.0,36.123756459897024,34323.0,11.715584,1.665,62.48,1.19,0.0,2.57,0.2,0.34,18.6,0.11,2,18052,253443280,19684,82998392,0,144,37046,39856,0,37,31,14.4,42655.2,33.0,5453.0,51.03,95.64,97.18,0.13227956197046314,1.8688,big_data
20.32,0.0,1.21,0.15,0.12,0.08,0.0,0.0,53.438928571428576,2.8,0.8,0.01,0.12,0.0,97.42,4.0,155.0,7.64,36.0,1.28,0.05,328.66,186.26,613.2,648.8,0.01,0.0,0.0,36.097182657579346,23820.82,8.130839893333333,1.676,57.68,1.31,0.02,2.61,0.21,0.35,20.18,0.23,0,18052,253486144,20784,82997080,11,245,48099,45688,0,22,50,275.0,45677.0,51.0,6747.0,51.67,95.03,96.98,0.1637781624910394,1.8688,big_data
40.56,0.0,0.47,0.05,0.19,0.05,0.0,0.0,85.32272727272729,0.0,2.4,0.0,0.55,0.0,98.29,0.0,234.0,0.0,54.58,1.36,0.13,0.67,13.9,7.4,11.2,0.0,0.0,0.0,36.086677635007106,38116.54,13.010445653333333,1.755,64.01,1.22,0.0,2.66,0.2,0.36,19.93,0.09,0,18052,253629936,20812,82997184,0,567,37864,51355,0,41,39,20.8,51349.8,42.0,6747.0,51.45,94.27,96.72,0.163729628437849,1.8688,big_data
17.93,0.0,0.15,0.02,0.09,0.07,0.0,0.0,62.159375,0.0,0.8,0.0,0.12,0.0,97.39,0.0,153.0,0.0,31.75,0.88,0.02,173.36,125.24,145.2,181.8,0.01,0.0,0.0,36.048005049204406,18366.06,6.26894848,1.771,57.3,1.21,0.02,2.51,0.2,0.36,20.65,0.26,0,18052,253810464,20892,82997520,0,137,41227,26158,0,18,62,20.4,26172.0,13.0,6795.0,47.57,92.75,96.22,0.16489444571441886,1.8944,big_data
41.46,0.0,0.41,0.04,0.18,0.05,0.0,0.0,76.84333333333333,0.0,22.8,0.0,0.64,0.0,86.01,0.0,28.6,0.0,15.7,4.32,0.35,113.5,34.21,95.6,100.6,0.0,0.0,0.0,36.04038729663976,40307.14,13.758170453333333,1.8,64.52,1.24,0.0,2.69,0.2,0.36,20.36,0.11,0,18052,254006272,20912,82997736,0,692,37839,57345,0,42,48,21.0,57327.2,50.0,6795.0,60.26,94.63,96.81,0.16494297976760924,1.8944,big_data
25.44,0.0,0.13,0.0,0.12,0.06,0.0,0.0,65.76214285714289,0.0,0.0,0.0,0.0,0.0,0.0,0.0,0.0,0.0,0.0,0.0,0.0,1.37,34.6,17.0,28.0,0.0,0.0,0.0,36.005120597621215,19704.64,6.725850453333333,1.78,58.0,1.21,0.02,2.46,0.2,0.36,20.55,0.24,1,18052,254060800,20940,82998048,0,134,36901,19113,0,24,3,15.8,19118.0,5.0,6795.0,56.8,93.34,96.38,0.1660592629909887,1.92,big_data
34.54,0.0,0.35,0.04,0.17,0.07,0.0,0.0,70.45631578947369,0.0,0.8,0.0,0.12,0.0,97.48,0.0,159.0,0.0,38.25,1.04,0.03,284.24,129.97,220.6,253.0,0.01,0.0,0.0,35.98984642369719,39695.36,13.549349546666667,1.7930000000000001,64.15,1.24,0.0,2.77,0.21,0.37,20.54,0.1,0,18052,254153888,21012,82998320,0,6,41192,44205,0,37,50,24.0,43985.4,51.0,6842.0,56.25,92.62,96.13,0.1648701786878236,1.92,big_data
30.36,0.0,0.19,0.03,0.13,0.05,0.0,0.0,72.32959183673472,0.0,0.6,0.0,0.06,0.0,95.77,0.0,94.67,0.0,40.0,1.28,0.02,1.19,29.98,14.4,22.8,0.0,0.0,0.0,35.95908046910222,24860.46,8.485703679999999,1.662,57.69,1.16,0.02,2.44,0.2,0.33,18.46,0.14,0,18052,254410944,21040,82998544,0,114,36926,30405,0,30,14,15.8,30626.6,16.0,6794.0,53.91,91.53,95.76,0.16491871274101405,1.92,big_data
28.47,0.0,0.43,0.04,0.13,0.05,0.0,0.0,60.7772,0.0,0.8,0.0,0.11,0.0,97.2,0.0,143.0,0.0,30.0,0.88,0.02,285.75,134.99,227.8,260.8,0.01,0.0,0.0,35.94732667192325,32146.48,10.972665173333333,1.7169999999999999,62.35,1.29,0.0,2.75,0.22,0.39,21.5,0.14,0,18052,254363008,21072,82998888,0,194,41854,49168,0,30,50,30.6,49166.6,51.0,6843.0,53.6,90.84,95.51,0.16489444571441886,1.92,big_data
34.46,0.0,0.25,0.01,0.15,0.06,0.0,0.0,71.76362068965517,0.0,2.0,0.0,0.1,0.0,91.87,0.0,49.2,0.0,9.3,1.52,0.02,1.06,23.02,12.2,18.4,0.0,0.0,0.0,35.93289487115531,30905.86,10.549200213333332,1.7309999999999999,60.75,1.17,0.0,2.5,0.21,0.36,19.73,0.11,0,18052,254439840,21096,82999040,0,105,36875,26563,0,34,27,9.2,26523.6,30.0,6795.0,52.03,89.9,95.18,0.16489444571441886,1.92,big_data
18.03,0.0,0.39,0.05,0.13,0.07,0.0,0.0,46.44318181818182,0.0,1.4,0.0,0.14,0.0,96.11,0.0,102.86,0.0,18.86,0.96,0.02,283.7,141.79,224.4,259.6,0.01,0.0,0.0,35.92756995065551,21079.4,7.195101866666668,1.7890000000000001,62.25,1.26,0.01,2.7,0.2,0.36,20.33,0.19,0,18052,254539584,21128,82999464,0,156,40866,38464,0,20,52,30.6,35439.2,51.0,6843.0,56.99,90.3,95.28,0.16610779704417908,1.92,big_data
39.52,0.0,0.2,0.03,0.17,0.04,0.0,0.0,79.26733333333338,0.0,41.6,0.0,0.42,0.0,61.05,0.0,10.27,0.0,6.38,3.84,0.26,0.96,19.26,10.6,15.2,0.0,0.0,0.0,35.90446193384326,36003.78,12.28929024,1.805,66.22,1.2,0.0,2.59,0.2,0.35,19.5,0.07,0,18052,254625536,21152,82999552,0,466,37344,32500,0,39,36,15.6,35548.4,38.0,6795.0,56.27,89.6,95.03,0.16489444571441886,1.92,big_data
20.08,0.0,0.25,0.04,0.1,0.08,0.0,0.0,58.05656250000001,0.0,1.2,0.0,0.15,0.0,96.84,0.0,126.67,0.0,39.5,1.84,0.05,285.04,148.77,226.8,265.0,0.01,0.0,0.0,35.898217302597864,21232.22,7.247264426666666,1.757,61.45,1.24,0.01,2.7,0.21,0.36,20.41,0.17,0,18052,254607632,21184,83000032,0,163,40310,25785,0,20,50,24.0,25710.2,52.0,6845.0,51.84,88.13,94.52,0.1660592629909887,1.92,big_data
39.95,0.0,0.58,0.04,0.2,0.06,0.0,0.0,76.62950000000002,0.0,0.8,0.0,0.08,0.0,96.0,0.0,100.0,0.0,31.5,1.6,0.02,0.77,12.82,8.0,10.0,0.0,0.0,0.0,35.892813528085256,38196.02,13.037574826666667,1.794,63.69,1.25,0.0,2.7,0.21,0.37,20.58,0.08,0,18052,254579856,21200,83000072,0,110,38746,37063,0,41,45,15.8,37109.8,48.0,5547.0,53.22,87.81,94.39,0.13465773057679326,1.92,big_data
19.63,0.0,0.11,0.03,0.11,0.07,0.0,0.0,66.50062500000001,0.0,1.4,0.0,0.15,0.0,96.32,0.0,108.57,0.0,26.29,1.44,0.04,1.15,33.64,14.8,26.0,0.0,0.0,0.0,35.90060794396707,15849.76,5.410051413333332,1.744,59.67,1.21,0.01,2.63,0.2,0.35,20.27,0.19,0,18052,254606976,21232,83000656,0,189,36428,14765,0,19,2,21.2,14785.0,2.0,5550.0,49.44,86.45,93.91,0.1357982808267679,1.92,big_data
37.42,0.0,0.33,0.03,0.13,0.04,0.0,0.0,77.19625,0.0,1.0,0.0,0.08,0.0,95.05,0.0,80.8,0.0,15.8,0.8,0.01,285.35,131.05,224.4,253.8,0.01,0.0,0.0,35.92655546345222,40673.1,13.8830848,1.817,63.94,1.3,0.0,2.72,0.21,0.38,20.72,0.08,0,18052,254472656,21248,83000800,0,124,40897,49356,0,40,49,20.6,48706.6,132.0,5551.0,49.48,85.84,93.67,0.13463346355019806,1.9456,big_data
27.7,0.0,0.47,0.03,0.17,0.05,0.0,0.0,76.6835,0.0,1.4,0.0,0.13,0.0,95.78,0.0,94.86,0.0,20.57,1.28,0.03,1.02,30.32,12.8,21.4,0.0,0.0,0.0,35.914143538550924,22224.620000000006,7.586003626666668,1.6680000000000001,54.57,1.24,0.02,2.45,0.22,0.37,21.49,0.07,0,18052,254528880,21280,83001072,0,162,36915,22085,0,27,11,20.6,22707.4,14.0,5548.0,47.44,84.82,93.3,0.13468199760338845,1.8944,big_data
26.03,0.0,0.23,0.03,0.12,0.07,0.0,0.0,58.93173076923078,0.0,0.8,0.0,0.08,0.0,96.26,0.0,107.0,0.0,19.5,0.72,0.01,282.49,136.99,225.4,259.8,0.01,0.0,0.0,35.911184238435496,31894.32,10.88659456,1.784,67.31,1.42,0.0,2.59,0.23,0.4,23.56,0.01,0,18052,254550480,21304,83001328,0,98,40017,29058,0,27,50,35.4,29084.0,51.0,5645.0,47.73,84.26,93.07,0.1357982808267679,1.8944,big_data
