0.14,0.0,0.12,0.44,0.09,0.07,0.0,0.0,0.0,0.0,0.0,0.0,0.0,0.0,0.0,0.0,0.0,0.0,0.0,0.0,0.0,1.26,1.32,4.8,6.6,0.0,0.0,0.0,1.1706765132075352,382.96,0.13071701333333333,0.6859999999999999,24.73,2.57,0.41,1.69,0.7,0.48,50.22,0.24,1,15904,520421248,11152,347992,8310,30,35565,6812,6,0,0,26.6,6710.8,2.0,2955.0,6.37,32.16,49.88,0.0714421262962839,1.4848,big_data
0.21,0.0,0.15,0.17,0.08,0.07,0.0,0.0,0.0,1.2,0.0,0.0,0.0,0.0,0.0,4.0,0.0,0.17,0.0,0.0,0.0,42794.73,36.05,954.0,521.8,1.4,0.0,0.0,1.1772441425211957,1126.94,0.3846621866666667,0.8590000000000001,27.09,3.3,0.2,1.63,0.47,0.41,38.24,0.64,0,15904,520176576,11356,570136,902,8,36280,6520,2,0,0,28.0,6522.8,3.0,2955.0,5.94,31.65,49.61,0.07170906358883115,1.6640000000000001,big_data
0.34,0.0,0.22,0.22,0.09,0.06,0.0,0.0,0.0,1.2,0.4,0.0,0.04,0.0,96.3,4.0,108.0,0.17,0.0,0.0,0.0,1.36,1.22,4.6,6.6,0.0,0.0,0.0,1.1814150648087096,1845.64,0.6299784533333334,0.846,31.68,4.36,0.49,1.38,0.38,0.32,34.9,0.78,0,15904,519842880,11624,810940,4245,71,37103,10294,0,0,3,50.4,10598.2,3.0,3076.0,5.55,31.14,49.35,0.07170906358883115,1.6640000000000001,big_data
2.55,0.0,0.2,0.1,0.08,0.08,0.0,0.0,41.48,0.0,102.4,0.0,25.6,0.0,0.0,0.0,256.0,0.0,5.81,6.16,0.59,0.9,1.98,8.0,12.2,0.0,0.0,0.0,1.1999503068084487,5393.480000000001,1.8409745066666667,1.084,17.15,1.5,0.29,1.32,0.32,0.34,31.8,1.63,0,15904,519263328,11676,830368,2610,26232,45253,29988,0,3,4,113.4,29861.0,5.0,3454.0,5.26,30.65,49.1,0.07464537380685098,1.6896000000000002,big_data
4.45,0.0,0.39,0.06,0.11,0.07,0.0,0.0,34.065,1.6,128.6,0.01,29.75,0.0,4.88,4.0,236.91,3.38,3.82,7.28,0.5,3.68,5.84,28.4,31.4,0.0,0.0,0.0,1.3121588071268409,10017.62,3.4193476266666663,1.028,20.79,2.12,0.38,1.5,0.26,0.27,26.57,1.32,1,15904,517252544,11844,853548,1633,30844,59757,61969,0,5,3,265.4,62373.0,13.0,3970.0,5.24,30.23,48.86,0.0838183098598385,1.7408,big_data
6.11,0.0,0.5,0.04,0.12,0.09,0.0,0.0,42.715,1.0,134.2,0.0,28.01,0.0,16.85,4.0,213.72,0.2,4.17,6.64,0.55,5.29,8.85,42.6,46.6,0.0,0.0,0.0,1.6898619406525754,11601.08,3.9598353066666663,1.074,23.18,2.16,0.33,1.36,0.27,0.29,26.6,1.71,0,15904,514475264,11964,863640,4,28352,64818,74366,0,7,6,295.2,73761.6,8.0,4396.0,12.75,31.37,49.13,0.09634009558296436,1.92,big_data
5.58,0.0,0.45,0.01,0.1,0.08,0.0,0.0,30.69,0.0,0.4,0.0,0.04,0.0,96.15,0.0,104.0,0.0,0.5,0.0,0.0,3.02,5.27,23.0,26.2,0.0,0.0,0.0,2.2078471190554168,11742.94,4.008256853333333,1.119,25.01,2.07,0.34,1.27,0.25,0.27,26.02,1.48,0,15904,511972992,12128,882392,0,106,66572,75527,0,7,5,376.2,75942.4,6.0,5511.0,12.13,30.93,48.89,0.10667784891252173,2.0224,big_data
1.69,0.0,0.14,0.0,0.09,0.07,0.0,0.0,0.0,0.0,0.4,0.0,0.03,0.0,94.44,0.0,72.0,0.0,0.0,0.0,0.0,2.97,5.62,24.4,27.2,0.0,0.0,0.0,2.6840449787831533,1983.82,0.6771438933333334,0.846,23.2,3.57,0.29,2.04,0.5,0.42,38.78,0.46,0,15904,511290208,12156,881904,0,50,39777,19250,0,2,0,31.6,18880.0,2.0,5146.0,11.16,30.42,48.63,0.13373558356617546,2.176,big_data
0.03,0.0,0.02,0.0,0.09,0.06,0.0,0.0,0.0,0.0,0.0,0.0,0.0,0.0,0.0,0.0,0.0,0.0,0.0,0.0,0.0,0.4,1.98,4.0,5.8,0.0,0.0,0.0,2.8053467114218784,198.38,0.06771370666666666,0.429,26.62,3.8,0.09,0.59,1.46,0.63,63.62,0.1,0,15904,511296544,12164,881928,0,17,35040,6135,0,0,0,9.4,6066.4,2.0,5148.0,10.26,29.91,48.37,0.12487811885892558,2.176,big_data
1.52,0.0,1.15,0.43,0.13,0.11,0.0,0.0,0.0,0.2,74.6,0.0,18.65,0.0,0.0,4.0,256.0,0.0,4.6,4.48,0.35,283456.87,332.07,7651.6,4810.8,9.29,0.0,0.0,2.8044596037911944,5969.7,2.0376576,0.62,26.06,5.31,0.57,1.39,0.61,0.38,43.35,1.55,16,15904,509700992,12260,2306128,2,21516,171339,255540,0,3,1,36.6,255692.0,2.0,5226.0,9.44,29.41,48.11,0.12492665291211598,2.176,big_data
16.62,0.0,1.39,7.71,0.22,0.08,0.0,0.0,31.0,59.8,1037.4,12.65,257.99,0.0,3.77,216.59,254.66,17.73,5.77,66.4,6.7,28.97,11.61,57.4,63.8,0.0,0.0,0.0,2.833007788842908,30209.88,10.31163904,1.155,32.12,2.22,0.22,1.14,0.33,0.38,33.01,1.2,4,15904,503514560,12748,3862376,16683,261802,68312,134440,0,19,55,41.8,137068.4,52.0,5316.0,15.01,30.24,48.27,0.126819480986542,2.2016,big_data
45.28,0.0,4.93,11.94,0.43,0.2,0.0,0.0,50.83406249999997,1855.2,1.4,448.25,0.22,2.12,98.64,247.42,158.29,99.61,58.0,95.36,28.55,60.73,28.99,59.0,85.6,0.0,0.0,0.0,3.725625343588348,110266.22,37.63753642666667,1.084,36.1,2.17,0.38,0.77,0.39,0.42,34.24,7.2,70,15904,458553632,17016,6244020,477283,457,124132,262649,0,51,13,48.8,260526.8,20.0,5399.0,21.1,31.25,48.5,0.12902778040670568,2.2016,big_data
18.78,0.0,2.05,31.2,0.27,0.13,0.0,0.0,41.28555555555556,1872.4,16.2,466.17,1.87,0.04,96.18,254.94,118.02,134.52,59.14,100.08,32.03,0.51,8.96,5.2,8.4,0.0,0.0,0.0,11.867287636953401,87158.3,29.75003306666667,0.917,43.17,2.92,0.6,0.72,0.35,0.32,22.72,4.87,66,15904,441398048,17044,8628132,476846,1728,48639,34189,0,21,74,15.8,34272.4,30.0,5397.0,27.34,32.37,48.78,0.13101767658751248,2.2272,big_data
23.33,0.0,1.63,30.73,0.27,0.13,0.0,0.0,45.832830188679246,1887.0,0.4,470.84,0.01,0.06,88.89,255.51,36.0,133.97,44.0,100.24,32.08,1.07,19.84,11.8,18.8,0.0,0.0,0.0,14.581019634686804,97139.96,33.157106346666666,1.069,43.37,2.66,0.58,0.71,0.32,0.34,24.01,5.1,61,15904,438473056,17056,11038240,480970,68,49028,36848,0,25,38,21.2,36583.4,39.0,5385.0,32.67,33.4,49.02,0.13094487550772688,2.2528,big_data
24.25,0.0,1.24,29.01,0.3,0.15,0.0,0.0,45.8723529411765,1909.0,3.0,470.24,0.69,0.1,92.35,252.24,237.07,131.8,43.27,100.24,32.08,0.4,7.51,4.0,6.4,0.0,0.0,0.0,14.679149661085074,89471.98000000003,30.539769173333333,1.102,43.77,2.66,0.61,0.85,0.32,0.35,24.59,5.29,69,15904,435380960,17116,13479232,482395,974,50501,40599,0,26,16,13.6,40246.2,18.0,5399.0,36.7,34.22,49.2,0.1307022052417748,2.2528,big_data
18.39,0.0,0.79,31.95,0.24,0.12,0.0,0.0,41.25512820512821,1827.4,23.4,455.72,5.83,0.01,57.45,255.37,254.94,138.08,44.91,100.32,32.1,0.89,19.48,9.0,13.2,0.0,0.0,0.0,14.802922405491667,80853.58,27.59802197333333,1.115,44.99,2.65,0.61,0.95,0.29,0.33,21.99,4.48,65,15904,432682432,17128,15842740,467629,5872,46600,32760,0,19,118,21.0,33138.2,36.0,5395.0,41.53,35.26,49.46,0.13101767658751248,2.2528,big_data
23.01,0.0,0.87,28.02,0.25,0.13,0.0,0.0,46.17244897959185,1844.6,18.2,459.7,4.55,0.0,0.0,255.2,256.0,136.89,44.16,100.0,32.0,0.43,7.4,4.2,6.8,0.0,0.0,0.0,14.864800058260982,90493.9,30.88858453333333,1.151,45.23,2.62,0.6,0.96,0.29,0.34,22.49,4.79,70,15904,429912128,17136,18235100,470122,4715,47927,39294,0,24,27,15.6,39168.2,35.0,5386.0,46.14,36.32,49.72,0.13092060848113166,2.2272,big_data
23.51,0.0,1.09,25.23,0.27,0.14,0.0,0.0,45.80235294117647,1835.6,27.0,454.58,6.61,0.0,57.81,253.59,250.79,136.91,42.67,100.0,32.0,0.86,19.58,8.8,12.8,0.0,0.0,0.0,14.941554581818032,95181.36,32.48857088,1.167,46.71,2.7,0.6,0.98,0.3,0.35,23.72,5.0,51,15904,427408512,17164,20573632,461977,6578,48087,39564,0,26,41,14.4,39515.0,45.0,5377.0,49.81,37.25,49.95,0.13072647226837006,2.2272,big_data
18.34,0.0,0.77,28.84,0.25,0.13,0.0,0.0,42.63105263157895,1881.4,1.6,466.31,0.34,0.01,95.68,253.8,218.5,134.21,53.12,100.16,32.05,0.43,7.4,4.2,6.8,0.0,0.0,0.0,14.9739779866137,74621.88,25.470935040000004,1.216,47.22,2.78,0.61,0.98,0.27,0.33,21.49,4.14,68,15904,424678848,17180,23024340,482554,559,46450,32890,0,19,24,15.8,32667.6,20.0,5367.0,52.63,38.04,50.14,0.13041100092263236,2.2272,big_data
19.24,0.0,0.76,30.26,0.24,0.12,0.0,0.0,38.422,1692.2,19.6,421.13,4.83,0.11,62.31,254.84,252.33,148.64,49.05,100.0,32.0,0.89,19.48,9.0,13.2,0.0,0.0,0.0,15.023645398968885,81775.68000000001,27.912765440000005,1.229,48.59,2.74,0.6,0.97,0.27,0.33,21.47,4.13,72,15904,422410528,17256,25196700,429631,5052,46095,35116,0,20,28,20.8,35409.4,27.0,5364.0,56.18,39.02,50.39,0.13024113173646593,2.2528,big_data
19.92,0.0,0.85,31.37,0.24,0.12,0.0,0.0,42.47404761904762,1711.0,27.6,425.14,6.84,0.0,55.34,254.44,253.65,147.15,46.74,100.16,32.05,0.4,7.51,4.0,6.4,0.0,0.0,0.0,15.037308372904716,83978.74,28.66474325333333,1.202,50.8,3.0,0.64,1.01,0.27,0.33,21.84,4.08,69,15904,420156576,17276,27419300,436202,7143,47040,32418,0,21,19,9.2,32368.2,26.0,5364.0,58.41,39.76,50.57,0.1301925976832755,2.2528,big_data
19.5,0.0,0.76,30.69,0.25,0.13,0.0,0.0,39.661914893617016,1820.6,21.6,450.01,1.9,0.01,69.83,253.11,90.3,138.17,43.7,100.0,32.0,0.89,19.48,9.0,13.2,0.0,0.0,0.0,15.048904461882216,84228.0,28.749824,1.268,51.73,2.97,0.61,0.98,0.26,0.33,21.76,4.01,68,15904,417737024,17292,29755588,461294,1594,46805,32571,0,21,25,21.0,32687.6,28.0,5364.0,60.22,40.45,50.74,0.13016833065668032,2.2528,big_data
17.44,0.0,0.67,32.67,0.25,0.12,0.0,0.0,38.64472222222224,1795.2,22.4,446.72,2.88,0.02,59.12,254.81,131.43,140.57,45.59,100.0,32.0,0.43,7.4,4.2,6.8,0.0,0.0,0.0,15.061906275259108,79750.16,27.22138794666667,1.361,53.45,2.98,0.61,0.97,0.24,0.33,21.58,3.77,67,15904,415436832,17304,32075520,458759,2930,45911,33964,0,18,26,15.6,33807.8,26.0,5345.0,63.0,41.35,50.97,0.13016833065668032,2.2528,big_data
19.37,0.0,0.75,29.93,0.25,0.12,0.0,0.0,41.61130434782609,1791.6,19.0,445.92,2.65,0.0,63.32,254.87,142.99,140.66,44.61,100.0,32.0,0.86,19.58,8.8,12.8,0.0,0.0,0.0,15.065888402845735,87083.92,29.72464469333333,1.28,53.27,3.02,0.62,0.99,0.25,0.33,21.49,3.93,68,15904,413151104,17324,34390896,455940,2754,46494,32316,0,20,26,14.6,32195.8,28.0,5331.0,65.57,42.25,51.21,0.1297072571513714,2.2528,big_data
19.5,0.0,0.78,31.16,0.27,0.13,0.0,0.0,42.940909090909095,1804.4,22.8,446.85,3.46,0.06,61.09,253.59,155.61,139.24,43.09,100.08,32.02,0.43,7.4,4.2,6.8,0.0,0.0,0.0,15.059926584640554,86953.98000000001,29.68029184000001,1.2409999999999999,53.54,3.06,0.63,0.98,0.26,0.32,21.26,3.81,59,15904,410862016,17392,36704156,456347,3596,46644,32329,0,21,28,15.8,32553.0,30.0,5331.0,67.28,42.99,51.4,0.12936751877903852,2.2528,big_data
17.34,0.0,0.74,31.16,0.22,0.12,0.0,0.0,38.659210526315796,1803.8,19.8,447.31,3.13,0.02,63.2,253.93,161.74,139.46,44.74,100.0,32.0,0.89,19.48,9.0,13.2,0.0,0.0,0.0,15.049326785771356,77507.72,26.455968426666665,1.304,54.96,3.12,0.62,0.97,0.24,0.32,20.8,3.45,66,15904,408451712,17408,39035152,459599,3170,46039,32256,0,18,25,20.8,31974.4,26.0,5331.0,69.42,43.84,51.63,0.12936751877903852,2.2528,big_data
18.34,0.0,0.7,30.68,0.25,0.12,0.0,0.0,40.37627906976745,1784.0,19.6,444.51,3.34,0.01,63.02,255.15,174.45,141.52,45.68,100.0,32.0,0.4,7.51,4.0,6.4,0.0,0.0,0.0,15.064764733180207,82574.2,28.18532693333333,1.3319999999999999,55.18,3.16,0.63,1.01,0.24,0.33,21.34,3.55,68,15904,406119328,17424,41342088,455291,3424,45890,33006,0,19,30,10.8,33420.4,29.0,5331.0,71.23,44.64,51.85,0.12939178580563376,2.2528,big_data
19.42,0.0,0.76,29.23,0.26,0.12,0.0,0.0,41.0955,1778.8,21.8,441.25,4.06,0.04,62.41,254.01,190.68,141.67,44.58,100.24,32.08,0.89,19.48,9.0,13.2,0.0,0.0,0.0,15.06324755166824,87824.84,29.977545386666666,1.3719999999999999,55.81,3.13,0.61,0.98,0.23,0.32,20.96,3.36,65,15904,403887360,17484,43634948,451155,4256,46880,33370,0,20,18,21.6,32931.8,21.0,5332.0,72.65,45.37,52.05,0.12936751877903852,2.2528,big_data
18.24,0.0,0.64,27.3,0.24,0.12,0.0,0.0,39.46333333333335,1781.4,29.0,441.04,5.66,0.0,55.79,253.52,199.86,141.63,44.66,100.0,32.0,0.43,7.4,4.2,6.8,0.0,0.0,0.0,15.071670524889832,81315.04000000001,27.755533653333334,1.369,55.86,3.16,0.62,0.97,0.24,0.33,21.34,3.36,66,15904,401531520,17504,45932484,452557,5721,46113,32895,0,19,24,15.6,33114.8,109.0,5332.0,73.32,45.96,52.21,0.12939178580563376,2.2528,big_data
17.05,0.0,0.62,27.15,0.23,0.12,0.0,0.0,37.6925641025641,1791.0,22.0,445.63,4.6,0.01,60.14,254.79,214.25,139.8,43.98,100.0,32.0,0.86,19.58,8.8,12.8,0.0,0.0,0.0,15.064673747782185,79826.68000000001,27.24750677333333,1.3719999999999999,56.94,3.16,0.61,0.98,0.23,0.32,20.91,3.19,68,15904,399254464,17520,48245052,456827,4983,45609,33090,0,18,20,14.4,32858.2,22.0,5332.0,74.66,46.7,52.41,0.12941605283222896,2.2528,big_data
18.15,0.0,0.67,30.82,0.26,0.12,0.0,0.0,40.8123076923077,1744.2,35.4,434.16,8.78,0.0,47.79,254.89,253.97,144.02,47.16,100.08,32.03,0.43,7.4,4.2,6.8,0.0,0.0,0.0,15.066398679286289,85256.94,29.10103552,1.344,56.81,3.28,0.64,1.01,0.24,0.32,21.35,3.27,63,15904,397056576,17536,50493472,442995,8944,46142,30311,0,19,22,15.8,30479.6,28.0,5332.0,75.81,47.4,52.61,0.12939178580563376,2.2528,big_data
18.17,0.0,0.7,30.97,0.23,0.13,0.0,0.0,40.11195121951221,1786.0,24.4,441.96,5.46,0.01,60.77,253.4,229.02,141.47,45.77,100.16,32.05,0.89,19.48,9.0,13.2,0.0,0.0,0.0,15.05559567969485,83450.5,28.484437333333336,1.359,57.87,3.29,0.63,0.99,0.24,0.32,21.09,3.15,66,15904,394714176,17552,52791288,453582,5538,46770,31863,0,19,26,20.8,31926.2,23.0,5332.0,76.7,48.06,52.79,0.12939178580563376,2.2528,big_data
17.78,0.0,0.63,28.71,0.22,0.13,0.0,0.0,40.73764705882355,1807.0,20.6,448.14,3.74,0.01,62.41,253.95,186.1,138.99,44.0,100.16,32.05,0.4,7.51,4.0,6.4,0.0,0.0,0.0,15.060611249760642,81501.14,27.81905578666667,1.395,57.9,3.24,0.62,0.98,0.24,0.33,21.85,3.06,68,15904,392406464,17568,55122504,459520,3675,46096,30710,0,19,18,9.2,31055.6,24.0,5332.0,77.37,48.67,52.96,0.12941605283222896,2.2528,big_data
18.82,0.0,0.65,29.45,0.26,0.11,0.0,0.0,37.50479166666667,1804.6,22.8,448.77,3.45,0.02,60.14,254.65,155.05,139.67,44.54,100.0,32.0,1.1,19.89,12.2,19.6,0.0,0.0,0.0,15.060046382081275,84230.06,28.750527146666666,1.3869999999999998,57.53,3.31,0.62,1.03,0.24,0.33,22.49,3.22,69,15904,390040096,17596,57457788,460367,3720,46651,31537,0,20,20,21.0,31018.4,21.0,5332.0,78.62,49.41,53.18,0.12939178580563376,2.2528,big_data
19.42,0.0,0.64,29.07,0.24,0.12,0.0,0.0,39.82829268292684,1777.0,33.6,441.45,4.94,0.01,50.15,254.39,150.64,141.52,44.23,100.08,32.03,0.43,7.4,4.2,6.8,0.0,0.0,0.0,15.065637434789533,87572.2,29.89131093333333,1.4040000000000001,57.86,3.26,0.62,1.0,0.24,0.33,21.84,3.24,65,15904,387768064,17632,59744748,450344,5065,46598,31824,0,20,25,15.6,31733.6,22.0,5333.0,79.53,50.08,53.38,0.12939178580563376,2.2784,big_data
18.14,0.0,0.63,28.35,0.26,0.13,0.0,0.0,38.89550000000001,1784.6,29.4,441.86,4.26,0.01,59.17,253.54,148.52,140.51,44.88,100.24,32.08,6.81,22.03,13.0,18.4,0.0,0.0,0.0,15.059524732465965,82753.5,28.246528,1.3980000000000001,57.53,3.23,0.61,0.98,0.23,0.32,21.49,3.05,63,15904,385471744,17660,62040952,452310,4274,46983,33993,0,19,27,15.6,34037.0,28.0,5336.0,80.13,50.69,53.56,0.12941605283222896,2.3040000000000003,big_data
17.8,0.0,0.69,28.0,0.23,0.12,0.0,0.0,38.976486486486465,1804.8,26.6,447.65,4.11,0.01,71.21,253.98,158.17,139.65,44.08,100.16,32.05,15.76,13.23,11.8,17.4,0.0,0.0,0.0,15.063759344532091,83706.64,28.57186645333333,1.392,58.55,3.31,0.62,1.03,0.23,0.32,21.34,3.03,63,15904,383095424,17700,64373720,459426,4398,47656,38530,0,19,30,17.6,38530.4,36.0,5335.0,80.2,51.2,53.71,0.12948885391201456,2.3040000000000003,big_data
18.12,0.0,0.72,29.55,0.26,0.12,0.0,0.0,38.35875,1764.8,37.2,437.86,6.06,0.01,66.49,254.06,166.73,142.74,42.06,100.0,32.0,18.63,26.4,17.8,25.4,0.0,0.0,0.0,15.064242325353243,82484.06,28.154559146666664,1.374,58.9,3.34,0.62,0.97,0.23,0.32,21.22,3.05,63,15904,380753568,17804,66653844,448896,6026,48626,35531,0,19,28,23.2,35516.4,22.0,5338.0,81.39,51.92,53.93,0.12948885391201456,2.3040000000000003,big_data
18.23,0.0,0.6,28.27,0.25,0.12,0.0,0.0,39.523255813953476,1805.8,26.2,447.29,4.5,0.03,55.74,253.64,175.82,139.0,44.64,100.08,32.03,0.41,7.53,4.2,6.8,0.0,0.0,0.0,15.080101080227928,85494.6,29.1821568,1.4040000000000001,59.23,3.42,0.64,0.96,0.23,0.33,21.84,3.14,68,15904,378467136,17820,68971104,457983,4663,46300,30444,0,19,18,10.8,30426.6,19.0,5336.0,81.91,52.52,54.11,0.12953738796520495,2.3040000000000003,big_data
17.96,0.0,0.63,27.85,0.23,0.14,0.0,0.0,39.3685,1781.6,26.8,443.03,4.45,0.01,55.48,254.64,170.12,141.78,45.96,100.08,32.03,0.93,19.55,9.6,14.4,0.0,0.0,0.0,15.070762187332944,85410.31999999999,29.153389226666665,1.431,58.91,3.3,0.61,0.93,0.23,0.32,21.28,2.87,65,15904,376216032,17836,71259744,451823,4461,46372,31522,0,19,20,21.0,31563.6,25.0,5332.0,83.12,53.26,54.34,0.12948885391201456,2.3040000000000003,big_data
17.54,0.0,0.71,29.16,0.25,0.13,0.0,0.0,39.125,1795.4,22.8,445.73,3.71,0.01,60.0,254.22,166.53,140.03,46.01,100.08,32.03,0.43,7.4,4.2,6.8,0.0,0.0,0.0,15.07045132055638,83175.16,28.39045461333333,1.456,59.63,3.38,0.62,0.94,0.22,0.32,21.16,2.92,64,15904,373878720,17852,73577736,458035,3929,46317,31093,0,19,27,15.6,31112.6,100.0,5333.0,83.51,53.84,54.52,0.12939178580563376,2.3040000000000003,big_data
17.8,0.0,0.57,28.18,0.22,0.12,0.0,0.0,39.55075000000001,1785.0,29.8,443.57,4.89,0.03,53.44,254.46,168.11,140.23,43.27,100.08,32.03,0.86,19.58,8.8,12.8,0.0,0.0,0.0,15.070585524018462,82962.76,28.31795541333333,1.456,59.17,3.28,0.61,0.92,0.22,0.33,21.06,3.0,63,15904,371563936,17872,75881896,454335,5097,46326,33174,0,19,29,14.4,33117.8,33.0,5332.0,83.95,54.42,54.71,0.12941605283222896,2.3040000000000003,big_data
17.57,0.0,0.61,29.22,0.25,0.12,0.0,0.0,38.531219512195115,1788.4,30.2,443.12,4.92,0.02,53.96,253.72,166.75,140.33,44.38,100.16,32.05,0.43,7.4,4.2,6.8,0.0,0.0,0.0,15.06842917008541,83200.04000000001,28.39894698666667,1.446,59.35,3.36,0.63,0.96,0.23,0.33,21.31,2.94,59,15904,369289824,17888,78182960,453483,4959,45974,30998,0,19,26,15.8,31111.2,18.0,5332.0,84.44,55.01,54.9,0.12939178580563376,2.3040000000000003,big_data
18.22,0.0,0.65,26.73,0.24,0.12,0.0,0.0,39.24783783783784,1769.2,42.2,438.91,7.23,0.02,58.05,254.04,175.55,142.3,45.31,100.16,32.05,10.55,23.13,14.8,21.2,0.0,0.0,0.0,15.06818957520396,84187.1,28.735863466666668,1.4380000000000002,59.91,3.39,0.62,0.98,0.22,0.32,21.06,2.87,65,15904,366995840,17912,80462240,448186,7462,47173,36039,0,19,21,22.4,36149.4,23.0,5335.0,84.48,55.51,55.06,0.12939178580563376,2.3040000000000003,big_data
17.55,0.0,0.56,28.2,0.25,0.13,0.0,0.0,37.96488372093023,1786.2,27.8,443.55,4.52,0.1,61.39,254.28,166.42,141.37,44.4,100.0,32.0,1.78,7.81,6.0,9.2,0.0,0.0,0.0,15.073518286681265,81438.7,27.797742933333332,1.455,60.24,3.32,0.61,0.98,0.22,0.32,20.73,2.88,68,15904,364677152,17932,82763568,455274,4861,45982,31709,0,19,24,10.0,31444.6,22.0,5338.0,84.44,55.99,55.22,0.12946458688541934,2.3040000000000003,big_data
18.49,0.0,0.66,28.48,0.24,0.12,0.0,0.0,40.968205128205135,1841.2,25.8,457.63,1.06,0.02,70.0,254.52,42.02,136.72,42.33,100.0,32.0,3.51,19.96,11.8,17.6,0.0,0.0,0.0,15.069498248512133,88523.14,30.21589845333333,1.4240000000000002,59.99,3.42,0.63,1.06,0.23,0.33,21.26,2.98,65,15904,362311104,17948,85145104,469564,722,46740,32167,0,19,26,21.8,32464.4,33.0,5340.0,84.25,56.42,55.36,0.12953738796520495,2.3040000000000003,big_data
18.18,0.0,0.62,29.45,0.25,0.13,0.0,0.0,39.105,1839.4,23.0,456.87,0.89,0.01,76.34,254.34,39.41,136.76,41.96,100.16,32.05,5.36,8.01,6.8,11.4,0.0,0.0,0.0,15.068317712972839,87116.86,29.73588821333333,1.462,59.6,3.31,0.61,1.06,0.22,0.33,20.97,2.89,61,15904,359968224,17964,87507208,466280,921,46541,33464,0,19,32,15.8,33295.0,28.0,5341.0,84.31,56.89,55.52,0.1295859220183954,2.3296,big_data
17.56,0.0,0.64,29.51,0.23,0.13,0.0,0.0,38.674285714285716,1819.8,21.8,451.4,1.93,0.0,63.18,254.0,90.86,138.38,43.67,100.08,32.03,1.47,19.64,9.0,13.2,0.0,0.0,0.0,15.061395998818554,82157.5,28.04309333333333,1.466,60.57,3.34,0.61,1.1,0.22,0.32,20.79,2.83,67,15904,357565600,17980,89857344,463479,2046,46157,32562,0,19,25,14.6,32665.6,29.0,5340.0,84.36,57.36,55.68,0.12961018904499058,2.3296,big_data
18.24,0.0,0.6,28.73,0.22,0.11,0.0,0.0,37.87460000000001,1818.0,22.6,452.14,2.26,0.02,60.35,254.67,102.48,138.31,42.65,100.08,32.03,2.21,7.76,6.2,10.2,0.0,0.0,0.0,15.07398307042281,85377.54000000001,29.14220032,1.4669999999999999,60.18,3.31,0.61,1.1,0.22,0.32,20.64,2.84,67,15904,355264256,17996,92206464,463262,2358,46191,33790,0,19,22,16.2,33563.6,21.0,5338.0,84.98,57.93,55.87,0.1295859220183954,2.3296,big_data
18.18,0.0,0.64,24.3,0.22,0.14,0.0,0.0,39.00081081081081,1815.4,20.6,451.14,2.22,0.01,63.6,254.47,110.21,138.77,43.39,100.16,32.05,3.43,20.03,12.4,18.2,0.0,0.0,0.0,15.072997395277607,84437.8,28.82143573333333,1.46,59.91,3.42,0.63,1.17,0.22,0.33,21.06,2.83,67,15904,352898336,18012,94547552,461340,2569,45967,34437,0,19,23,22.0,34510.4,23.0,5343.0,85.46,58.48,56.06,0.12953738796520495,2.3296,big_data
18.77,0.0,0.6,28.12,0.23,0.13,0.0,0.0,39.38355555555556,1797.4,25.0,445.83,6.2,0.01,50.2,253.99,253.98,140.64,43.97,100.0,32.0,6.4,8.42,8.6,13.8,0.0,0.0,0.0,15.07552072364933,88470.12,30.19780096,1.483,59.87,3.27,0.6,1.18,0.22,0.33,20.86,2.88,68,15904,350568064,18024,96872056,457592,6253,47114,40553,0,20,32,12.0,40454.6,34.0,5347.0,85.34,58.91,56.21,0.129658723098181,2.3296,big_data
17.16,0.0,0.63,29.94,0.24,0.12,0.0,0.0,38.295151515151524,1777.0,25.6,441.65,6.1,0.04,59.24,254.5,244.0,141.13,45.83,100.0,32.0,4.09,20.73,11.2,16.2,0.0,0.0,0.0,15.073286273916313,79143.4,27.01428053333333,1.454,60.68,3.32,0.6,1.24,0.22,0.32,20.47,2.73,77,15904,348298912,18064,99160304,452719,6070,46189,33433,0,18,10,21.4,33458.0,10.0,5347.0,85.71,59.42,56.39,0.1297315241779666,2.3296,big_data
19.77,0.0,0.8,29.22,0.27,0.13,0.0,0.0,41.14395348837209,1825.8,18.6,452.83,2.02,0.08,79.56,253.97,111.31,137.92,44.72,100.0,32.0,34.13,20.88,26.4,37.6,0.0,0.0,0.0,15.070723518538784,91049.94,31.07837952,1.3980000000000001,57.37,3.44,0.61,1.3,0.24,0.33,22.15,2.91,65,15904,345851840,18220,101524088,462378,2056,51221,42378,0,21,26,22.0,42632.0,25.0,5353.0,85.98,59.92,56.57,0.1297557912045618,2.3296,big_data
17.64,0.0,0.7,25.2,0.22,0.13,0.0,0.0,38.319722222222225,1805.2,25.0,446.94,2.92,0.09,71.78,253.52,119.46,139.39,45.86,100.0,32.0,25.05,28.09,21.2,30.8,0.0,0.0,0.0,15.082843531766546,83397.18000000001,28.466237440000004,1.435,59.59,3.45,0.62,1.17,0.22,0.32,21.2,2.86,73,15904,343474240,18336,103851928,458342,3014,48995,38025,0,19,20,19.4,37854.0,22.0,5353.0,85.98,60.35,56.73,0.12992566039072825,2.3296,big_data
18.84,0.0,0.76,26.54,0.26,0.13,0.0,0.0,38.86272727272728,1825.0,23.6,451.32,2.48,0.02,84.58,253.23,107.49,138.61,47.14,100.16,32.05,41.48,22.68,24.2,35.2,0.0,0.0,0.0,15.091594052421007,87448.56,29.84910848,1.44,59.84,3.52,0.62,1.1,0.22,0.32,21.75,2.93,70,15904,341034368,18464,106207920,463395,2652,50607,41340,0,20,15,22.8,41226.6,19.0,5352.0,86.38,60.86,56.91,0.12985285931094265,2.3040000000000003,big_data
17.22,0.0,0.66,26.43,0.23,0.12,0.0,0.0,39.94848484848485,1820.0,22.2,452.07,2.55,0.02,86.58,254.35,117.59,137.28,48.56,100.0,32.0,4.67,20.72,10.8,16.0,0.0,0.0,0.0,15.10612972796617,86619.9,29.5662592,1.474,61.25,3.47,0.62,1.04,0.21,0.32,20.67,2.73,65,15904,338739488,18492,108534384,461654,2846,46408,33337,0,18,21,21.0,33613.6,22.0,5353.0,86.35,61.28,57.07,0.12987712633753784,2.2784,big_data
18.7,0.0,0.64,28.45,0.24,0.13,0.0,0.0,38.07809523809524,1804.6,25.6,447.96,3.72,0.04,53.11,254.19,148.72,139.75,48.38,100.08,32.03,8.21,10.22,9.4,15.0,0.0,0.0,0.0,15.112080931208252,87828.3,29.978726399999996,1.47,59.99,3.46,0.6,1.03,0.22,0.32,21.14,2.74,74,15904,336352000,18528,110855104,459175,3831,47466,35341,0,20,18,10.6,35054.4,17.0,5343.0,86.48,61.72,57.23,0.12985285931094265,2.3040000000000003,big_data
17.64,0.0,0.7,30.9,0.25,0.12,0.0,0.0,39.377352941176476,1776.6,26.8,441.23,5.9,0.06,56.35,254.32,225.61,141.85,46.75,100.0,32.0,14.5,24.56,18.2,26.0,0.0,0.0,0.0,15.11631099400448,85970.54000000001,29.34461098666667,1.4680000000000002,60.28,3.41,0.6,1.02,0.21,0.31,20.39,2.64,66,15904,334070368,18584,113136784,450446,5983,47520,38007,0,19,23,23.8,38049.8,20.0,5349.0,86.44,62.12,57.39,0.129658723098181,2.3040000000000003,big_data
17.35,0.0,0.6,30.84,0.23,0.12,0.0,0.0,40.20176470588236,1803.2,26.6,446.75,4.68,0.06,83.44,253.7,180.06,139.92,44.03,100.08,32.02,3.49,8.59,5.8,9.2,0.0,0.0,0.0,15.120800365185056,83083.4,28.359133866666664,1.51,61.17,3.36,0.59,1.05,0.21,0.31,20.18,2.66,68,15904,331737664,18616,115461936,459130,4785,46643,34180,0,18,15,15.4,34154.4,21.0,5347.0,86.81,62.6,57.57,0.1297315241779666,2.3040000000000003,big_data
18.53,0.0,0.62,30.32,0.25,0.14,0.0,0.0,39.657567567567575,1834.2,20.6,455.86,2.11,0.01,69.71,254.5,104.82,136.87,43.92,100.08,32.02,4.18,20.96,12.0,17.8,0.0,0.0,0.0,15.123139448125794,86253.84,29.44131072,1.524,60.89,3.22,0.57,1.02,0.2,0.31,19.92,2.56,69,15904,329362528,18632,117835264,467531,2233,46722,39606,0,20,24,15.8,40026.6,29.0,5343.0,91.71,64.02,58.06,0.1297315241779666,2.3040000000000003,big_data
17.83,0.0,0.68,25.83,0.25,0.13,0.0,0.0,37.05883720930232,1797.6,27.8,446.68,3.87,0.01,48.13,254.45,142.56,139.58,45.15,100.08,32.03,10.03,11.01,9.6,14.4,0.0,0.0,0.0,15.125309449868546,85219.44,29.08823552,1.525,61.14,3.42,0.61,1.02,0.21,0.32,20.89,2.73,69,15904,327041920,18660,120152480,457213,3887,47056,35093,0,19,20,17.8,34655.2,16.0,5340.0,91.25,64.39,58.21,0.12961018904499058,2.3040000000000003,big_data
17.4,0.0,0.63,29.14,0.21,0.11,0.0,0.0,38.175277777777794,1775.2,34.8,440.83,4.98,0.05,72.81,254.28,146.62,142.18,44.97,100.08,32.03,6.84,21.92,13.2,18.8,0.0,0.0,0.0,15.117046459305135,87917.81999999999,30.00928256,1.493,60.84,3.44,0.61,1.0,0.21,0.32,20.79,2.82,63,15904,324803968,18700,122436624,449807,5103,46814,33323,0,18,20,20.6,33448.6,97.0,5343.0,91.79,64.94,58.42,0.1295859220183954,2.3296,big_data
16.62,0.0,0.57,29.45,0.21,0.13,0.0,0.0,37.08709677419355,1792.2,27.8,444.62,4.15,0.01,64.18,254.04,152.69,139.48,45.4,100.0,32.0,0.43,7.58,4.6,7.6,0.0,0.0,0.0,15.122920324958901,80647.2,27.5275776,1.51,61.94,3.58,0.63,1.03,0.21,0.31,20.6,2.64,67,15904,322444096,18716,124743920,455155,4250,46308,32727,0,18,20,12.2,32591.0,22.0,5339.0,90.77,65.18,58.53,0.129658723098181,2.3296,big_data
16.98,0.0,0.67,27.87,0.24,0.13,0.0,0.0,37.07135135135136,1793.0,25.4,445.4,3.8,0.01,71.0,254.37,153.39,140.49,43.57,100.08,32.03,17.98,23.55,20.0,26.8,0.0,0.0,0.0,15.121772392520562,85217.81999999999,29.08768256,1.5230000000000001,61.27,3.49,0.62,1.03,0.21,0.31,20.63,2.69,66,15904,320080672,18748,127057072,456273,4191,47561,36018,0,18,23,22.4,36053.4,22.0,5341.0,90.15,65.47,58.66,0.12956165499180014,2.3296,big_data
18.31,0.0,0.72,28.04,0.23,0.12,0.0,0.0,38.57636363636364,1841.0,31.2,457.18,4.89,0.0,60.0,254.29,160.33,137.57,42.71,100.08,32.03,3.12,8.95,8.6,11.8,0.0,0.0,0.0,15.124321500088387,92163.78,31.45857024,1.5390000000000001,61.46,3.41,0.62,0.97,0.21,0.32,20.89,2.81,66,15904,317622080,18764,129504032,468534,4834,47800,38642,0,19,28,15.8,38611.2,23.0,5346.0,90.13,65.88,58.83,0.1296344560715858,2.3296,big_data
18.78,0.0,0.7,28.27,0.22,0.13,0.0,0.0,40.20000000000001,1838.0,29.2,455.89,6.01,0.01,0.0,253.99,210.85,135.95,43.84,100.0,32.0,0.89,19.63,9.2,13.6,0.0,0.0,0.0,15.131943043595767,88179.84,30.09871872,1.5219999999999998,62.24,3.45,0.62,0.95,0.21,0.32,20.7,2.88,63,15904,315126336,18776,131981440,467516,6046,47301,37524,0,20,15,15.2,37558.0,14.0,5343.0,89.72,66.2,58.97,0.1297557912045618,2.3296,big_data
18.01,0.0,0.64,28.82,0.26,0.13,0.0,0.0,39.24684210526314,1830.6,27.4,454.88,6.76,0.01,58.73,254.45,252.5,137.58,43.48,100.0,32.0,3.15,8.98,8.8,12.2,0.0,0.0,0.0,15.121218139804293,94861.04,32.379234986666674,1.4980000000000002,62.36,3.59,0.65,0.98,0.21,0.32,21.23,2.86,68,15904,312660128,18800,134457728,466506,6924,47886,35501,0,19,13,17.0,35460.6,13.0,5342.0,89.83,66.61,59.14,0.129658723098181,2.3296,big_data
18.99,0.0,0.77,27.74,0.24,0.13,0.0,0.0,40.84850000000001,1820.6,30.8,452.22,7.61,0.01,62.8,254.35,252.94,138.22,43.06,100.08,32.02,0.89,19.48,9.0,13.2,0.0,0.0,0.0,15.140713277753134,96208.96,32.83932501333333,1.511,62.62,3.5,0.63,0.92,0.21,0.31,20.6,2.74,65,15904,310129280,18820,136957472,462110,8001,47369,37336,0,20,23,19.2,37522.6,21.0,5342.0,89.6,66.95,59.29,0.1296344560715858,2.3296,big_data
18.83,0.0,0.75,27.56,0.24,0.12,0.0,0.0,42.498000000000005,1829.2,29.0,454.16,7.15,0.01,57.1,254.24,252.63,137.82,42.45,100.4,32.13,2.63,8.72,6.2,9.4,0.0,0.0,0.0,15.139256753173184,96307.14,32.87283712,1.514,62.71,3.63,0.65,0.95,0.21,0.32,21.49,2.99,67,15904,307622112,18836,139465568,465584,7137,47397,35148,0,20,23,11.0,34949.0,28.0,5342.0,89.39,67.28,59.44,0.129658723098181,2.3296,big_data
18.51,0.0,0.77,29.24,0.23,0.13,0.0,0.0,39.9085,1874.8,23.0,465.55,2.69,0.0,80.8,254.28,119.62,134.36,42.01,100.0,32.0,3.11,20.67,11.0,15.8,0.0,0.0,0.0,15.134379935839375,97112.18,33.14762410666667,1.484,62.93,3.68,0.65,0.96,0.21,0.32,21.19,2.96,62,15904,305039232,18856,142051584,475664,2596,47457,33662,0,20,31,21.2,33680.2,28.0,5341.0,89.44,67.66,59.61,0.1296344560715858,2.3296,big_data
18.6,0.0,0.67,26.25,0.24,0.12,0.0,0.0,38.36020833333335,1871.0,26.0,464.9,2.92,0.01,84.87,254.44,115.11,134.28,42.14,100.0,32.0,1.04,7.49,4.6,7.6,0.0,0.0,0.0,15.142797601579414,95852.8,32.71775573333333,1.5030000000000001,62.56,3.62,0.65,0.98,0.21,0.32,21.26,2.94,65,15904,302461696,18884,144614352,476842,3129,47136,33525,0,20,27,14.8,33504.8,28.0,5340.0,89.16,67.96,59.75,0.12961018904499058,2.3296,big_data
18.54,0.0,0.73,26.69,0.24,0.13,0.0,0.0,40.62475000000003,1854.2,24.8,460.17,3.94,0.02,60.0,254.13,162.65,136.07,41.26,100.32,32.1,3.08,20.77,10.8,15.4,0.0,0.0,0.0,15.137703935713661,95646.68,32.647400106666666,1.5430000000000001,62.61,3.58,0.64,0.93,0.21,0.32,21.5,2.96,66,15904,299971328,18908,147152960,470481,4132,47048,35550,0,19,21,15.6,35559.2,22.0,5341.0,88.59,68.2,59.87,0.12961018904499058,2.3296,big_data
19.05,0.0,0.69,26.61,0.25,0.12,0.0,0.0,40.89720930232558,1833.8,28.0,455.07,6.6,0.01,63.82,254.11,241.46,136.8,42.06,100.08,32.03,1.03,7.46,4.4,7.2,0.0,0.0,0.0,15.13664547225004,95019.46,32.43330901333333,1.5430000000000001,63.58,3.58,0.63,0.92,0.21,0.32,20.77,2.86,67,15904,297403648,18932,149689104,467772,6974,47662,36593,0,20,19,16.2,36590.2,21.0,5339.0,88.3,68.48,60.0,0.12961018904499058,2.3296,big_data
19.0,0.0,0.79,27.01,0.22,0.13,0.0,0.0,40.90650000000001,1833.8,25.2,455.16,5.93,0.01,63.16,254.16,240.86,137.39,42.26,100.08,32.03,6.45,22.3,15.8,21.6,0.0,0.0,0.0,15.137706210348613,96631.22,32.98345642666667,1.52,63.39,3.61,0.63,0.97,0.21,0.32,21.14,2.87,67,15904,294804608,18948,152241616,465889,5922,48050,40978,0,20,23,20.4,40967.6,24.0,5342.0,88.52,68.85,60.17,0.12956165499180014,2.3296,big_data
19.28,0.0,0.76,27.05,0.23,0.12,0.0,0.0,41.037142857142854,1840.2,24.8,457.16,5.88,0.01,69.53,254.39,242.77,136.68,44.52,100.08,32.03,3.23,8.78,6.4,9.8,0.0,0.0,0.0,15.147057234629997,98896.7,33.75674026666667,1.483,63.27,3.59,0.63,0.93,0.21,0.32,20.98,3.04,66,15904,292263488,18972,154791616,467591,5975,47739,38496,0,20,23,12.6,38499.4,25.0,5342.0,88.32,69.14,60.31,0.129658723098181,2.3296,big_data
19.04,0.0,0.76,27.93,0.24,0.13,0.0,0.0,41.44942857142857,1820.6,33.4,451.83,7.66,0.01,58.66,254.13,234.78,137.29,41.66,100.08,32.02,2.06,19.62,9.6,14.4,0.0,0.0,0.0,15.148359842244966,98672.1,33.680076799999995,1.4880000000000002,62.6,3.7,0.66,0.96,0.22,0.32,21.66,3.15,65,15904,289687872,18992,157361456,463630,7770,47339,36683,0,20,24,20.6,36679.2,27.0,5341.0,89.17,69.63,60.52,0.1296344560715858,2.3296,big_data
18.24,0.0,0.7,28.34,0.24,0.13,0.0,0.0,39.56725,1788.6,30.8,443.46,5.18,0.02,55.23,253.88,172.21,141.46,43.84,100.0,32.0,3.89,8.81,7.4,11.2,0.0,0.0,0.0,15.145508966440374,93866.44,32.03974485333333,1.526,62.69,3.66,0.65,0.94,0.21,0.32,21.41,2.9,67,15904,287203648,19020,159858272,453152,5342,47249,35922,0,19,17,15.4,35927.8,18.0,5344.0,89.08,69.94,60.67,0.129658723098181,2.3296,big_data
18.43,0.0,0.68,29.11,0.24,0.12,0.0,0.0,41.32447368421053,1804.8,24.0,448.53,3.97,0.02,67.57,254.49,169.23,138.91,43.81,100.0,32.0,1.53,19.78,10.2,15.0,0.0,0.0,0.0,15.150773229927413,95869.22,32.723360426666666,1.4709999999999999,63.48,3.7,0.67,0.98,0.21,0.31,20.9,2.81,66,15904,284609600,19036,162395984,459947,4023,47291,33884,0,19,25,15.4,33877.0,29.0,5343.0,89.31,70.3,60.83,0.1297072571513714,2.3296,big_data
18.67,0.0,0.81,28.32,0.25,0.12,0.0,0.0,41.85999999999999,1797.0,29.0,446.43,4.27,0.02,55.93,254.39,150.73,140.59,43.34,100.0,32.0,7.62,11.38,13.0,17.8,0.0,0.0,0.0,15.149021002803906,99238.56,33.87342848,1.4880000000000002,63.2,3.68,0.65,0.94,0.22,0.32,21.54,3.01,67,15904,281973632,19064,164937904,456672,4493,48859,36416,0,20,31,17.8,36408.8,31.0,5348.0,89.13,70.58,60.98,0.129658723098181,2.3040000000000003,big_data
20.07,0.0,0.97,27.79,0.27,0.13,0.0,0.0,40.07266666666667,1789.0,25.6,443.29,4.02,0.0,71.99,253.74,160.75,140.15,44.15,100.08,32.02,18.39,28.73,28.2,37.0,0.0,0.0,0.0,15.163113124533725,107139.34,36.57022805333333,1.479,62.97,3.83,0.67,0.94,0.22,0.33,22.72,3.21,67,15904,279184128,19088,167597504,454840,4074,51069,41267,0,21,22,22.4,41256.0,24.0,5360.0,89.04,70.87,61.12,0.129780058231157,2.3040000000000003,big_data
22.97,0.0,1.0,25.9,0.28,0.11,0.0,0.0,43.506875,1783.2,36.0,442.16,6.26,0.03,73.13,253.91,177.98,141.1,43.04,100.08,32.02,17.31,16.6,22.2,29.0,0.0,0.0,0.0,15.196223469084432,122248.82,41.72759722666665,1.4469999999999998,63.53,3.74,0.67,0.9,0.24,0.35,24.52,3.83,66,15904,276151552,19124,170520912,451590,6466,52487,55553,0,24,38,14.4,55601.4,37.0,5373.0,89.03,71.17,61.27,0.1300955295768947,2.3040000000000003,big_data
26.03,0.0,1.16,26.79,0.29,0.13,0.0,0.0,47.7618181818182,1788.2,30.6,444.54,5.21,0.01,78.45,254.56,174.35,141.27,42.92,100.16,32.05,8.8,23.84,20.4,27.0,0.0,0.0,0.0,15.223405356742564,136772.22,46.68491776,1.431,65.06,3.95,0.73,0.87,0.25,0.36,25.39,4.08,64,15904,272715008,19156,173783328,456825,5291,52987,53278,0,28,35,23.0,53232.6,41.0,5381.0,89.91,71.65,61.48,0.13048380200241794,2.3040000000000003,big_data
28.02,0.0,1.23,25.98,0.3,0.12,0.0,0.0,52.98811320754716,1788.8,26.6,443.84,4.66,0.03,69.57,254.08,179.49,140.11,44.37,100.08,32.02,2.72,8.75,7.4,11.8,0.0,0.0,0.0,15.247819013665971,151706.52,51.78249215999999,1.39,65.83,4.07,0.76,0.89,0.27,0.38,27.02,4.65,62,15904,269263264,19180,177244512,454020,4874,51477,54233,0,30,36,15.0,54232.0,36.0,5376.0,90.8,72.14,61.69,0.1305808701087988,2.3040000000000003,big_data
27.47,0.0,1.29,27.03,0.31,0.12,0.0,0.0,50.51508771929826,1785.6,30.0,442.99,5.13,0.08,61.04,254.05,175.17,141.0,44.15,100.24,32.07,3.67,21.52,11.6,17.0,0.0,0.0,0.0,15.24884790687523,150490.74,51.36750592,1.3980000000000001,66.17,4.15,0.77,0.86,0.27,0.38,27.01,4.53,61,15904,265781232,19200,180716928,452722,5108,51864,49967,0,29,32,15.8,49962.2,35.0,5375.0,90.74,72.43,61.84,0.13045953497582274,2.3040000000000003,big_data
26.33,0.0,1.82,25.21,0.29,0.12,0.0,0.0,51.32625,1768.8,43.4,438.92,7.74,0.03,60.47,254.1,182.53,141.99,42.96,100.08,32.03,0.57,13.86,6.4,11.2,0.0,0.0,0.0,15.248509744479264,143726.1,49.0585088,1.43,64.97,4.07,0.74,0.87,0.25,0.36,25.39,3.91,52,15904,262580384,19220,183965408,447601,8214,51194,50747,0,28,25,16.2,50736.4,28.0,5371.0,92.52,73.11,62.12,0.13043526794922755,2.3040000000000003,big_data
21.91,0.0,1.37,23.95,0.26,0.13,0.0,0.0,50.778478260869576,1763.0,39.2,436.9,7.2,0.03,69.71,253.76,187.98,141.92,43.45,100.08,32.02,1.71,20.33,11.98,16.97,0.0,0.0,0.0,15.24647697904519,117495.34,40.105076053333335,1.466,63.51,3.92,0.7,0.86,0.23,0.34,23.51,3.45,41,15904,259762080,19240,186797856,446430,7323,49171,38960,0,24,30,19.4,38967.4,32.0,5362.0,90.79,73.07,62.17,0.13031393281625153,2.3296,big_data
17.02,0.0,0.83,22.81,0.2,0.13,0.0,0.0,48.531944444444434,1739.4,45.8,431.43,8.82,0.02,66.47,253.98,197.1,144.4,42.98,100.08,32.02,1.16,10.61,6.2,9.6,0.0,0.0,0.0,15.239799409042256,89775.92,30.64351402666667,1.514,62.95,3.65,0.67,0.85,0.2,0.31,20.23,2.71,41,15904,257435056,19264,189188720,441908,9026,46550,31782,0,18,16,12.6,31786.2,23.0,5352.0,88.57,72.91,62.17,0.1301440636300851,2.3296,big_data
16.85,0.0,0.66,21.53,0.2,0.11,0.0,0.0,49.07083333333333,1724.8,57.8,428.02,13.54,0.01,50.34,254.11,239.81,145.66,42.2,100.0,32.0,2.3,13.79,11.4,15.0,0.0,0.0,0.0,15.230933640216973,84265.16,28.762507946666666,1.558,62.42,3.3,0.6,0.82,0.19,0.3,19.13,2.58,39,15904,255188736,19288,191437600,437366,13901,45841,35024,0,18,18,21.0,35007.2,19.0,5351.0,86.2,72.68,62.15,0.12987712633753784,2.3296,big_data
16.59,0.0,0.59,21.37,0.23,0.13,0.0,0.0,48.94078947368421,1694.4,72.8,420.78,17.93,0.04,40.33,254.29,252.14,146.96,41.48,100.0,32.0,4.48,8.34,10.0,14.6,0.0,0.0,0.0,15.228530867497625,80190.72,27.37176576,1.591,61.43,3.27,0.61,0.88,0.2,0.31,19.8,2.65,38,15904,253024352,19304,193623280,431542,18534,45552,38185,0,18,20,16.4,38181.2,22.0,5356.0,84.1,72.46,62.14,0.129780058231157,2.3296,big_data
18.26,0.0,0.64,20.8,0.23,0.15,0.0,0.0,53.49361111111111,1814.2,50.8,451.03,4.17,0.01,77.32,254.58,84.16,138.68,40.07,100.08,32.03,5.11,12.2,11.8,15.8,0.0,0.0,0.0,15.231291516115846,87974.48000000003,30.028622506666668,1.5819999999999999,60.78,3.28,0.62,0.92,0.2,0.31,20.16,2.85,36,15904,250684496,19320,195970768,462506,3867,46184,43455,0,19,31,15.6,43454.6,31.0,5356.0,82.01,72.22,62.12,0.12997419444391867,2.3296,big_data
16.55,0.0,0.58,20.87,0.19,0.12,0.0,0.0,54.652647058823526,1739.0,63.0,431.42,12.67,0.0,51.91,254.04,205.92,143.29,42.03,100.0,32.0,5.26,8.18,8.0,12.4,0.0,0.0,0.0,15.221124656098885,79360.5,27.088384,1.5630000000000002,60.96,3.34,0.63,0.93,0.2,0.31,19.73,2.72,38,15904,248440624,19336,198206752,440432,13676,45144,36936,0,17,16,16.6,36933.6,18.0,5355.0,79.85,71.94,62.08,0.12994992741732345,2.3296,big_data
16.68,0.0,0.65,17.63,0.21,0.14,0.0,0.0,55.32939393939395,1704.0,76.6,423.82,19.07,0.04,42.23,254.69,254.98,147.13,42.07,100.0,32.0,4.04,15.32,13.0,18.6,0.0,0.0,0.0,15.220035105957615,84428.66,28.81831594666667,1.556,62.1,3.38,0.62,0.82,0.19,0.3,19.47,2.87,26,15904,246306704,19356,200412176,433070,18874,45383,34561,0,18,20,19.4,34559.2,22.0,5348.0,77.38,71.56,62.01,0.12994992741732345,2.3296,big_data
15.58,0.0,0.63,6.73,0.18,0.13,0.0,0.0,66.16576923076924,1622.6,49.6,404.31,12.33,0.0,62.71,255.16,254.6,97.83,13.69,92.88,25.36,3.31,14.86,10.8,17.4,0.0,0.0,0.0,15.209663528795115,76120.68000000001,25.982525440000003,1.62,62.46,3.43,0.63,0.76,0.19,0.3,19.62,2.64,1,15904,244303584,19380,202458144,398642,14683,45567,35182,0,17,15,11.4,35167.0,17.0,5328.0,72.3,70.6,61.75,0.1297315241779666,2.3296,big_data
6.86,0.0,0.35,0.76,0.17,0.13,0.0,0.0,68.22300000000001,699.6,894.6,174.0,214.63,0.0,10.4,254.68,245.67,11.1,6.69,100.0,13.4,1.66,9.47,12.0,16.2,0.0,0.0,0.0,15.201184447911407,33851.64,11.55469312,1.528,61.61,3.81,0.66,0.63,0.2,0.3,20.6,2.04,1,15904,243421840,19440,203350160,174075,222093,40910,22354,0,8,8,20.8,22365.8,8.0,5319.0,67.07,69.55,61.46,0.1292947176992529,2.3296,big_data
2.46,0.0,0.17,0.7,0.17,0.09,0.0,0.0,70.12,268.8,1323.6,66.41,329.4,0.0,4.05,252.99,254.84,8.52,4.52,100.0,8.21,1.75,4.54,6.6,10.2,0.0,0.0,0.0,15.199618740853836,13425.679999999997,4.582632106666666,1.3730000000000002,52.17,3.89,0.64,0.66,0.24,0.34,24.64,1.84,1,15904,243069728,19508,203692752,66776,339156,38106,13335,0,2,5,14.4,13330.2,5.0,5319.0,61.94,68.44,61.14,0.12907631445989606,2.3296,big_data
25.03,0.0,2.28,0.62,0.3,0.15,0.0,0.0,34.132857142857155,66.0,1538.8,15.61,383.91,0.0,2.91,242.25,255.47,7.3,4.78,98.32,7.75,137.48,34.48,91.8,98.4,0.0,0.0,0.0,15.200985796459069,63105.26,21.539928746666664,1.143,45.84,2.86,0.17,0.89,0.37,0.42,32.44,1.82,0,15904,235016256,19596,203774272,15170,392618,82919,127763,0,29,67,26.0,127731.4,78.0,5359.0,71.16,70.24,61.77,0.12897924635351524,2.3296,big_data
44.03,0.0,2.63,0.55,0.35,0.12,0.0,0.0,50.39536363636363,3.2,1531.0,0.01,382.07,0.0,2.32,4.0,255.55,1.81,5.77,95.52,8.77,0.45,7.92,4.6,7.6,0.0,0.0,0.0,17.177530594882626,79152.18000000001,27.017277440000004,1.652,47.0,1.8,0.05,0.44,0.23,0.37,28.11,2.26,1,15904,217324160,19680,203774464,14,390748,70049,176982,0,47,70,16.0,176997.0,113.0,5348.0,68.98,69.81,61.67,0.13004699552370427,2.3040000000000003,big_data
42.52,0.0,3.54,0.46,0.28,0.11,0.0,0.0,46.45734374999999,3.0,1512.2,0.01,377.3,0.0,5.48,4.0,255.49,1.73,5.79,93.68,8.58,242.78,251.61,204.8,231.2,0.01,0.0,0.0,20.809081586189386,61693.06,21.057897813333327,1.45,44.01,2.04,0.09,0.55,0.28,0.41,32.84,1.71,1,15904,192184544,19828,204439408,14,387893,64525,419086,0,46,36,47.4,419093.6,38.0,5490.0,64.18,68.8,61.39,0.129780058231157,2.3040000000000003,big_data
