0.29,0.0,0.17,0.6,0.09,0.07,0.0,0.0,34.2,0.0,0.0,0.0,0.0,0.0,0.0,0.0,0.0,0.0,0.0,0.0,0.0,1.25,1.48,4.8,6.6,0.0,0.0,0.0,1.1617417471220846,750.78,0.25626624,0.8740000000000001,25.7,2.24,0.35,1.9,0.48,0.42,41.87,0.35,0,0,520447872,10864,310412,8708,39,35683,7031,0,0,1,28.0,6931.0,2.0,2946.0,3.05,26.7,47.85,0.07127225711011745,1.536,big_data
0.12,0.0,0.13,0.01,0.09,0.08,0.0,0.0,0.0,1.2,0.0,0.0,0.0,0.0,0.0,4.0,0.0,5.0,0.0,0.56,0.01,42793.39,30.33,933.2,433.0,1.4,0.0,0.0,1.180616667941094,745.38,0.25442304,0.611,21.43,3.55,0.21,1.36,0.81,0.5,48.11,0.76,0,0,520242176,10904,527068,6,62,36179,6283,0,0,0,24.0,6291.6,2.0,2945.0,2.89,26.27,47.6,0.07146639332287909,1.6640000000000001,big_data
0.54,0.0,0.19,0.31,0.11,0.09,0.0,0.0,0.0,1.0,80.4,0.0,20.04,0.0,11.06,4.0,255.24,0.0,49.36,12.0,3.94,1.38,1.09,4.6,6.8,0.0,0.0,0.0,1.1778074937772622,1881.36,0.6421708799999999,0.875,23.42,3.08,0.45,1.61,0.41,0.35,36.75,0.75,0,0,519912352,11164,765148,3686,20543,37964,11863,0,1,5,50.0,12020.8,4.0,3067.0,2.74,25.85,47.35,0.07146639332287909,1.6640000000000001,big_data
2.77,0.0,0.19,0.11,0.08,0.07,0.0,0.0,47.69000000000001,0.2,23.4,0.0,5.73,0.0,23.53,4.0,250.77,13.0,24.43,4.4,0.74,0.8,1.94,6.8,10.4,0.0,0.0,0.0,1.197769690102597,5504.46,1.8788556800000005,1.26,19.54,1.3,0.23,1.05,0.25,0.31,26.91,1.51,1,0,519460800,11220,786296,3129,9261,44513,31407,0,3,2,109.4,31489.6,7.0,3442.0,2.6,25.44,47.1,0.07442697056749413,1.6640000000000001,big_data
4.76,0.0,0.45,0.34,0.11,0.08,0.0,0.0,30.34,0.8,247.01,0.0,57.31,0.0,6.34,4.0,237.57,21.5,138.23,44.86,33.89,3.78,6.03,29.6,33.0,0.0,0.0,0.0,1.2875169284967367,9372.96,3.1993036800000008,1.0859999999999999,19.29,1.79,0.35,1.41,0.25,0.27,25.57,1.56,2,0,517361120,11376,809428,1630,55554,59232,68948,0,6,14,262.6,69338.0,9.0,3961.0,3.35,25.21,46.91,0.08355137256729124,1.7152,big_data
6.41,0.0,0.6,0.02,0.14,0.1,0.0,0.0,33.0,1.4,0.6,0.01,0.06,0.0,96.3,4.0,108.0,24.29,22.33,1.28,0.05,5.31,8.72,42.6,46.8,0.0,0.0,0.0,1.6862953130502365,11025.36,3.76332288,1.124,23.96,2.06,0.31,1.32,0.26,0.29,26.39,1.68,0,0,514618496,11496,820280,6,78,64410,77211,0,7,6,301.8,76583.0,8.0,4388.0,3.96,24.98,46.72,0.09612169234360753,1.8176,big_data
6.87,0.0,1.33,0.88,0.15,0.12,0.0,0.0,36.03,5.41,39.08,0.02,9.71,0.0,21.69,4.0,254.52,0.11,53.74,10.42,3.13,230323.51,252.75,6601.0,3612.2,7.55,0.0,0.0,2.190299068624182,16492.16,5.629323946666666,1.014,26.71,2.68,0.37,1.31,0.3,0.3,29.77,1.71,13,0,510972192,11808,2011660,23,16062,174196,275729,0,9,5,384.4,276323.8,5.0,5558.0,4.37,24.71,46.52,0.10648371269976008,1.92,big_data
2.24,0.0,0.33,11.97,0.11,0.08,0.0,0.0,0.0,1.0,546.29,0.0,136.57,0.0,2.08,4.0,255.99,0.2,145.07,100.12,79.52,53162.57,63.65,1677.6,869.2,1.74,0.0,0.0,2.6695093032379917,3243.48,1.10710784,0.903,20.77,3.08,0.35,1.74,0.41,0.37,35.54,0.68,17,0,509909632,11924,2289832,46,136662,67272,69828,0,3,0,35.4,69236.0,2.0,5218.0,5.54,24.62,46.37,0.13497320192253093,2.0736,big_data
1.52,0.0,0.59,12.28,0.1,0.07,0.0,0.0,0.0,1.4,497.2,0.01,123.73,0.0,0.0,4.0,254.83,66.71,129.82,100.32,64.45,11.2,3.83,17.8,20.8,0.0,0.0,0.0,2.8004479059502136,8318.9,2.8395178666666667,0.925,32.37,3.38,0.3,1.4,0.46,0.43,41.18,1.24,4,0,508701792,12000,3140616,904,128805,42175,19885,0,3,20,21.0,20567.4,28.0,5236.0,6.46,24.49,46.21,0.12662534477378035,2.0992,big_data
29.11,0.0,1.89,15.83,0.29,0.13,0.0,0.0,36.415625,438.05,33.27,102.15,6.93,0.14,43.77,238.8,213.44,303.42,158.58,92.83,162.45,49.05,26.95,89.6,108.8,0.0,0.0,0.0,2.8969409533958013,42313.22,14.442912426666668,1.128,28.82,2.23,0.23,1.27,0.34,0.39,31.26,1.15,69,0,500624000,12416,4368580,125421,1906,102710,196000,0,31,5,56.2,195357.0,6.0,5408.0,12.59,25.46,46.41,0.12708641827908926,2.1248,big_data
1.46,0.0,0.17,34.52,0.11,0.07,0.0,0.0,0.0,372.55,5.21,91.22,0.22,0.0,90.68,250.73,42.46,668.91,236.62,100.12,253.1,0.61,9.88,6.2,8.2,0.0,0.0,0.0,4.17279127923157,3598.82,1.2283972266666665,1.1159999999999999,30.81,2.48,0.14,0.54,0.33,0.37,26.58,1.83,69,0,498685536,12432,4841620,94205,238,38951,14068,0,1,1,12.8,14036.6,3.0,5405.0,17.18,26.2,46.53,0.1312118128002741,2.1248,big_data
1.57,0.0,0.16,32.43,0.1,0.09,0.0,0.0,0.0,401.4,2.0,99.67,0.05,0.0,81.82,254.27,23.6,630.49,589.7,100.0,252.58,0.89,12.62,10.0,14.6,0.0,0.0,0.0,4.44411504360532,3775.18,1.2885947733333336,1.273,31.36,2.1,0.09,0.39,0.31,0.39,27.17,1.7,69,0,497700992,12448,5356128,103002,66,37818,11543,0,2,0,21.0,11546.2,2.0,5390.0,21.49,26.95,46.67,0.13116327874708372,2.1248,big_data
2.04,0.0,0.18,32.58,0.1,0.09,0.0,0.0,0.0,420.84,3.41,104.99,0.13,0.0,88.82,255.46,38.59,606.45,226.41,100.04,252.93,0.59,10.01,6.0,7.8,0.0,0.0,0.0,4.532390593186506,5293.08,1.80670464,1.381,34.82,2.23,0.09,0.35,0.26,0.36,22.7,1.73,68,0,496557248,12464,5889288,106206,167,37485,10784,0,2,2,12.0,10781.0,3.0,5391.0,25.38,27.66,46.79,0.13079927334815564,2.1504,big_data
2.24,0.0,0.2,31.51,0.12,0.08,0.0,0.0,0.0,388.49,1.19,96.95,0.05,0.0,86.96,255.53,43.33,647.1,252.67,99.92,252.5,0.72,12.28,7.2,9.0,0.0,0.0,0.0,4.6516860977989145,5874.06,2.00501248,1.206,32.74,2.35,0.1,0.38,0.29,0.35,22.1,1.94,68,0,494533888,12476,6391016,100797,58,38425,12607,0,2,9,18.0,12609.8,7.0,5390.0,29.03,28.38,46.92,0.13079927334815564,2.1504,big_data
2.53,0.0,0.2,31.74,0.1,0.08,0.0,0.0,0.0,439.72,0.4,109.71,0.1,0.0,0.0,255.49,256.0,587.86,1451.0,100.08,252.88,0.58,9.81,5.8,7.4,0.0,0.0,0.0,4.940855131570761,6100.82,2.0824132266666666,1.296,34.55,2.35,0.1,0.43,0.27,0.35,22.15,1.7,68,0,493210112,12488,6955044,112013,209,38182,11933,0,3,8,15.8,11906.0,8.0,5386.0,32.47,29.1,47.06,0.13079927334815564,2.1504,big_data
2.73,0.0,0.23,32.93,0.11,0.1,0.0,0.0,0.0,414.37,0.8,103.22,0.2,0.0,0.0,255.07,256.0,595.83,1451.0,99.88,252.55,0.71,12.43,7.2,9.0,0.0,0.0,0.0,5.087479616901431,6901.4,2.3556778666666665,1.171,33.95,2.4,0.09,0.41,0.27,0.32,19.75,1.47,68,0,491880512,12496,7485060,105858,218,38222,12049,0,3,6,17.2,12053.6,7.0,5383.0,35.4,29.77,47.17,0.1307022052417748,2.1504,big_data
2.36,0.0,0.23,34.38,0.11,0.07,0.0,0.0,0.0,422.6,0.6,105.09,0.15,0.0,0.0,254.65,256.0,602.4,1454.33,100.08,252.95,0.6,9.86,6.0,7.8,0.0,0.0,0.0,5.235954896870137,5784.86,1.9745655466666665,1.229,35.44,2.44,0.09,0.38,0.27,0.34,21.02,1.57,68,0,491092800,12504,8020120,107104,208,37832,11319,0,2,2,12.8,11308.4,3.0,5372.0,38.41,30.49,47.31,0.13060513713539398,2.1504,big_data
2.51,0.0,0.2,33.36,0.1,0.08,0.0,0.0,0.0,423.0,0.8,105.44,0.2,0.0,0.0,255.24,256.0,585.77,1454.25,99.84,252.49,0.7,12.23,7.0,8.6,0.0,0.0,0.0,5.2839974616590375,6337.6,2.163234133333334,1.318,36.35,2.45,0.08,0.38,0.26,0.35,21.64,1.52,68,0,490158784,12512,8564124,108709,208,37412,10448,0,3,3,21.0,10489.2,9.0,5363.0,41.18,31.19,47.45,0.13036246686944195,2.1504,big_data
2.52,0.0,0.18,33.78,0.12,0.09,0.0,0.0,0.0,428.74,0.6,106.97,0.15,0.0,0.0,255.49,256.0,604.99,1450.67,100.2,253.26,0.59,10.01,6.0,7.8,0.0,0.0,0.0,5.362310868368809,6568.32,2.24198656,1.3659999999999999,35.65,2.33,0.08,0.33,0.25,0.35,20.74,1.78,68,0,488950080,12520,9108320,108222,208,37196,10650,0,3,1,10.6,10605.0,3.0,5356.0,43.49,31.84,47.57,0.1301440636300851,2.1504,big_data
2.56,0.0,0.2,36.64,0.1,0.09,0.0,0.0,0.0,436.6,0.8,108.92,0.2,0.0,0.0,255.46,256.0,569.07,1449.5,100.0,252.81,0.72,12.28,7.2,9.0,0.0,0.0,0.0,5.482935518003943,6398.8,2.184123733333333,1.3980000000000001,35.86,2.22,0.07,0.33,0.25,0.35,21.23,1.53,69,0,487973376,12528,9664916,111501,208,37369,10324,0,3,5,21.4,10335.6,6.0,5354.0,46.01,32.55,47.72,0.12992566039072825,2.1504,big_data
2.64,0.0,0.17,34.02,0.12,0.08,0.0,0.0,0.0,425.85,0.6,106.15,0.15,0.0,0.0,255.25,256.0,589.6,1452.67,99.88,252.43,0.58,9.81,5.8,7.4,0.0,0.0,0.0,5.561784222138726,6554.460000000001,2.23725568,1.237,36.78,2.53,0.09,0.38,0.26,0.33,19.98,1.48,66,0,487194656,12536,10215576,109864,241,37325,11919,0,3,7,15.8,11926.0,10.0,5347.0,48.09,33.21,47.85,0.12992566039072825,2.1504,big_data
2.63,0.0,0.22,33.45,0.1,0.09,0.0,0.0,0.0,433.67,0.6,108.32,0.15,0.0,0.0,255.76,256.0,580.24,1462.0,99.92,252.53,0.71,12.43,7.2,9.0,0.0,0.0,0.0,5.6124009154799115,6492.76,2.2161954133333337,1.324,36.54,2.52,0.09,0.4,0.27,0.36,22.63,1.7,65,0,486037728,12544,10769824,110288,5,37479,10536,0,3,7,15.4,10562.6,8.0,5323.0,50.01,33.85,47.98,0.1297072571513714,2.1504,big_data
2.82,0.0,0.18,33.36,0.12,0.08,0.0,0.0,0.0,444.29,1.0,110.31,0.2,0.0,37.5,254.24,208.0,562.42,1161.0,100.04,252.84,0.6,9.86,6.0,7.8,0.0,0.0,0.0,5.721826779042226,6734.44,2.298688853333333,1.315,37.82,2.41,0.1,0.42,0.25,0.33,20.06,1.55,70,0,484951712,12556,11336520,113302,211,37484,10659,0,3,1,15.4,10586.8,3.0,5324.0,57.05,35.58,48.47,0.1291733825662769,2.1504,big_data
3.26,0.0,0.25,33.28,0.1,0.08,0.0,0.0,0.0,407.41,0.6,100.51,0.15,0.0,0.0,252.62,256.0,607.31,1450.67,100.04,252.93,0.7,12.23,7.0,8.6,0.0,0.0,0.0,5.8213867926126985,7683.280000000002,2.6225595733333336,1.262,37.0,2.48,0.12,0.46,0.26,0.32,20.04,1.59,70,0,483759776,12564,11849668,102140,208,38107,12042,0,3,4,21.8,12038.6,7.0,5330.0,58.25,36.19,48.59,0.12919764959287208,2.1504,big_data
3.34,0.0,0.19,30.75,0.12,0.1,0.0,0.0,0.0,451.1,0.8,110.75,0.2,0.0,0.0,251.39,256.0,566.44,1452.75,100.12,253.21,0.59,10.01,6.0,7.8,0.0,0.0,0.0,5.9493115040155455,7955.5,2.7154773333333333,1.331,37.12,2.54,0.15,0.5,0.26,0.35,21.36,1.59,70,0,483011584,12632,12411272,112494,208,38302,12229,0,3,2,11.6,12240.8,7.0,5336.0,59.43,36.8,48.72,0.12934325175244332,2.1504,big_data
2.47,0.0,0.22,32.13,0.12,0.08,0.0,0.0,0.0,423.6,0.6,103.77,0.15,0.0,0.0,250.85,256.0,596.52,1450.67,100.0,252.72,0.72,12.28,7.2,9.0,0.0,0.0,0.0,5.985670785487177,5997.52,2.047153493333333,1.23,38.52,2.65,0.16,0.49,0.27,0.34,21.22,1.59,70,0,482296800,12644,12942076,105604,208,37321,10277,0,2,4,19.4,10261.6,7.0,5335.0,60.52,37.4,48.85,0.12944031985882415,2.1504,big_data
2.13,0.0,0.16,31.24,0.09,0.09,0.0,0.0,0.0,407.4,0.6,100.06,0.15,0.0,0.0,251.5,256.0,620.1,1456.33,100.0,252.79,0.58,9.81,5.8,7.4,0.0,0.0,0.0,6.015546599138316,4960.14,1.69306112,1.338,38.73,2.43,0.16,0.43,0.27,0.36,23.29,1.71,70,0,481454528,12652,13472924,105961,208,37025,9811,0,2,4,16.0,9807.8,6.0,5335.0,61.36,37.96,48.97,0.12946458688541934,2.1504,big_data
1.65,0.0,0.15,32.38,0.12,0.07,0.0,0.0,0.0,411.95,0.8,102.3,0.2,0.0,0.0,254.3,256.0,613.57,1458.25,99.84,252.28,0.71,12.43,7.2,9.0,0.0,0.0,0.0,6.076937480028231,4157.7,1.4191615999999998,1.2009999999999998,37.63,2.56,0.17,0.45,0.27,0.33,20.68,1.29,70,0,480834560,12660,13987084,102643,240,36533,8708,0,2,1,15.0,8708.4,6.0,5340.0,62.37,38.56,49.11,0.12946458688541934,2.1504,big_data
2.07,0.0,0.12,33.43,0.1,0.09,0.0,0.0,0.0,408.02,0.6,101.53,0.15,0.0,0.0,254.81,256.0,605.71,1454.67,100.12,252.89,0.6,9.86,6.0,7.8,0.0,0.0,0.0,6.099588294865023,4984.68,1.70143744,1.3730000000000002,39.03,2.54,0.17,0.46,0.27,0.36,22.45,1.57,70,0,480157504,12680,14516428,105506,14,36914,9489,0,2,1,15.0,9484.4,2.0,5335.0,62.98,39.08,49.22,0.12946458688541934,2.1504,big_data
2.2,0.0,0.17,31.18,0.1,0.09,0.0,0.0,0.0,397.8,1.0,99.13,0.25,0.0,0.0,255.19,256.0,635.19,1125.0,100.04,252.8,0.68,12.02,6.8,8.2,0.0,0.0,0.0,6.122762275740423,5437.34,1.8559453866666664,1.364,36.92,2.45,0.17,0.44,0.26,0.36,21.33,1.63,70,0,479595424,12688,15021408,100918,413,36679,9109,0,2,2,20.6,9121.4,4.0,5335.0,63.78,39.64,49.35,0.12946458688541934,2.1504,big_data
2.52,0.0,0.15,31.99,0.11,0.07,0.0,0.0,0.0,428.69,0.8,106.72,0.2,0.0,0.0,254.92,256.0,588.83,1315.5,100.0,252.65,0.76,10.34,8.6,13.0,0.0,0.0,0.0,6.133275638481502,6037.02,2.06063616,1.305,39.8,2.55,0.15,0.41,0.28,0.36,22.97,1.84,69,0,478699136,12696,15568840,109197,208,37621,11045,0,3,5,9.6,11037.8,5.0,5335.0,64.28,40.15,49.46,0.12946458688541934,2.1504,big_data
2.5,0.0,0.19,31.74,0.1,0.11,0.0,0.0,0.0,411.65,0.6,102.65,0.15,0.0,0.0,255.34,256.0,613.27,1451.67,100.0,252.91,0.76,12.36,7.8,10.2,0.0,0.0,0.0,6.197352105036273,6307.84,2.1530760533333337,1.238,39.16,2.61,0.18,0.46,0.25,0.31,18.64,1.46,70,0,477998464,12704,16099200,105958,3,36939,9534,0,3,5,22.2,9544.4,6.0,5335.0,64.98,40.69,49.59,0.12946458688541934,2.1504,big_data
2.6,0.0,0.15,33.87,0.12,0.07,0.0,0.0,0.0,429.54,0.8,106.87,0.2,0.0,0.0,254.78,256.0,588.45,1458.25,99.96,252.48,0.58,9.81,5.8,7.4,0.0,0.0,0.0,6.241727958285015,6211.2,2.1200896,1.369,38.37,2.18,0.14,0.38,0.24,0.33,18.78,1.53,69,0,477269504,12712,16645780,108821,208,36896,10123,0,3,5,16.2,10138.0,6.0,5335.0,65.38,41.18,49.7,0.12946458688541934,2.1504,big_data
2.47,0.0,0.19,32.65,0.1,0.1,0.0,0.0,0.0,424.0,1.4,105.6,0.35,0.0,0.0,255.04,256.0,597.69,1360.14,99.84,252.47,0.71,12.43,7.2,9.0,0.0,0.0,0.0,6.280733398415696,6042.719999999998,2.06258176,1.354,38.44,2.52,0.16,0.45,0.25,0.34,20.24,1.39,70,0,476557984,12720,17190768,108834,413,36903,9370,0,2,3,13.8,9360.0,4.0,5335.0,65.91,41.69,49.82,0.12946458688541934,2.1504,big_data
2.53,0.0,0.18,32.13,0.1,0.08,0.0,0.0,0.0,422.75,0.6,105.64,0.15,0.0,0.0,255.88,256.0,587.21,1454.33,100.04,252.89,0.6,9.86,6.0,7.8,0.0,0.0,0.0,6.302572926786818,5746.26,1.96139008,1.3430000000000002,37.35,2.48,0.18,0.49,0.26,0.35,20.24,1.53,70,0,475872320,12744,17735128,108953,251,37223,10117,0,3,0,16.2,10101.8,1.0,5335.0,66.56,42.23,49.95,0.12946458688541934,2.176,big_data
2.68,0.0,0.16,32.57,0.12,0.09,0.0,0.0,0.0,421.84,0.8,105.37,0.2,0.0,0.0,255.77,256.0,599.13,1459.5,100.12,253.13,0.7,12.23,7.0,8.6,0.0,0.0,0.0,6.326376981543497,6331.46,2.1611383466666667,1.43,36.11,2.49,0.16,0.63,0.25,0.35,21.56,1.28,70,0,475229952,12756,18272812,107270,210,37015,9667,0,3,4,20.6,9657.2,5.0,5335.0,67.24,42.77,50.08,0.12946458688541934,2.176,big_data
2.81,0.0,0.21,32.94,0.1,0.08,0.0,0.0,0.0,415.2,0.8,103.39,0.15,0.0,0.0,254.99,193.0,608.83,1091.5,99.84,252.36,0.59,10.01,6.0,7.8,0.0,0.0,0.0,6.3443003467415595,7137.18,2.43615744,1.4180000000000001,38.82,2.55,0.16,0.56,0.25,0.36,21.82,1.83,68,0,474451008,12764,18802192,105268,208,37259,10304,0,3,3,9.4,10309.0,4.0,5335.0,67.78,43.29,50.21,0.12946458688541934,2.176,big_data
2.65,0.0,0.17,31.61,0.11,0.1,0.0,0.0,0.0,428.14,0.6,106.56,0.15,0.0,0.0,254.86,256.0,592.11,1451.0,100.04,252.87,0.72,12.28,7.2,9.0,0.0,0.0,0.0,6.393898003624934,7029.2,2.3993002666666667,1.455,40.33,2.62,0.16,0.42,0.24,0.35,19.34,1.51,60,0,473906816,12772,19338096,106756,3,37127,9871,0,3,7,20.6,9868.6,6.0,5335.0,68.28,43.8,50.34,0.12946458688541934,2.176,big_data
2.97,0.0,0.19,31.3,0.11,0.1,0.0,0.0,0.0,439.32,0.8,109.05,0.2,0.0,0.0,254.19,256.0,563.85,1454.0,99.96,252.68,0.58,9.81,5.8,7.4,0.0,0.0,0.0,6.393216371351443,7133.780000000002,2.4349969066666666,1.4140000000000001,38.85,2.45,0.14,0.37,0.25,0.36,20.85,1.55,47,0,473381792,12780,19890504,110474,208,37281,10243,0,3,3,16.2,10244.2,4.0,5335.0,68.82,44.32,50.47,0.12946458688541934,2.2016,big_data
2.61,0.0,0.17,33.42,0.11,0.08,0.0,0.0,0.0,416.06,0.8,102.1,0.2,0.0,93.65,251.28,252.0,598.6,1454.5,100.0,252.93,0.71,12.43,7.2,9.0,0.0,0.0,0.0,6.385999712865247,6689.0,2.2831786666666667,1.321,37.72,2.43,0.15,0.39,0.26,0.34,19.37,1.48,70,0,472815552,12796,20423584,106426,256,37503,10509,0,3,0,13.8,10511.4,3.0,5335.0,69.07,44.78,50.59,0.12946458688541934,2.2016,big_data
2.11,0.0,0.15,32.83,0.11,0.07,0.0,0.0,0.0,393.81,0.8,96.68,0.2,0.0,0.0,251.39,256.0,639.34,1452.25,100.12,253.15,0.6,9.86,6.0,7.8,0.0,0.0,0.0,6.399936401206785,4769.36,1.6279415466666665,1.3359999999999999,41.11,2.63,0.14,0.41,0.26,0.35,21.69,1.21,70,0,472157440,12808,20929496,100854,209,37028,10293,0,2,5,16.2,10286.0,5.0,5335.0,69.31,45.23,50.7,0.12946458688541934,2.2016,big_data
1.85,0.0,0.15,33.24,0.12,0.1,0.0,0.0,0.0,415.2,1.0,102.77,0.2,0.0,0.0,253.47,205.6,617.27,924.6,99.92,252.41,0.7,12.23,7.0,8.6,0.0,0.0,0.0,6.429634793331786,4465.56,1.5242444799999997,1.229,41.85,2.68,0.14,0.43,0.26,0.32,19.56,1.35,65,0,471457216,12816,21450636,103950,247,36900,9618,0,2,2,20.6,9618.2,3.0,5335.0,69.6,45.69,50.82,0.12946458688541934,2.2016,big_data
1.95,0.0,0.14,33.06,0.11,0.07,0.0,0.0,0.0,408.42,0.6,101.66,0.15,0.0,0.0,254.88,256.0,608.63,1456.33,100.04,252.77,0.59,10.01,6.0,7.8,0.0,0.0,0.0,6.460557697271793,5350.76,1.8263927466666667,1.2919999999999998,41.4,2.71,0.15,0.46,0.26,0.33,19.94,1.39,62,0,470971040,12824,21964472,102915,212,37040,9773,0,2,2,9.6,9774.2,3.0,5335.0,69.79,46.13,50.94,0.12946458688541934,2.2272,big_data
2.08,0.0,0.16,32.6,0.1,0.1,0.0,0.0,0.0,407.58,0.8,101.53,0.2,0.0,0.0,255.09,256.0,620.22,1453.25,99.96,252.72,0.72,12.28,7.2,9.0,0.0,0.0,0.0,6.451061854565225,5445.219999999998,1.858635093333333,1.321,40.84,2.71,0.16,0.44,0.25,0.33,19.67,1.26,70,0,470426176,12836,22496416,105750,209,36587,8725,0,2,2,22.2,8727.4,3.0,5335.0,70.05,46.58,51.05,0.12946458688541934,2.2272,big_data
2.35,0.0,0.16,33.28,0.1,0.08,0.0,0.0,0.0,416.63,0.8,103.11,0.18,0.0,91.3,253.43,235.0,603.43,1448.0,99.96,252.69,0.58,9.81,5.8,7.4,0.0,0.0,0.0,6.455774898182602,5433.42,1.85460736,1.479,44.16,2.57,0.14,0.41,0.23,0.34,20.26,1.37,70,0,469822560,12844,23036752,107562,242,37121,9963,0,2,1,16.2,9961.0,2.0,5335.0,70.21,47.0,51.17,0.12946458688541934,2.2272,big_data
2.01,0.0,0.13,33.68,0.11,0.09,0.0,0.0,0.0,398.41,1.0,98.94,0.2,0.0,0.0,254.31,205.6,632.22,934.6,100.0,252.86,0.71,12.43,7.2,9.0,0.0,0.0,0.0,6.467511256315383,5358.780000000002,1.82913024,1.311,41.32,2.67,0.15,0.47,0.24,0.31,18.21,1.14,69,0,469312160,12856,23532996,98918,209,36828,9258,0,2,3,13.8,9264.0,5.0,5335.0,70.75,47.5,51.31,0.12946458688541934,2.2272,big_data
2.19,0.0,0.17,30.44,0.1,0.08,0.0,0.0,0.0,414.43,0.6,103.13,0.15,0.0,0.0,254.82,256.0,614.69,1458.0,100.04,252.88,0.6,9.86,6.0,7.8,0.0,0.0,0.0,6.4692399788777415,5493.12,1.87498496,1.5019999999999998,42.81,2.52,0.13,0.38,0.23,0.34,19.09,1.38,67,0,468750400,12864,24062892,105873,3,37140,10416,0,2,3,16.2,10409.0,4.0,5335.0,70.77,47.89,51.41,0.12948885391201456,2.2272,big_data
2.29,0.0,0.15,28.74,0.1,0.1,0.0,0.0,0.0,424.45,0.8,105.92,0.2,0.0,0.0,255.53,256.0,590.94,1451.75,100.04,252.82,0.7,12.23,7.0,8.6,0.0,0.0,0.0,6.47643085816783,6099.42,2.08193536,1.34,44.42,2.8,0.16,0.46,0.23,0.31,17.58,1.08,67,0,468230400,12872,24607312,108893,208,36557,8698,0,2,5,20.6,8702.6,8.0,5335.0,70.79,48.27,51.52,0.12946458688541934,2.2272,big_data
2.34,0.0,0.14,29.33,0.1,0.07,0.0,0.0,0.0,421.31,0.8,105.13,0.16,0.0,76.47,255.52,206.0,591.68,1082.25,99.92,252.6,0.59,10.01,6.0,7.8,0.0,0.0,0.0,6.4729264039208045,5599.26,1.91121408,1.391,42.22,2.64,0.15,0.43,0.24,0.33,18.49,1.26,69,0,467703776,12884,25148756,108278,257,37015,9767,0,2,2,9.4,9765.2,3.0,5335.0,70.97,48.68,51.63,0.12946458688541934,2.2272,big_data
2.21,0.0,0.14,29.85,0.11,0.09,0.0,0.0,0.0,415.43,0.6,103.5,0.15,0.0,0.0,255.12,256.0,606.51,1597.33,100.04,252.93,0.72,12.28,7.2,9.0,0.0,0.0,0.0,6.465721118609362,5625.18,1.92006144,1.4380000000000002,42.47,2.69,0.16,0.45,0.23,0.34,19.06,1.16,70,0,467176640,12896,25674388,104658,213,36769,9316,0,2,2,20.6,9316.6,3.0,5335.0,70.97,49.05,51.74,0.12948885391201456,2.2272,big_data
2.36,0.0,0.14,30.5,0.1,0.08,0.0,0.0,0.0,428.66,1.0,106.99,0.2,0.0,0.0,255.58,205.6,589.93,1162.6,100.04,252.82,0.58,9.81,5.8,7.4,0.0,0.0,0.0,6.465925077543254,6193.36,2.114000213333333,1.514,43.19,2.64,0.15,0.44,0.22,0.34,18.85,1.3,69,0,466703296,12904,26234220,111642,208,37075,10006,0,2,2,16.2,10016.8,6.0,5335.0,70.97,49.42,51.84,0.12946458688541934,2.2272,big_data
2.53,0.0,0.15,30.59,0.1,0.08,0.0,0.0,0.0,415.97,0.6,103.87,0.15,0.0,0.0,255.69,256.0,603.3,1601.0,99.96,252.65,0.71,12.43,7.2,9.0,0.0,0.0,0.0,6.453983244053281,6299.5,2.1502293333333333,1.432,42.48,2.43,0.14,0.4,0.22,0.32,17.5,1.2,68,0,466179584,12912,26761608,105614,208,36796,9470,0,3,5,13.8,9456.0,6.0,5335.0,71.38,49.86,51.97,0.12946458688541934,2.2272,big_data
2.3,0.0,0.14,28.36,0.11,0.08,0.0,0.0,0.0,404.01,0.6,100.89,0.15,0.0,0.0,255.71,256.0,622.04,1614.33,99.96,252.65,0.6,9.86,6.0,7.8,0.0,0.0,0.0,6.455540610782702,5496.74,1.8762205866666664,1.442,42.91,2.71,0.16,0.47,0.23,0.33,18.6,1.23,67,0,465769440,12920,27276628,102647,3,37100,10102,0,2,3,16.2,10116.6,4.0,5335.0,71.51,50.24,52.08,0.12948885391201456,2.2272,big_data
2.75,0.0,0.18,28.74,0.11,0.09,0.0,0.0,0.0,423.75,1.0,105.19,0.21,0.0,54.55,254.19,210.4,599.68,898.6,100.04,252.91,0.7,12.23,7.0,8.6,0.0,0.0,0.0,6.430681883620653,7405.38,2.52770304,1.32,42.93,2.7,0.15,0.42,0.23,0.3,16.71,1.16,69,0,465323648,12936,27811168,106366,220,37182,10430,0,3,5,20.6,10416.0,6.0,5335.0,71.55,50.6,52.19,0.12946458688541934,2.2272,big_data
2.96,0.0,0.16,28.43,0.1,0.09,0.0,0.0,0.0,404.61,1.2,99.62,0.25,0.0,0.0,252.12,214.0,612.31,1174.67,100.12,252.97,0.59,10.01,6.0,7.8,0.0,0.0,0.0,6.411983626116131,7404.7,2.5274709333333334,1.443,43.59,2.67,0.15,0.45,0.22,0.32,17.4,1.21,64,0,464921088,12948,28314192,100747,414,37242,10569,0,3,4,9.6,10564.6,3.0,5335.0,71.82,51.01,52.31,0.12946458688541934,2.2272,big_data
2.76,0.0,0.2,25.86,0.12,0.1,0.0,0.0,0.0,436.0,0.6,107.15,0.15,0.0,0.0,251.65,256.0,580.39,1450.33,100.08,252.76,0.72,12.28,7.2,9.0,0.0,0.0,0.0,6.391983519208287,6667.780000000002,2.2759355733333337,1.446,44.5,2.52,0.12,0.37,0.21,0.31,16.79,1.06,38,0,464543424,12956,28861460,108650,46,37314,10616,0,3,3,22.2,10614.2,5.0,5335.0,71.76,51.34,52.41,0.12951312093860975,2.2272,big_data
2.23,0.0,0.14,26.49,0.1,0.08,0.0,0.0,0.0,444.0,1.4,110.07,0.32,0.0,80.56,253.86,236.57,567.01,933.71,100.0,252.94,0.58,9.81,5.8,7.4,0.0,0.0,0.0,6.362534578716187,5411.0,1.8469546666666663,1.445,43.95,2.67,0.13,0.43,0.23,0.34,19.93,1.1,70,0,464037632,12972,29438348,115616,438,37095,10582,0,2,2,16.2,10577.2,3.0,5335.0,72.1,51.75,52.54,0.12946458688541934,2.2272,big_data
1.63,0.0,0.13,31.7,0.11,0.08,0.0,0.0,0.0,406.8,0.6,100.75,0.15,0.0,0.0,253.61,256.0,624.68,1450.67,100.16,252.96,0.71,12.43,7.2,9.0,0.0,0.0,0.0,6.350505550886446,4375.280000000002,1.4934289066666668,1.329,43.78,2.7,0.14,0.43,0.24,0.32,19.22,1.03,70,0,463449504,12980,29961976,104224,208,36697,9063,0,2,3,13.8,9064.0,2.0,5335.0,72.09,52.09,52.65,0.12946458688541934,2.2272,big_data
1.79,0.0,0.11,31.86,0.12,0.08,0.0,0.0,0.0,411.98,1.0,102.43,0.2,0.0,0.0,254.59,205.6,613.76,1162.6,99.96,252.57,0.6,9.86,6.0,7.8,0.0,0.0,0.0,6.362056905376588,4601.0,1.570474666666667,1.3130000000000002,44.36,2.73,0.15,0.46,0.24,0.32,18.51,0.96,66,0,463011392,12992,30489224,105426,209,36756,9075,0,2,2,16.2,9079.4,1.0,5335.0,72.08,52.42,52.75,0.1295859220183954,2.2272,big_data
1.95,0.0,0.14,31.76,0.1,0.09,0.0,0.0,0.0,393.79,1.2,98.13,0.3,0.0,0.0,255.18,256.0,623.71,1129.17,99.96,252.71,0.7,12.23,7.0,8.6,0.0,0.0,0.0,6.345570351255573,5426.88,1.85237504,1.4509999999999998,43.2,2.66,0.14,0.43,0.23,0.33,19.32,1.1,65,0,462545312,13000,30991608,100296,208,36900,9551,0,2,6,20.6,9548.8,5.0,5335.0,71.99,52.73,52.85,0.12946458688541934,2.2272,big_data
2.33,0.0,0.11,30.83,0.1,0.07,0.0,0.0,0.0,418.33,0.6,104.15,0.15,0.0,92.68,254.94,256.0,609.27,1460.0,99.92,252.52,0.63,10.04,6.4,8.4,0.0,0.0,0.0,6.3348469638874025,5745.4,1.9610965333333332,1.5419999999999998,44.31,2.79,0.15,0.45,0.23,0.36,20.61,1.25,70,0,462113088,13012,31522560,105598,239,36838,9317,0,2,7,9.4,9317.2,6.0,5332.0,72.08,53.06,52.96,0.12946458688541934,2.2272,big_data
2.4,0.0,0.17,32.53,0.11,0.09,0.0,0.0,0.0,420.48,0.8,104.51,0.18,0.0,0.0,254.51,231.0,595.31,1451.0,100.0,252.85,0.72,12.28,7.2,9.0,0.0,0.0,0.0,6.317875154310287,5790.64,1.9765384533333328,1.351,44.97,2.64,0.14,0.41,0.22,0.3,17.07,1.04,70,0,461657696,13028,32061152,108435,217,37459,11341,0,2,4,20.6,11335.0,3.0,5332.0,72.23,53.41,53.07,0.12951312093860975,2.2272,big_data
2.23,0.0,0.15,32.78,0.12,0.08,0.0,0.0,0.0,409.78,1.0,102.16,0.2,0.0,0.0,255.28,205.6,615.34,1164.0,100.2,253.23,0.58,9.81,5.8,7.4,0.0,0.0,0.0,6.301789694152206,5669.24,1.9351005866666664,1.537,46.19,2.61,0.14,0.42,0.22,0.33,18.83,1.03,68,0,461317024,13044,32584340,103700,254,37027,10238,0,2,1,16.2,10232.0,2.0,5332.0,72.61,53.8,53.2,0.12939178580563376,2.2272,big_data
2.14,0.0,0.13,33.33,0.09,0.09,0.0,0.0,0.0,416.96,0.59,103.97,0.15,0.0,0.0,255.34,256.0,609.28,1453.67,99.88,252.51,0.71,12.43,7.2,9.0,0.0,0.0,0.0,6.268316924432722,5856.14,1.9988957866666668,1.419,45.18,2.81,0.16,0.45,0.23,0.33,18.75,1.26,70,0,460907808,13052,33122196,107553,4,36901,9641,0,2,2,13.8,9645.8,4.0,5331.0,72.8,54.16,53.32,0.12939178580563376,2.2272,big_data
2.2,0.0,0.15,32.29,0.11,0.07,0.0,0.0,0.0,405.06,0.81,100.9,0.2,0.0,0.0,255.08,256.0,614.97,1115.25,99.92,252.42,0.6,9.86,6.0,7.8,0.0,0.0,0.0,6.248989351258569,5698.52,1.9450948266666663,1.327,45.14,2.79,0.15,0.43,0.23,0.3,17.33,1.01,67,0,460460512,13064,33642008,103511,210,37320,10200,0,2,6,16.2,10163.2,9.0,5331.0,72.74,54.45,53.42,0.12948885391201456,2.2272,big_data
2.33,0.0,0.17,32.21,0.1,0.1,0.0,0.0,0.0,412.42,1.0,102.54,0.21,0.0,68.75,254.59,214.4,613.22,1162.2,100.04,252.89,0.7,12.23,7.0,8.6,0.0,0.0,0.0,6.229294045434089,5870.86,2.003920213333333,1.403,45.22,2.85,0.15,0.44,0.23,0.33,18.54,1.04,70,0,460009856,13076,34168860,105178,218,37048,9763,0,2,1,20.6,9748.2,2.0,5331.0,72.6,54.73,53.51,0.12936751877903852,2.2272,big_data
2.28,0.0,0.13,31.36,0.11,0.08,0.0,0.0,0.0,409.22,0.4,101.89,0.1,0.0,0.0,254.97,256.0,617.89,1985.0,99.96,252.57,0.59,10.01,6.0,7.8,0.0,0.0,0.0,6.216860132583164,6524.64,2.22707712,1.425,46.36,2.81,0.15,0.44,0.22,0.31,17.53,1.05,67,0,459606016,13088,34689012,104152,209,37135,10171,0,2,7,9.6,10166.4,6.0,5331.0,72.55,55.01,53.61,0.12936751877903852,2.2272,big_data
2.58,0.0,0.17,31.51,0.11,0.09,0.0,0.0,0.0,408.98,1.0,100.95,0.2,0.0,0.0,252.75,205.6,614.03,1160.2,100.04,252.8,0.76,14.88,7.6,9.6,0.0,0.0,0.0,6.195159356944019,6182.86,2.110416213333333,1.3630000000000002,47.17,2.66,0.14,0.4,0.21,0.29,15.93,0.91,64,0,459146304,13132,35195180,101406,209,36978,9860,0,3,3,22.2,9658.0,4.0,5331.0,72.35,55.26,53.7,0.12948885391201456,2.2272,big_data
2.48,0.0,0.13,31.11,0.11,0.09,0.0,0.0,0.0,413.6,0.8,102.93,0.2,0.0,0.0,254.83,256.0,609.62,1095.5,100.08,252.97,0.58,9.81,5.8,7.4,0.0,0.0,0.0,6.181773888472147,6104.52,2.08367616,1.4769999999999999,45.86,2.8,0.14,0.42,0.23,0.33,18.61,1.05,61,0,458810368,13140,35734248,106938,208,37221,10403,0,2,1,16.2,10620.8,4.0,5332.0,72.16,55.51,53.79,0.12936751877903852,2.2272,big_data
1.98,0.0,0.13,32.46,0.1,0.08,0.0,0.0,0.0,417.43,1.2,103.48,0.26,0.0,64.71,253.85,221.33,594.51,1212.83,100.04,252.8,0.71,12.43,7.2,9.0,0.0,0.0,0.0,6.15210279196655,5280.26,1.8023287466666664,1.515,47.33,2.69,0.12,0.38,0.22,0.33,18.73,0.97,70,0,458276832,13152,36265456,106222,258,36882,9501,0,2,2,13.8,9513.6,3.0,5331.0,72.23,55.8,53.89,0.12939178580563376,2.2528,big_data
2.44,0.0,0.15,32.05,0.12,0.08,0.0,0.0,0.0,411.16,0.6,102.11,0.15,0.0,0.0,254.3,256.0,612.16,1453.0,99.92,252.55,0.6,9.86,6.0,7.8,0.0,0.0,0.0,6.146747543081491,6112.76,2.0864887466666664,1.557,46.42,2.83,0.14,0.43,0.23,0.35,19.56,1.15,70,0,457836800,13164,36792844,105374,210,37208,10865,0,2,1,16.2,10601.4,4.0,5333.0,72.05,56.03,53.98,0.12948885391201456,2.2784,big_data
2.38,0.0,0.16,32.66,0.09,0.1,0.0,0.0,0.0,409.22,0.8,101.59,0.15,0.0,0.0,254.22,193.0,632.67,1093.5,100.12,252.97,0.7,12.23,7.0,8.6,0.0,0.0,0.0,6.127825613140173,6239.12,2.129619626666667,1.541,46.57,2.69,0.14,0.43,0.22,0.34,18.67,1.12,63,0,457569472,13172,37298768,100301,208,37142,10553,0,2,1,20.6,10826.8,3.0,5331.0,72.04,56.3,54.08,0.12941605283222896,2.3040000000000003,big_data
2.83,0.0,0.14,28.04,0.12,0.09,0.0,0.0,0.0,428.26,0.6,106.12,0.15,0.0,0.0,253.74,256.0,587.97,1458.33,99.96,252.7,0.59,10.01,6.0,7.8,0.0,0.0,0.0,6.083117663188661,7508.06,2.562751146666667,1.536,45.42,2.81,0.15,0.44,0.22,0.34,19.06,1.13,46,0,457143552,13180,37832168,107031,208,37371,10610,0,3,4,9.0,10612.8,5.0,5331.0,71.8,56.51,54.16,0.12936751877903852,2.3040000000000003,big_data
2.53,0.0,0.18,25.86,0.11,0.08,0.0,0.0,0.0,438.8,1.0,108.96,0.25,0.0,0.0,254.27,256.0,563.02,1068.6,99.92,252.82,0.72,12.28,7.2,9.0,0.0,0.0,0.0,6.066775927492826,6210.0,2.11968,1.46,46.49,2.83,0.13,0.4,0.22,0.33,18.53,0.95,70,0,456724928,13192,38410360,115361,210,37320,10409,0,2,3,21.0,10407.6,3.0,5331.0,71.65,56.73,54.24,0.12953738796520495,2.3040000000000003,big_data
1.8,0.0,0.11,34.86,0.1,0.08,0.0,0.0,0.0,398.6,1.0,98.05,0.22,0.0,80.0,251.9,221.6,622.55,1160.8,100.04,252.81,0.58,9.81,5.8,7.4,0.0,0.0,0.0,6.035787059139258,4869.74,1.6622045866666668,1.5319999999999998,45.94,2.61,0.13,0.39,0.22,0.34,19.88,1.01,70,0,456178976,13200,38914268,100690,224,36895,10075,0,2,0,15.8,10081.0,1.0,5331.0,72.56,57.17,54.4,0.12936751877903852,2.3040000000000003,big_data
1.49,0.0,0.11,34.15,0.12,0.08,0.0,0.0,0.0,395.03,0.8,97.58,0.15,0.0,0.0,252.94,193.0,645.0,1097.25,100.12,253.23,0.71,12.43,7.2,9.0,0.0,0.0,0.0,6.049323411729512,4094.94,1.39773952,1.3430000000000002,47.26,3.01,0.15,0.45,0.24,0.33,20.09,0.91,69,0,455699104,13212,39413016,99459,4,36687,8926,0,2,3,14.2,8923.0,3.0,5331.0,72.44,57.4,54.49,0.12939178580563376,2.2784,big_data
1.92,0.0,0.12,34.57,0.09,0.09,0.0,0.0,0.0,402.82,0.6,100.34,0.15,0.0,0.0,255.08,256.0,622.35,1452.0,99.92,252.48,0.6,9.86,6.0,7.8,0.0,0.0,0.0,6.040928492338972,5232.46,1.7860130133333332,1.469,47.28,2.81,0.14,0.41,0.23,0.33,19.42,1.01,68,0,455248768,13220,39925752,102510,246,36863,9572,0,2,4,15.8,9579.2,4.0,5331.0,72.4,57.64,54.58,0.12948885391201456,2.2528,big_data
2.36,0.0,0.17,33.39,0.12,0.08,0.0,0.0,0.0,424.8,0.6,106.04,0.15,0.0,0.0,255.63,256.0,600.44,1452.33,100.08,252.95,0.7,12.23,7.0,8.6,0.0,0.0,0.0,6.030022375963114,6002.62,2.0488942933333334,1.4769999999999999,46.57,2.57,0.13,0.4,0.21,0.31,17.29,0.95,64,0,454826656,13228,40473180,109117,212,37179,10190,0,2,4,21.0,10192.6,4.0,5331.0,72.53,57.92,54.68,0.12936751877903852,2.2528,big_data
2.35,0.0,0.14,34.74,0.11,0.09,0.0,0.0,0.0,423.11,0.6,105.48,0.15,0.0,91.89,255.28,256.0,588.48,1454.67,99.92,252.56,0.59,10.01,6.0,7.8,0.0,0.0,0.0,6.003328018396034,5649.04,1.9282056533333332,1.469,48.72,2.93,0.14,0.44,0.23,0.33,19.32,1.0,70,0,454386336,13248,41010180,106966,242,37235,10351,0,2,1,9.2,10355.0,3.0,5331.0,72.49,58.15,54.78,0.12936751877903852,2.2528,big_data
2.55,0.0,0.17,34.12,0.11,0.1,0.0,0.0,0.0,417.87,1.81,103.56,0.38,0.0,0.0,253.78,215.11,599.79,1256.11,100.0,252.71,0.72,12.28,7.2,9.0,0.0,0.0,0.0,5.987103805505973,6325.52,2.1591108266666668,1.495,47.12,2.65,0.14,0.41,0.22,0.32,17.87,0.97,69,0,453979616,13260,41545292,107030,209,37365,11141,0,3,0,22.6,11135.8,2.0,5331.0,72.29,58.35,54.86,0.12948885391201456,2.2528,big_data
2.1,0.0,0.14,34.71,0.11,0.08,0.0,0.0,0.0,393.2,0.8,97.56,0.2,0.0,0.0,254.08,256.0,638.35,1454.25,99.92,252.5,0.58,9.81,5.8,7.4,0.0,0.0,0.0,5.9645614149351545,5475.719999999998,1.86904576,1.526,47.2,2.74,0.14,0.42,0.22,0.34,19.33,1.0,68,0,453567360,13268,42046108,99766,208,37078,10551,0,2,1,15.8,10555.2,2.0,5331.0,72.27,58.57,54.95,0.12936751877903852,2.2528,big_data
2.07,0.0,0.13,34.58,0.11,0.08,0.0,0.0,0.0,382.4,0.6,94.99,0.15,0.0,0.0,254.37,256.0,655.5,1452.33,100.0,252.71,0.71,12.43,7.2,9.0,0.0,0.0,0.0,5.947620692035695,5514.0,1.882112,1.4380000000000002,48.93,2.9,0.14,0.43,0.22,0.32,18.83,0.9,66,0,453112224,13276,42536796,98260,208,37088,9929,0,2,3,14.2,9919.6,5.0,5331.0,72.4,58.83,55.05,0.12936751877903852,2.2528,big_data
2.41,0.0,0.15,34.59,0.1,0.1,0.0,0.0,0.0,415.8,0.8,103.48,0.16,0.0,80.95,254.84,210.0,616.54,1086.75,100.0,252.82,0.6,9.86,6.0,7.8,0.0,0.0,0.0,5.936303624945452,5947.04,2.0299229866666666,1.507,48.16,2.85,0.14,0.41,0.22,0.33,18.54,1.04,70,0,452675968,13292,43066648,105442,222,36886,9615,0,2,1,15.8,9615.0,2.0,5331.0,72.21,59.02,55.14,0.12948885391201456,2.2528,big_data
2.31,0.0,0.16,35.41,0.12,0.09,0.0,0.0,0.0,397.21,0.8,98.47,0.2,0.0,0.0,253.85,256.0,637.63,1455.5,100.2,253.35,0.7,12.23,7.0,8.6,0.0,0.0,0.0,5.917967034398052,6170.0,2.1060266666666667,1.47,48.96,2.91,0.14,0.42,0.22,0.32,18.16,0.92,70,0,452203200,13304,43574456,101083,253,37292,10288,0,2,3,21.0,10285.4,3.0,5331.0,72.19,59.23,55.23,0.12936751877903852,2.2528,big_data
1.83,0.0,0.08,34.99,0.1,0.08,0.0,0.0,0.0,389.6,0.8,96.6,0.15,0.0,0.0,253.89,193.0,638.92,1090.25,99.84,252.33,0.59,10.01,6.0,7.8,0.0,0.0,0.0,5.912190978047158,5190.08,1.7715473066666667,1.5190000000000001,48.94,2.95,0.14,0.43,0.22,0.34,19.6,1.0,67,0,451783296,13312,44066832,98192,212,36761,9198,0,2,4,9.0,9201.4,6.0,5331.0,72.1,59.43,55.31,0.12936751877903852,2.2528,big_data
2.27,0.0,0.14,32.35,0.1,0.08,0.0,0.0,0.0,392.38,0.8,97.75,0.2,0.0,0.0,255.1,256.0,642.8,1349.0,99.96,252.75,0.72,12.28,7.2,9.0,0.0,0.0,0.0,5.899637267755507,5869.14,2.00333312,1.5759999999999998,47.91,2.79,0.13,0.42,0.22,0.34,19.26,1.13,62,0,451336832,13320,44570652,100494,208,37354,10777,0,2,2,21.0,10772.4,4.0,5331.0,72.09,59.64,55.4,0.12948885391201456,2.2528,big_data
2.83,0.0,0.18,28.37,0.11,0.08,0.0,0.0,0.0,438.4,0.6,109.22,0.15,0.0,0.0,255.11,256.0,571.16,1448.67,100.0,252.74,0.58,9.81,5.8,7.4,0.0,0.0,0.0,5.89130073066203,6357.0,2.1698560000000002,1.589,49.45,2.71,0.13,0.4,0.21,0.33,18.06,0.91,59,0,450883488,13328,45120936,110370,3,37357,11185,0,3,0,15.8,11197.8,2.0,5331.0,72.24,59.87,55.5,0.12936751877903852,2.2784,big_data
2.08,0.0,0.11,31.62,0.11,0.08,0.0,0.0,0.0,410.78,1.0,102.36,0.21,0.0,70.59,255.16,215.2,615.77,1326.8,100.2,253.38,0.71,12.43,7.2,9.0,0.0,0.0,0.0,5.850640114499058,6024.86,2.0564855466666665,1.604,49.53,2.95,0.14,0.42,0.21,0.34,19.45,0.99,69,0,450468288,13340,45656592,106579,218,37019,9893,0,2,4,14.17,9855.69,4.0,5331.0,72.06,60.04,55.58,0.12936751877903852,2.2784,big_data
2.3,0.0,0.13,32.99,0.09,0.07,0.0,0.0,0.0,405.01,0.8,99.83,0.15,0.0,0.0,252.39,193.0,616.0,1088.5,99.8,252.27,0.6,9.86,6.0,7.8,0.0,0.0,0.0,5.848070535216674,5816.9,1.9855018666666664,1.507,48.46,2.92,0.14,0.45,0.22,0.34,18.98,1.05,65,0,450008960,13356,46166816,101868,209,37237,10178,0,2,6,16.4,10157.0,4.0,5332.0,72.14,60.26,55.67,0.12948885391201456,2.2784,big_data
2.55,0.0,0.15,32.21,0.12,0.11,0.0,0.0,0.0,407.4,0.8,100.53,0.2,0.0,0.0,252.68,256.0,628.99,1248.25,100.08,253.01,0.7,12.23,7.0,8.6,0.0,0.0,0.0,5.841750841112617,7024.02,2.39753216,1.531,47.41,2.75,0.14,0.42,0.21,0.33,18.07,1.1,54,0,449590272,13364,46678544,101506,208,37444,10639,0,3,1,21.0,10651.2,3.0,5332.0,72.21,60.47,55.77,0.12939178580563376,2.2528,big_data
2.53,0.0,0.12,30.24,0.11,0.07,0.0,0.0,0.0,430.4,0.6,106.93,0.15,0.0,0.0,254.4,256.0,578.58,1454.67,100.08,253.0,0.59,10.01,6.0,7.8,0.0,0.0,0.0,5.833240673551254,6704.719999999998,2.2885444266666664,1.5819999999999999,49.74,2.92,0.13,0.4,0.21,0.33,18.84,0.96,45,0,449144160,13372,47219396,108070,249,37663,11339,0,3,3,9.2,11145.8,3.0,5332.0,72.19,60.66,55.85,0.12939178580563376,2.2272,big_data
2.17,0.0,0.15,31.57,0.1,0.09,0.0,0.0,0.0,434.8,1.4,107.63,0.32,0.0,75.86,253.48,232.57,572.63,1066.71,100.0,252.86,0.72,12.28,7.2,9.0,0.0,0.0,0.0,5.803804622657206,5315.52,1.81436416,1.5519999999999998,50.21,2.93,0.13,0.41,0.22,0.34,20.05,0.86,70,0,448561536,13384,47790928,114380,228,37328,10554,0,2,4,22.6,10734.4,4.0,5332.0,72.34,60.88,55.95,0.12951312093860975,2.2272,big_data
2.01,0.0,0.12,33.76,0.12,0.09,0.0,0.0,0.0,392.0,0.8,96.87,0.15,0.0,0.0,253.06,193.0,645.34,1087.25,99.84,252.25,0.58,9.81,5.8,7.4,0.0,0.0,0.0,5.805357440116729,4969.2,1.6961536,1.594,49.1,2.75,0.13,0.41,0.22,0.35,20.24,0.96,69,0,448012992,13396,48288784,98650,209,37042,9772,0,2,2,15.8,9782.2,4.0,5332.0,72.39,61.08,56.04,0.12939178580563376,2.2272,big_data
1.61,0.0,0.1,32.89,0.09,0.07,0.0,0.0,0.0,401.39,1.0,99.74,0.25,0.0,0.0,254.44,256.0,627.04,1445.6,100.0,252.63,0.71,12.43,7.2,9.0,0.0,0.0,0.0,5.811363992809273,4991.24,1.7036765866666663,1.4809999999999999,50.11,3.06,0.14,0.45,0.23,0.34,19.79,1.06,65,0,447572224,13404,48796408,102179,208,36787,9406,0,2,4,14.2,9403.8,3.0,5332.0,72.12,61.22,56.11,0.12939178580563376,2.2272,big_data
2.01,0.0,0.13,31.57,0.12,0.08,0.0,0.0,0.0,387.98,0.6,96.37,0.15,0.0,0.0,254.35,256.0,647.81,1446.67,100.04,252.82,0.6,9.86,6.0,7.8,0.0,0.0,0.0,5.7861564882881495,5360.24,1.8296285866666664,1.626,50.18,3.0,0.14,0.44,0.22,0.36,21.08,1.04,60,0,447233344,13412,49285304,97524,208,37056,9811,0,2,1,15.8,9813.2,1.0,5332.0,72.43,61.46,56.22,0.12951312093860975,2.2272,big_data
2.37,0.0,0.15,33.6,0.11,0.09,0.0,0.0,0.0,412.42,1.0,102.76,0.23,0.0,86.49,255.13,231.2,620.11,1209.8,100.04,252.92,0.7,12.23,7.0,8.6,0.0,0.0,0.0,5.771921822768103,5617.88,1.9175697066666668,1.5030000000000001,50.46,2.83,0.13,0.4,0.21,0.32,18.12,0.88,70,0,446734848,13424,49813724,105385,234,37204,10286,0,2,0,21.0,10295.2,3.0,5332.0,72.47,61.65,56.31,0.12939178580563376,2.2272,big_data
2.36,0.0,0.12,34.57,0.1,0.08,0.0,0.0,0.0,407.4,0.6,101.3,0.15,0.0,0.0,254.61,256.0,617.29,1455.0,99.92,252.7,0.59,10.01,6.0,7.8,0.0,0.0,0.0,5.766915351242115,6100.280000000002,2.082228906666667,1.5919999999999999,49.29,2.69,0.13,0.41,0.21,0.33,18.79,0.9,70,0,446215072,13436,50334760,103698,209,37410,11427,0,2,0,9.0,11430.8,4.0,5332.0,72.52,61.84,56.4,0.12939178580563376,2.2272,big_data
2.28,0.0,0.16,35.64,0.12,0.07,0.0,0.0,0.0,421.0,1.0,104.57,0.2,0.0,0.0,254.35,205.6,595.69,1163.6,100.0,252.82,0.72,12.28,7.2,9.0,0.0,0.0,0.0,5.765457310238864,6069.5,2.0717226666666666,1.525,48.45,2.8,0.14,0.41,0.22,0.33,18.21,0.97,65,0,445717312,13444,50871456,107790,247,37662,11231,0,2,4,21.0,11235.6,4.0,5332.0,72.48,62.01,56.48,0.12951312093860975,2.2272,big_data
2.33,0.0,0.14,35.34,0.09,0.1,0.0,0.0,0.0,400.8,0.6,99.71,0.15,0.0,0.0,254.75,256.0,631.02,1958.67,100.0,252.72,0.58,9.81,5.8,7.4,0.0,0.0,0.0,5.755140324315176,5880.84,2.00732672,1.579,50.37,2.78,0.13,0.4,0.21,0.32,18.17,0.92,60,0,445313024,13452,51378896,100547,210,37830,12092,0,2,1,15.8,12087.2,1.0,5332.0,72.44,62.18,56.57,0.12939178580563376,2.2272,big_data
2.32,0.0,0.13,32.84,0.12,0.08,0.0,0.0,0.0,417.0,0.6,103.84,0.15,0.0,0.0,254.98,256.0,597.02,1656.0,100.0,252.71,0.71,12.43,7.2,9.0,0.0,0.0,0.0,5.7435829041318325,6128.780000000002,2.091956906666667,1.6369999999999998,49.41,2.91,0.13,0.41,0.22,0.35,20.4,1.07,70,0,444788928,13464,51916564,107342,209,37334,10465,0,2,3,14.2,10434.8,2.0,5332.0,72.48,62.36,56.66,0.12939178580563376,2.2272,big_data
2.06,0.0,0.14,34.71,0.1,0.08,0.0,0.0,0.0,404.79,1.0,100.65,0.21,0.0,75.0,254.61,217.6,612.93,1167.0,100.12,253.21,0.6,9.86,6.0,7.8,0.0,0.0,0.0,5.738110132440998,5524.86,1.88581888,1.642,48.93,2.72,0.14,0.4,0.21,0.34,19.31,1.0,70,0,444364896,13476,52433408,103360,22,36980,10115,0,2,2,15.8,10136.0,2.0,5331.0,72.44,62.52,56.74,0.12951312093860975,2.2272,big_data
2.15,0.0,0.15,33.65,0.1,0.09,0.0,0.0,0.0,375.95,10.22,93.41,0.24,0.0,72.28,254.42,24.31,679.93,87.2,100.04,252.86,0.7,12.23,7.0,8.6,0.0,0.0,0.0,5.7256125298114595,5916.08,2.0193553066666663,1.536,49.01,2.79,0.13,0.42,0.21,0.33,18.66,0.95,68,0,443930944,13500,52906636,94232,150,37670,11509,0,2,3,21.0,11504.0,3.0,5331.0,72.41,62.68,56.82,0.12936751877903852,2.2272,big_data
2.11,0.0,0.11,36.32,0.12,0.07,0.0,0.0,0.0,408.0,1.4,101.03,0.08,0.0,84.44,253.56,61.71,626.52,445.0,99.84,252.35,0.59,10.01,6.0,7.8,0.0,0.0,0.0,5.716588294751292,5631.780000000002,1.9223142400000004,1.565,48.3,2.77,0.14,0.41,0.22,0.34,19.41,1.03,69,0,443421408,13508,53432160,104627,242,37315,10926,0,2,6,9.2,10927.0,8.0,5331.0,72.22,62.8,56.89,0.12936751877903852,2.2272,big_data
2.38,0.0,0.17,33.34,0.1,0.08,0.0,0.0,0.0,391.0,0.8,97.18,0.2,0.0,0.0,254.52,256.0,631.16,1454.0,100.0,252.71,0.72,12.28,7.2,9.0,0.0,0.0,0.0,5.709265486634075,5204.480000000001,1.7764625066666668,1.589,48.51,2.73,0.13,0.4,0.22,0.35,20.08,0.96,65,0,442958144,13516,53934788,100506,208,37446,10945,0,2,3,22.6,10927.4,4.0,5331.0,72.12,62.93,56.97,0.12948885391201456,2.2272,big_data
2.13,0.0,0.13,31.61,0.09,0.08,0.0,0.0,0.0,401.2,0.4,100.15,0.1,0.0,0.0,255.63,256.0,634.7,1961.0,100.28,253.4,0.58,9.81,5.8,7.4,0.0,0.0,0.0,5.701493059008316,6099.62,2.082003626666667,1.538,50.76,2.92,0.14,0.42,0.21,0.33,18.52,0.92,63,0,442471456,13524,54442352,101841,256,37382,11002,0,2,2,15.8,11005.8,3.0,5331.0,72.19,63.1,57.05,0.12936751877903852,2.2272,big_data
2.69,0.0,0.14,31.77,0.12,0.1,0.0,0.0,0.0,401.8,0.8,99.92,0.2,0.0,0.0,254.65,256.0,620.01,1493.75,99.84,252.4,0.71,12.43,7.2,9.0,0.0,0.0,0.0,5.700433837333045,6383.64,2.17894912,1.614,48.24,2.55,0.12,0.4,0.2,0.32,17.42,1.0,70,0,442025344,13540,54953968,101797,214,37472,12571,0,3,4,14.2,12567.8,4.0,5331.0,72.25,63.27,57.14,0.12936751877903852,2.2272,big_data
2.46,0.0,0.14,33.79,0.1,0.09,0.0,0.0,0.0,406.41,0.8,100.24,0.16,0.0,69.23,252.57,202.0,616.55,1089.25,100.04,253.0,0.6,9.86,6.0,7.8,0.0,0.0,0.0,5.685094457438718,6240.480000000001,2.13008384,1.5030000000000001,47.32,2.73,0.14,0.4,0.22,0.33,18.55,1.02,69,0,441588736,13548,55471912,102977,11,37848,11991,0,2,5,15.8,11974.0,6.0,5331.0,72.23,63.41,57.22,0.12948885391201456,2.2272,big_data
2.18,0.0,0.17,34.24,0.12,0.07,0.0,0.0,0.0,413.8,1.0,101.76,0.2,0.0,0.0,251.82,205.6,613.7,961.6,100.0,252.78,0.7,12.23,7.0,8.6,0.0,0.0,0.0,5.666757108679669,5303.96,1.8104183466666663,1.5090000000000001,47.86,2.56,0.12,0.4,0.21,0.32,17.76,0.88,65,0,441112928,13560,55987768,102862,210,37427,11747,0,2,1,21.0,11746.2,2.0,5331.0,72.29,63.57,57.3,0.12936751877903852,2.2272,big_data
2.42,0.0,0.12,31.57,0.1,0.09,0.0,0.0,0.0,412.18,0.8,102.61,0.2,0.0,0.0,254.92,256.0,615.77,1453.75,100.04,252.87,0.59,10.01,6.0,7.8,0.0,0.0,0.0,5.662829572331857,5358.36,1.82898688,1.662,50.48,2.47,0.11,0.36,0.19,0.32,17.28,0.78,63,0,440611584,13568,56522284,107146,208,37386,13993,0,2,0,9.0,13989.0,2.0,5331.0,72.27,63.71,57.38,0.12936751877903852,2.2272,big_data
2.56,0.0,0.14,29.86,0.11,0.08,0.0,0.0,0.0,420.24,0.6,104.65,0.15,0.0,0.0,254.99,256.0,598.47,1454.33,100.04,252.72,0.72,12.28,7.2,9.0,0.0,0.0,0.0,5.655656131909722,6968.980000000001,2.3787451733333342,1.653,49.53,2.66,0.13,0.4,0.2,0.33,17.93,0.94,55,0,440113728,13576,57050212,105090,208,37610,13468,0,3,2,21.0,13464.6,4.0,5331.0,72.25,63.85,57.46,0.12948885391201456,2.2272,big_data
2.34,0.0,0.12,30.77,0.1,0.08,0.0,0.0,0.0,421.0,0.6,104.68,0.15,0.0,0.0,254.61,256.0,593.54,1782.0,100.0,252.64,0.58,9.81,5.8,7.4,0.0,0.0,0.0,5.656395388268622,5489.440000000001,1.8737288533333332,1.632,49.72,2.74,0.13,0.4,0.21,0.34,19.33,0.91,70,0,439554624,13588,57595080,108779,209,37498,12350,0,2,3,15.8,12343.6,2.0,5331.0,72.23,63.98,57.54,0.12936751877903852,2.2272,big_data
2.16,0.0,0.12,34.2,0.1,0.09,0.0,0.0,0.0,389.4,0.8,96.05,0.18,0.0,88.89,252.58,225.0,649.14,1453.25,99.92,252.65,0.71,12.43,7.2,9.0,0.0,0.0,0.0,5.653028170330276,5303.68,1.8103227733333331,1.574,49.79,2.77,0.13,0.42,0.21,0.33,19.0,0.88,69,0,439032640,13596,58088604,98430,272,37305,11246,0,2,3,14.2,11251.8,5.0,5331.0,72.21,64.12,57.62,0.12936751877903852,2.2272,big_data
2.03,0.0,0.12,35.77,0.11,0.08,0.0,0.0,0.0,386.03,0.8,95.87,0.15,0.0,0.0,254.3,193.0,641.53,1092.25,100.12,253.14,0.6,9.86,6.0,7.8,0.0,0.0,0.0,5.660294112573731,5273.96,1.8001783466666668,1.5519999999999998,50.39,2.84,0.12,0.4,0.22,0.34,19.93,0.88,69,0,438639360,13612,58577936,97346,6,37714,11575,0,2,2,17.4,11372.6,4.0,5331.0,71.95,64.2,57.68,0.12948885391201456,2.2272,big_data
1.91,0.0,0.14,32.79,0.12,0.08,0.0,0.0,0.0,390.0,0.6,97.22,0.15,0.0,0.0,255.27,256.0,657.36,1412.0,100.0,252.74,0.7,12.23,7.0,8.6,0.0,0.0,0.0,5.64411387595938,5372.980000000001,1.8339771733333337,1.546,48.95,2.64,0.12,0.38,0.21,0.32,18.43,0.87,65,0,438176416,13628,59080536,100872,224,36873,9943,0,2,6,21.0,9616.0,4.0,5332.0,72.28,64.39,57.78,0.12936751877903852,2.2272,big_data
2.74,0.0,0.13,32.77,0.11,0.08,0.0,0.0,0.0,394.0,0.8,98.24,0.2,0.0,0.0,255.31,256.0,637.28,1283.75,99.92,252.6,0.59,10.01,6.0,7.8,0.0,0.0,0.0,5.641241012016934,6293.2,2.148078933333333,1.681,51.45,2.76,0.13,0.4,0.2,0.34,19.32,0.87,62,0,437720928,13640,59582672,99763,218,38253,13315,0,3,3,9.2,13821.6,3.0,5331.0,72.09,64.49,57.84,0.12936751877903852,2.2272,big_data
2.26,0.0,0.13,34.41,0.12,0.1,0.0,0.0,0.0,406.8,1.0,101.04,0.21,0.0,78.26,254.34,220.0,621.11,1160.0,100.0,252.83,0.72,12.28,7.2,9.0,0.0,0.0,0.0,5.627287643019095,5482.82,1.8714692266666664,1.474,48.79,2.65,0.13,0.45,0.21,0.31,17.16,0.85,70,0,437253152,13652,60096512,102896,223,37458,11307,0,2,2,22.6,11295.6,4.0,5331.0,72.17,64.63,57.93,0.12948885391201456,2.2528,big_data
2.24,0.0,0.14,35.78,0.1,0.07,0.0,0.0,0.0,392.79,0.8,97.01,0.15,0.0,0.0,252.9,193.0,636.14,1089.5,100.12,252.99,0.58,9.81,5.8,7.4,0.0,0.0,0.0,5.6123705870139045,5734.58,1.9574033066666667,1.611,48.19,2.43,0.12,0.37,0.2,0.32,18.07,0.88,69,0,436745888,13664,60600076,100402,209,37571,10916,0,2,2,15.8,10921.8,3.0,5332.0,72.23,64.77,58.01,0.12936751877903852,2.2528,big_data
2.24,0.0,0.13,36.48,0.11,0.1,0.0,0.0,0.0,404.4,1.2,100.23,0.3,0.0,0.0,253.79,256.0,626.78,858.83,99.92,252.52,0.71,12.43,7.2,9.0,0.0,0.0,0.0,5.617654564003849,5545.8,1.8929664,1.56,48.19,2.77,0.13,0.42,0.22,0.34,19.63,0.96,68,0,436218112,13672,61114632,102545,208,37718,12159,0,2,3,14.2,12187.8,3.0,5331.0,72.38,64.92,58.09,0.12936751877903852,2.2528,big_data
2.15,0.0,0.12,37.19,0.12,0.08,0.0,0.0,0.0,409.76,0.8,101.89,0.2,0.0,0.0,254.64,256.0,616.75,1236.75,100.0,252.79,0.6,9.86,6.0,7.8,0.0,0.0,0.0,5.618320273832686,5516.56,1.8829858133333333,1.578,50.28,2.87,0.14,0.44,0.22,0.34,20.11,0.91,66,0,435767808,13680,61632848,104190,246,37818,11416,0,2,3,15.8,11394.4,4.0,5331.0,72.43,65.06,58.17,0.12948885391201456,2.2528,big_data
2.1,0.0,0.15,36.24,0.1,0.08,0.0,0.0,0.0,388.2,0.8,96.92,0.17,0.0,83.33,255.66,213.0,646.19,1093.5,100.08,252.87,0.7,12.23,7.0,8.6,0.0,0.0,0.0,5.606836400179409,5593.2,1.9091456000000002,1.5519999999999998,49.56,2.82,0.13,0.41,0.21,0.33,18.87,0.88,70,0,435293440,13692,62135228,99474,226,37528,10876,0,2,6,21.0,10656.6,5.0,5333.0,72.47,65.19,58.25,0.12936751877903852,2.2528,big_data
2.4,0.0,0.11,34.73,0.11,0.09,0.0,0.0,0.0,413.65,0.6,102.92,0.15,0.0,0.0,254.78,256.0,602.17,1453.33,100.16,253.17,0.59,10.01,6.0,7.8,0.0,0.0,0.0,5.6065679932552515,5958.12,2.03370496,1.5859999999999999,49.55,2.84,0.14,0.43,0.21,0.34,19.19,0.92,70,0,434771072,13704,62663408,105402,209,37894,11638,0,2,4,9.0,11838.2,8.0,5331.0,72.6,65.34,58.34,0.12939178580563376,2.2784,big_data
2.95,0.0,0.16,32.93,0.1,0.1,0.0,0.0,0.0,399.0,0.8,99.16,0.15,0.0,0.0,254.48,193.0,619.67,1190.75,99.76,252.15,0.72,12.28,7.2,9.0,0.0,0.0,0.0,5.598350495390849,6843.039999999999,2.3357576533333333,1.642,49.35,2.58,0.12,0.38,0.2,0.33,18.23,0.87,63,0,434309280,13712,63165376,99905,208,38410,14314,0,3,3,20.8,14307.8,3.0,5332.0,72.63,65.46,58.42,0.12948885391201456,2.2784,big_data
2.54,0.0,0.13,31.36,0.12,0.07,0.0,0.0,0.0,397.0,0.8,98.72,0.2,0.0,0.0,254.64,256.0,645.33,1239.5,100.16,253.07,0.58,9.81,5.8,7.4,0.0,0.0,0.0,5.5943683678042255,6496.84,2.2175880533333334,1.598,50.02,2.82,0.13,0.41,0.21,0.33,18.43,0.9,56,0,433827232,13720,63665272,100090,208,37715,11385,0,3,2,16.0,11382.8,3.0,5332.0,72.58,65.57,58.49,0.12941605283222896,2.2784,big_data
2.51,0.0,0.15,30.47,0.12,0.1,0.0,0.0,0.0,428.2,0.8,106.61,0.2,0.0,0.0,254.96,256.0,598.11,1528.5,99.84,252.47,0.71,12.43,7.2,9.0,0.0,0.0,0.0,5.589254230223916,5886.1,2.0091221333333342,1.651,47.0,2.54,0.13,0.4,0.21,0.34,19.81,0.91,70,0,433357408,13732,64221952,111311,209,38034,13167,0,3,1,13.8,13160.6,2.0,5331.0,73.01,65.78,58.6,0.12936751877903852,2.3040000000000003,big_data
2.32,0.0,0.14,33.34,0.11,0.08,0.0,0.0,0.0,415.2,0.8,102.66,0.16,0.0,71.43,253.19,203.0,606.25,1216.0,100.08,253.0,0.6,9.86,6.0,7.8,0.0,0.0,0.0,5.570599190783452,5765.2,1.9678549333333333,1.739,48.28,2.27,0.14,0.48,0.19,0.33,18.35,0.8,70,0,432734912,13968,64755964,106967,946,37331,14333,0,2,4,21.8,14337.2,4.0,5333.0,72.85,65.87,58.66,0.12953738796520495,2.3040000000000003,big_data
2.48,0.0,0.21,32.89,0.1,0.09,0.0,0.0,31.54,390.24,0.8,96.93,0.15,0.0,0.0,254.34,193.0,627.31,1087.75,100.0,252.92,0.7,12.23,7.0,8.6,0.0,0.0,0.0,5.599637180561167,5355.980000000001,1.8281745066666668,1.6369999999999998,48.62,2.57,0.16,0.51,0.2,0.33,19.69,0.8,69,0,432166816,13988,65252132,99046,266,38022,13858,0,2,3,26.0,13684.2,4.0,5334.0,72.7,65.95,58.73,0.12939178580563376,2.3040000000000003,big_data
2.77,0.0,0.21,31.95,0.13,0.08,0.0,0.0,35.07,417.2,1.0,103.52,0.25,0.0,0.0,254.09,256.0,618.94,1180.4,100.0,252.75,0.59,10.01,6.0,7.8,0.0,0.0,0.0,5.603101449590736,6739.08,2.30027264,1.557,48.35,2.67,0.24,0.63,0.2,0.31,18.73,0.79,62,0,431651040,14024,65789776,105818,236,38031,13835,0,3,4,31.4,14027.4,5.0,5333.0,73.21,66.17,58.84,0.12946458688541934,2.3040000000000003,big_data
2.78,0.0,0.24,29.92,0.1,0.09,0.0,0.0,0.0,441.28,0.6,109.74,0.15,0.0,0.0,254.65,256.0,575.88,1457.0,100.12,252.97,0.72,12.28,7.2,9.0,0.0,0.0,0.0,5.594482857763399,6395.56,2.183017813333333,1.591,49.26,2.53,0.15,0.53,0.2,0.31,17.76,0.82,57,0,431148896,14040,66346884,111601,214,37990,13317,0,3,3,28.0,13309.6,5.0,5333.0,73.27,66.3,58.92,0.12953738796520495,2.3040000000000003,big_data
2.19,0.0,0.14,32.03,0.12,0.08,0.0,0.0,0.0,420.8,0.8,104.88,0.2,0.0,89.47,255.21,256.0,592.21,1454.0,99.84,252.3,0.58,9.81,5.8,7.4,0.0,0.0,0.0,5.587711269515847,5701.32,1.94605056,1.548,50.61,2.77,0.14,0.42,0.21,0.33,18.65,0.86,70,0,430669088,14064,66887188,108222,262,37929,13389,0,2,1,16.0,13391.6,4.0,5334.0,73.01,66.36,58.98,0.12944031985882415,2.3040000000000003,big_data
2.76,0.0,0.15,34.8,0.11,0.09,0.0,0.0,0.0,417.4,0.6,103.06,0.13,0.0,0.0,252.83,217.33,602.81,1434.67,100.08,252.86,0.71,12.43,7.2,9.0,0.0,0.0,0.0,5.575839191497687,6491.02,2.215601493333333,1.715,50.65,2.44,0.11,0.34,0.19,0.32,17.37,0.79,70,0,430243104,14084,67419840,106150,214,38202,13663,0,3,5,13.8,13645.8,6.0,5331.0,72.93,66.45,59.05,0.12941605283222896,2.3040000000000003,big_data
2.66,0.0,0.15,35.35,0.12,0.09,0.0,0.0,0.0,415.43,1.2,102.79,0.25,0.0,0.0,253.36,214.0,607.52,1052.83,100.04,252.93,0.6,9.86,6.0,7.8,0.0,0.0,0.0,5.552935892181394,5673.14,1.9364317866666667,1.61,50.74,2.71,0.12,0.39,0.21,0.34,19.03,0.83,61,0,429703904,14092,67949936,105181,233,37955,13223,0,3,2,16.2,12855.2,15.0,5331.0,72.85,66.55,59.12,0.12948885391201456,2.3040000000000003,big_data
2.25,0.0,0.13,34.84,0.1,0.08,0.0,0.0,0.0,404.8,0.6,100.79,0.15,0.0,0.0,254.95,256.0,611.29,1452.67,99.92,252.48,0.7,12.23,7.0,8.6,0.0,0.0,0.0,5.550076676048652,5901.8,2.014481066666667,1.545,50.87,2.68,0.12,0.38,0.2,0.31,17.34,0.77,59,0,429224960,14112,68461304,102448,217,37855,13271,0,2,0,20.6,13667.8,3.0,5332.0,72.62,66.6,59.18,0.12936751877903852,2.3040000000000003,big_data
2.54,0.0,0.11,31.11,0.11,0.1,0.0,0.0,0.0,419.2,1.2,104.14,0.27,0.0,77.78,254.38,228.0,609.26,872.33,100.16,253.16,0.59,10.01,6.0,7.8,0.0,0.0,0.0,5.554588035367085,6053.34,2.0662067200000003,1.645,51.1,2.62,0.12,0.37,0.2,0.33,18.22,0.81,69,0,428643072,14128,69008464,109183,267,38198,12932,0,3,6,9.4,12938.0,7.0,5331.0,72.65,66.71,59.25,0.12936751877903852,2.3040000000000003,big_data
2.07,0.0,0.14,32.53,0.1,0.08,0.0,0.0,0.0,379.76,1.19,94.01,0.25,0.0,0.0,253.49,214.0,657.98,1040.67,99.92,252.45,0.72,12.28,7.2,9.0,0.0,0.0,0.0,5.557815742361805,4862.74,1.6598152533333337,1.6740000000000002,50.91,2.59,0.12,0.36,0.2,0.33,18.92,0.81,69,0,428173856,14140,69493216,96430,210,37419,11862,0,2,3,20.6,11882.0,5.0,5331.0,72.68,66.81,59.33,0.12948885391201456,2.3040000000000003,big_data
2.42,0.0,0.1,32.6,0.12,0.08,0.0,0.0,0.0,403.42,0.6,100.29,0.15,0.0,0.0,254.58,256.0,623.32,1277.33,100.04,252.77,0.58,9.81,5.8,7.4,0.0,0.0,0.0,5.554643384817546,5483.92,1.8718446933333333,1.632,50.55,2.6,0.13,0.39,0.2,0.33,18.77,0.78,66,0,427725376,14148,69992912,99936,208,37814,14241,0,2,0,16.2,14247.6,3.0,5332.0,72.55,66.88,59.39,0.12936751877903852,2.3040000000000003,big_data
2.43,0.0,0.13,31.82,0.1,0.08,0.0,0.0,0.0,415.83,0.8,103.65,0.2,0.0,0.0,255.23,256.0,610.43,1338.75,100.04,252.81,0.71,12.43,7.2,9.0,0.0,0.0,0.0,5.548501870451275,5571.86,1.9018615466666664,1.633,51.15,2.62,0.11,0.38,0.2,0.33,18.36,0.8,66,0,427185760,14156,70541344,109389,208,37806,12398,0,2,3,13.8,12381.8,8.0,5331.0,72.34,66.94,59.45,0.12936751877903852,2.2784,big_data
2.48,0.0,0.13,33.36,0.12,0.08,0.0,0.0,0.0,432.2,0.8,107.83,0.2,0.0,0.0,255.48,256.0,582.88,1448.5,99.84,252.39,0.6,9.86,6.0,7.8,0.0,0.0,0.0,5.542927498399321,6075.440000000001,2.0737501866666666,1.709,52.2,2.68,0.12,0.38,0.2,0.34,18.35,0.86,69,0,426681504,14168,71090368,109577,209,38299,12558,0,2,3,16.2,12565.4,2.0,5331.0,72.4,67.04,59.52,0.12948885391201456,2.2784,big_data
2.94,0.0,0.16,34.47,0.11,0.1,0.0,0.0,0.0,411.98,0.8,102.23,0.16,0.0,81.82,254.11,211.0,608.92,1092.25,100.04,252.96,0.7,12.23,7.0,8.6,0.0,0.0,0.0,5.5354811017831285,6701.339999999998,2.28739072,1.692,52.51,2.65,0.12,0.39,0.19,0.33,17.96,0.83,70,0,426142656,14176,71615232,104562,228,38458,14373,0,3,6,20.6,14377.4,6.0,5332.0,72.68,67.19,59.61,0.12936751877903852,2.2784,big_data
2.8,0.0,0.15,34.41,0.11,0.09,0.0,0.0,0.0,410.22,1.0,101.73,0.2,0.0,0.0,253.93,205.6,611.03,999.2,100.12,253.1,0.59,10.01,6.0,7.8,0.0,0.0,0.0,5.5387194237409485,6545.719999999998,2.2342724266666667,1.6059999999999999,50.56,2.63,0.11,0.36,0.2,0.32,17.49,0.78,65,0,425685024,14188,72129344,102860,209,38771,14329,0,3,1,9.6,14076.0,4.0,5331.0,72.71,67.28,59.68,0.12936751877903852,2.2784,big_data
2.68,0.0,0.17,29.8,0.11,0.08,0.0,0.0,0.0,420.6,0.6,104.55,0.15,0.0,0.0,254.54,256.0,595.09,1464.0,99.92,252.53,0.72,12.28,7.2,9.0,0.0,0.0,0.0,5.526070936993028,6555.08,2.237467306666667,1.6980000000000002,49.73,2.48,0.11,0.38,0.19,0.33,17.68,0.83,57,0,425164576,14196,72660912,106098,43,38244,13819,0,3,4,22.2,14078.8,4.0,5331.0,72.57,67.34,59.74,0.12948885391201456,2.2784,big_data
2.58,0.0,0.14,29.52,0.11,0.1,0.0,0.0,0.0,431.4,0.8,107.51,0.2,0.0,0.0,255.18,256.0,584.13,1359.5,100.0,252.74,0.58,9.81,5.8,7.4,0.0,0.0,0.0,5.525637998140789,6404.24,2.1859805866666666,1.64,51.12,2.65,0.11,0.36,0.2,0.33,18.46,0.77,52,0,424628864,14204,73215520,110318,210,38572,13735,0,3,3,16.2,13454.4,8.0,5332.0,72.45,67.41,59.8,0.12936751877903852,2.2784,big_data
2.03,0.0,0.12,31.54,0.11,0.08,0.0,0.0,0.0,419.76,0.8,103.91,0.16,0.0,77.78,253.48,207.0,608.77,1088.25,100.04,252.9,0.71,12.43,7.2,9.0,0.0,0.0,0.0,5.5236128148232195,4976.24,1.6985565866666668,1.749,51.0,2.27,0.1,0.32,0.18,0.32,17.4,0.69,69,0,424048448,14216,73757632,107848,220,37594,12976,0,2,5,13.8,13250.8,6.0,5331.0,72.49,67.5,59.87,0.12936751877903852,2.2784,big_data
2.87,0.0,0.17,34.08,0.11,0.08,0.0,0.0,0.0,400.2,0.8,99.2,0.15,0.0,0.0,253.82,193.0,620.23,1220.25,100.04,252.93,0.6,9.86,6.0,7.8,0.0,0.0,0.0,5.525321823882674,5562.980000000001,1.8988305066666669,1.6269999999999998,51.83,2.45,0.11,0.35,0.19,0.31,16.86,0.71,68,0,423597312,14228,74271232,103032,209,38184,14832,0,3,1,16.2,14839.6,4.0,5331.0,72.45,67.57,59.94,0.12948885391201456,2.2528,big_data
2.47,0.0,0.16,32.88,0.11,0.1,0.0,0.0,0.0,395.2,0.8,98.1,0.2,0.0,0.0,254.2,256.0,640.44,1390.25,99.92,252.44,0.7,12.23,7.0,8.6,0.0,0.0,0.0,5.517086128938668,5567.74,1.9004552533333332,1.626,50.8,2.5,0.11,0.37,0.2,0.32,18.01,0.77,63,0,423098784,14236,74763904,97914,208,38136,14501,0,2,2,20.4,14330.8,4.0,5331.0,72.66,67.7,60.02,0.12936751877903852,2.2528,big_data
2.8,0.0,0.13,31.52,0.11,0.08,0.0,0.0,0.0,393.59,0.8,97.88,0.2,0.0,0.0,254.66,256.0,656.14,1048.25,100.04,252.94,0.59,10.01,6.0,7.8,0.0,0.0,0.0,5.520626977344903,6408.440000000001,2.187414186666667,1.631,51.73,2.47,0.11,0.34,0.19,0.3,16.02,0.72,59,0,422622048,14244,75259488,99097,208,38417,14593,0,3,5,9.6,14765.8,7.0,5331.0,72.76,67.8,60.1,0.12936751877903852,2.2784,big_data
2.32,0.0,0.17,30.42,0.12,0.08,0.0,0.0,0.0,407.62,1.2,101.41,0.27,0.0,81.82,254.75,232.0,602.38,937.83,100.28,253.68,0.72,12.28,7.2,9.0,0.0,0.0,0.0,5.512912173804552,5069.02,1.7302254933333332,1.663,51.31,2.58,0.12,0.36,0.2,0.34,19.5,0.8,70,0,422091328,14256,75790040,106051,230,38073,12545,0,2,0,20.6,12545.4,4.0,5331.0,72.78,67.89,60.16,0.12948885391201456,2.2784,big_data
2.47,0.0,0.14,31.33,0.1,0.1,0.0,0.0,0.0,388.02,1.0,95.85,0.2,0.0,0.0,252.94,205.6,644.26,833.6,100.04,253.0,0.58,9.81,5.8,7.4,0.0,0.0,0.0,5.514405092543711,5932.24,2.024871253333333,1.575,50.66,2.71,0.13,0.38,0.21,0.33,18.64,0.78,66,0,421573600,14268,76275776,96729,246,38102,13615,0,2,1,16.0,13609.6,3.0,5331.0,72.88,67.99,60.24,0.12936751877903852,2.2528,big_data
2.24,0.0,0.11,32.39,0.11,0.08,0.0,0.0,0.0,404.2,0.8,100.16,0.2,0.0,0.0,253.74,256.0,639.32,1391.25,99.84,252.29,0.71,12.43,7.2,9.0,0.0,0.0,0.0,5.515955635368284,5380.84,1.8366600533333333,1.635,51.32,2.55,0.12,0.37,0.2,0.32,17.89,0.75,63,0,421084992,14276,76793544,103659,210,38006,12869,0,2,2,14.0,12856.6,3.0,5331.0,72.89,68.07,60.31,0.12936751877903852,2.2528,big_data
2.32,0.0,0.15,32.93,0.11,0.08,0.0,0.0,0.0,408.62,1.4,101.58,0.35,0.0,0.0,254.56,256.0,602.66,816.57,100.12,252.97,0.6,9.86,6.0,7.8,0.0,0.0,0.0,5.512925063402606,5538.940000000001,1.8906248533333336,1.662,52.43,2.57,0.11,0.37,0.19,0.32,18.16,0.74,70,0,420574176,14292,77322864,105142,421,38368,13171,0,2,1,16.2,13183.8,2.0,5331.0,72.98,68.17,60.38,0.12948885391201456,2.2528,big_data
2.52,0.0,0.17,34.5,0.1,0.1,0.0,0.0,0.0,384.63,1.4,95.31,0.27,0.0,75.0,253.73,196.0,657.11,598.43,99.88,252.39,0.7,12.23,7.0,8.6,0.0,0.0,0.0,5.513956989458469,5568.780000000002,1.90081024,1.7369999999999999,52.4,2.58,0.11,0.34,0.19,0.33,18.5,0.79,69,0,420076864,14304,77805840,96735,226,38462,14841,0,3,2,20.4,14842.6,3.0,5331.0,72.9,68.24,60.44,0.12936751877903852,2.2528,big_data
2.07,0.0,0.11,32.46,0.11,0.08,0.0,0.0,0.0,393.59,0.6,97.81,0.15,0.0,0.0,254.46,256.0,655.32,1469.0,100.04,252.77,0.59,10.01,6.0,7.8,0.0,0.0,0.0,5.511936355410801,5350.66,1.8263586133333327,1.733,52.44,2.49,0.11,0.35,0.19,0.33,18.26,0.72,65,0,419594240,14312,78304184,99692,208,38013,12451,0,2,2,9.8,12478.8,5.0,5331.0,72.91,68.32,60.51,0.12936751877903852,2.2528,big_data
2.65,0.0,0.14,29.9,0.11,0.08,0.0,0.0,0.0,401.8,1.0,100.2,0.25,0.0,0.0,255.35,256.0,614.21,1178.2,100.08,253.04,0.72,12.28,7.2,9.0,0.0,0.0,0.0,5.508911849138324,6297.7,2.1496149333333334,1.7169999999999999,51.61,2.59,0.12,0.38,0.19,0.33,18.46,0.81,63,0,419132352,14320,78817584,102385,208,38455,14412,0,3,4,22.2,14388.0,10.0,5331.0,72.84,68.38,60.57,0.12948885391201456,2.2528,big_data
2.23,0.0,0.12,32.49,0.1,0.1,0.0,0.0,0.0,399.0,1.0,98.6,0.22,0.0,79.17,253.05,220.8,626.75,870.0,100.0,252.77,0.58,9.81,5.8,7.4,0.0,0.0,0.0,5.501403279166819,5517.4,1.883272533333333,1.6340000000000001,51.76,2.84,0.12,0.39,0.21,0.34,20.0,0.84,70,0,418583264,14336,79331560,102405,224,37908,12043,0,2,3,16.0,11543.0,7.0,5331.0,72.77,68.44,60.64,0.12936751877903852,2.2784,big_data
2.39,0.0,0.16,34.69,0.11,0.07,0.0,0.0,0.0,408.4,1.0,101.51,0.2,0.0,0.0,254.52,205.6,616.33,1057.4,100.08,253.0,0.71,12.43,7.2,9.0,0.0,0.0,0.0,5.507525080030186,5268.36,1.79826688,1.7109999999999999,52.55,2.43,0.1,0.34,0.19,0.32,17.71,0.78,69,0,418079552,14348,79850456,103628,254,38320,13600,0,2,1,14.0,14082.4,5.0,5331.0,73.19,68.6,60.73,0.12936751877903852,2.2784,big_data
2.5,0.0,0.13,32.68,0.11,0.1,0.0,0.0,0.0,410.78,0.8,102.35,0.2,0.0,0.0,255.13,256.0,612.82,1144.0,99.96,252.59,0.6,9.86,6.0,7.8,0.0,0.0,0.0,5.50879280990925,5818.82,1.9861572266666665,1.7109999999999999,52.65,2.58,0.11,0.35,0.19,0.33,18.17,0.77,69,0,417553056,14356,80374632,104489,213,38473,14895,0,2,2,16.2,14881.2,3.0,5331.0,73.17,68.67,60.8,0.12948885391201456,2.2784,big_data
3.26,0.0,0.17,32.15,0.11,0.08,0.0,0.0,0.0,398.8,1.6,99.27,0.36,0.0,66.67,254.9,232.5,634.97,719.62,100.04,253.04,1.34,12.69,10.0,12.8,0.0,0.0,0.0,5.507998204099886,6075.04,2.0736136533333336,1.734,51.29,2.13,0.1,0.34,0.18,0.31,16.38,0.66,70,0,417052384,14368,80887344,102234,426,38853,17473,0,3,84,21.6,17415.0,4.0,5337.0,73.4,68.79,60.88,0.12936751877903852,2.2784,big_data
2.39,0.0,0.13,32.46,0.12,0.1,0.0,0.0,0.0,402.8,0.6,100.02,0.15,0.0,0.0,254.28,256.0,617.19,1448.67,99.92,252.54,0.59,10.01,6.0,7.8,0.0,0.0,0.0,5.495798578648858,6204.54,2.11781632,1.689,52.94,2.85,0.11,0.4,0.2,0.34,19.09,0.8,69,0,416592384,14376,81392312,101111,208,38545,13333,0,2,2,9.6,13357.8,2.0,5337.0,73.61,68.91,60.96,0.12951312093860975,2.2784,big_data
2.24,0.0,0.14,30.72,0.11,0.08,0.0,0.0,0.0,382.8,1.0,95.05,0.2,0.0,0.0,254.25,205.6,657.43,1001.4,100.0,252.8,0.97,12.51,8.8,11.6,0.0,0.0,0.0,5.4948439901813115,5370.76,1.8332194133333333,1.6680000000000001,51.89,2.54,0.11,0.37,0.19,0.32,17.88,0.77,65,0,416110976,14388,81886208,97786,209,38203,12908,0,2,1,21.0,12910.6,4.0,5336.0,73.48,68.96,61.02,0.1296344560715858,2.2784,big_data
2.12,0.0,0.14,32.45,0.11,0.09,0.0,0.0,0.0,411.4,0.8,102.42,0.2,0.0,0.0,254.93,256.0,611.11,1282.5,100.0,252.65,0.58,9.81,5.8,7.4,0.0,0.0,0.0,5.489613088006878,6010.34,2.0515293866666666,1.702,52.73,2.8,0.11,0.41,0.2,0.34,19.48,0.86,61,0,415631136,14396,82406048,104146,208,38380,13218,0,2,3,16.0,13198.4,3.0,5336.0,73.68,69.08,61.1,0.12948885391201456,2.2784,big_data
2.89,0.0,0.19,31.15,0.1,0.07,0.0,0.0,0.0,414.54,1.2,102.92,0.26,0.0,71.43,254.23,224.0,609.9,892.5,99.92,252.52,3.37,13.73,10.4,13.2,0.0,0.0,0.0,5.486554462210144,6580.76,2.2462327466666667,1.635,47.49,2.61,0.13,0.53,0.2,0.32,18.67,0.76,70,0,415089280,14412,82944000,106977,222,39198,15332,0,3,2,14.6,15337.2,3.0,5338.0,73.71,69.16,61.17,0.12948885391201456,2.2528,big_data
3.17,0.0,0.17,31.33,0.12,0.1,0.0,0.0,0.0,412.42,1.2,101.5,0.25,0.0,0.0,252.02,214.0,614.94,876.5,100.2,253.48,5.67,12.29,11.0,14.6,0.0,0.0,0.0,5.487879816174619,7103.0,2.424490666666667,1.693,46.09,2.25,0.11,0.49,0.18,0.31,17.33,0.68,64,0,414542560,14444,83458944,103412,251,40271,18109,0,3,3,17.0,18116.0,5.0,5342.0,73.49,69.19,61.22,0.129658723098181,2.2272,big_data
2.56,0.0,0.14,28.24,0.11,0.09,0.0,0.0,0.0,406.19,0.8,101.05,0.2,0.0,0.0,254.75,256.0,622.92,1261.25,99.88,252.34,1.4,12.69,9.6,12.6,0.0,0.0,0.0,5.489625219393281,5588.68,1.9076027733333332,1.663,52.36,2.57,0.1,0.41,0.2,0.33,18.67,0.72,56,0,414043552,14452,83968416,101212,209,38509,15360,0,3,1,21.2,15362.4,3.0,5345.0,73.45,69.26,61.29,0.1296829901247762,2.2272,big_data
2.67,0.0,0.1,28.99,0.1,0.08,0.0,0.0,0.0,411.65,1.61,102.55,0.4,0.0,82.22,255.09,256.0,613.6,664.62,100.08,252.93,0.76,10.14,6.8,9.4,0.0,0.0,0.0,5.485058510624384,5725.7,1.9543722666666663,1.745,51.13,2.37,0.11,0.4,0.19,0.32,17.46,0.72,70,0,413523648,14464,84511360,108449,443,38741,14860,0,3,4,9.8,14841.2,5.0,5342.0,73.49,69.34,61.35,0.1297072571513714,2.2272,big_data
3.16,0.0,0.2,29.89,0.12,0.09,0.0,0.0,0.0,401.0,2.0,99.15,0.43,0.0,0.0,253.19,220.4,613.67,532.6,99.92,252.62,3.95,13.99,12.8,17.0,0.0,0.0,0.0,5.487443086264127,7236.9,2.4701952,1.735,50.19,2.54,0.1,0.45,0.19,0.33,18.14,0.77,64,0,413023392,14480,85002704,98066,414,39593,17062,0,3,1,23.4,17065.0,4.0,5346.0,73.45,69.4,61.42,0.1297557912045618,2.2272,big_data
2.25,0.0,0.13,26.6,0.11,0.1,0.0,0.0,0.0,396.41,0.8,97.95,0.2,0.0,0.0,253.03,256.0,638.38,1194.0,100.04,252.91,1.02,10.14,8.0,10.6,0.0,0.0,0.0,5.4918566362796915,5717.64,1.95162112,1.7280000000000002,48.09,2.36,0.11,0.46,0.19,0.33,18.95,0.77,58,0,412504928,14488,85517776,102506,208,38767,14601,0,2,72,16.6,13824.2,7.0,5348.0,73.58,69.49,61.49,0.1297315241779666,2.2272,big_data
2.96,0.0,0.13,27.01,0.1,0.08,0.0,0.0,0.0,415.2,1.2,103.28,0.27,0.0,81.82,254.73,232.0,613.9,819.83,100.0,252.73,3.84,14.13,13.0,17.4,0.0,0.0,0.0,5.490607103480233,5675.440000000001,1.9372168533333332,1.614,46.62,2.53,0.12,0.54,0.2,0.33,19.43,0.76,70,0,411989728,14504,86049056,106127,231,39148,15457,0,3,4,15.6,15840.2,3.0,5351.0,73.61,69.57,61.56,0.1297557912045618,2.2272,big_data
3.09,0.0,0.17,27.4,0.11,0.08,0.0,0.0,0.0,395.39,11.22,97.77,0.34,0.0,69.57,253.2,31.14,623.22,67.54,99.96,252.73,15.19,16.52,16.4,22.0,0.0,0.0,0.0,5.486647722243114,7172.52,2.44822016,1.641,40.81,2.19,0.13,0.67,0.2,0.32,19.53,0.71,69,0,411453088,14564,86546064,98929,362,40950,20113,0,3,2,17.0,20278.8,7.0,5354.0,73.48,69.61,61.61,0.12997419444391867,2.2272,big_data
2.64,0.0,0.14,28.75,0.12,0.09,0.0,0.0,0.0,397.6,1.2,98.39,0.3,0.0,0.0,253.4,256.0,642.58,816.0,100.0,252.69,1.19,12.56,8.8,11.6,0.0,0.0,0.0,5.48847122126174,5548.940000000001,1.894038186666667,1.6969999999999998,51.44,2.52,0.1,0.48,0.2,0.34,19.37,0.7,66,0,410942080,14580,87056816,101740,458,38720,15630,0,3,4,20.8,15671.0,6.0,5354.0,73.44,69.66,61.68,0.12992566039072825,2.2272,big_data
3.06,0.0,0.14,27.96,0.11,0.1,0.0,0.0,0.0,391.8,1.2,97.05,0.28,0.0,84.21,253.66,235.33,644.87,826.83,100.08,252.92,3.95,11.88,13.0,18.0,0.0,0.0,0.0,5.49030230239687,5673.6,1.9365888,1.732,46.22,2.14,0.09,0.51,0.18,0.32,18.0,0.64,70,0,410483456,14600,87546128,98168,236,39294,16211,0,3,0,10.8,16383.2,2.0,5354.0,73.41,69.72,61.74,0.12994992741732345,2.2272,big_data
2.68,0.0,0.17,28.44,0.1,0.08,0.0,0.0,0.0,385.6,1.2,95.23,0.25,0.0,0.0,252.89,214.0,652.51,855.83,99.92,252.54,5.94,14.82,12.8,17.0,0.0,0.0,0.0,5.485367102765998,6459.02,2.2046788266666666,1.725,49.73,2.49,0.09,0.5,0.19,0.33,18.41,0.82,64,0,409987680,14628,88034864,97151,418,39532,16004,0,3,6,21.2,16002.4,5.0,5355.0,73.46,69.79,61.8,0.13004699552370427,2.2272,big_data
4.12,0.0,0.23,27.6,0.12,0.1,0.0,0.0,0.0,407.58,2.4,100.73,0.57,0.0,70.73,253.07,244.67,611.06,373.0,100.12,253.16,17.95,17.88,19.6,26.8,0.0,0.0,0.0,5.486671226804267,8231.26,2.8096034133333334,1.537,38.51,2.12,0.14,0.76,0.2,0.31,19.54,0.68,70,0,409452544,14684,88557400,104033,440,42628,25346,0,4,2,17.4,25178.2,8.0,5358.0,74.06,69.98,61.91,0.12992566039072825,2.2272,big_data
2.59,0.0,0.2,28.7,0.11,0.08,0.0,0.0,0.0,410.82,1.0,101.35,0.2,0.0,0.0,252.62,205.6,618.2,1161.4,99.96,252.69,5.86,14.78,11.0,14.6,0.0,0.0,0.0,5.489359845315724,5536.12,1.8896622933333331,1.5730000000000002,49.58,2.64,0.12,0.51,0.21,0.32,19.97,0.7,67,0,408897920,14712,89077328,104026,213,39533,15882,0,3,3,14.2,16084.4,2.0,5357.0,73.74,69.98,61.95,0.13002272849710908,2.2272,big_data
2.52,0.0,0.15,28.21,0.11,0.09,0.0,0.0,0.0,420.2,1.0,104.46,0.25,0.0,0.0,254.57,256.0,592.38,823.8,100.08,253.06,0.82,10.1,7.6,11.0,0.0,0.0,0.0,5.4938727210574605,6013.219999999998,2.052512426666666,1.704,51.53,2.55,0.1,0.46,0.19,0.33,18.78,0.74,64,0,408416672,14720,89612968,107194,217,39226,15666,0,3,2,16.0,15673.4,4.0,5350.0,73.44,69.98,61.99,0.13011979660348988,2.2272,big_data
2.67,0.0,0.16,29.37,0.11,0.1,0.0,0.0,0.0,418.0,1.0,104.06,0.25,0.0,0.0,254.93,256.0,611.8,1077.8,99.84,252.31,1.17,12.62,9.6,12.6,0.0,0.0,0.0,5.484697601878909,6388.38,2.18056704,1.693,51.07,2.4,0.09,0.42,0.19,0.32,17.63,0.67,71,0,407938912,14732,90137528,104918,414,39368,15670,0,3,2,21.0,15665.2,3.0,5346.0,73.4,70.03,62.05,0.12985285931094265,2.2272,big_data
3.09,0.0,0.16,29.85,0.12,0.08,0.0,0.0,0.0,416.0,1.2,102.8,0.25,0.0,91.43,253.04,214.67,596.45,977.5,100.0,253.0,23.02,20.39,24.6,32.8,0.0,0.0,0.0,5.474556521058059,7155.9,2.4425472000000004,1.541,46.05,2.51,0.14,0.58,0.2,0.3,19.02,0.72,70,0,407428032,14804,90677312,107512,312,41863,21377,0,3,2,12.2,21405.0,4.0,5355.0,73.53,70.11,62.12,0.1297072571513714,2.2272,big_data
2.41,0.0,0.15,27.69,0.1,0.09,0.0,0.0,0.0,389.6,1.2,96.53,0.25,0.0,0.0,253.71,214.0,637.92,897.67,100.0,252.89,0.75,13.44,7.6,9.8,0.0,0.0,0.0,5.4703605777860895,5248.18,1.7913787733333335,1.561,50.64,2.73,0.12,0.46,0.22,0.34,20.85,0.65,66,0,406920608,14824,91167072,97620,215,39211,15026,0,2,1,22.6,14846.8,3.0,5354.0,73.09,70.08,62.15,0.13011979660348988,2.2272,big_data
2.57,0.0,0.12,27.17,0.11,0.08,0.0,0.0,0.0,393.81,0.6,98.3,0.15,0.0,0.0,255.61,256.0,654.33,1877.0,99.96,252.67,1.14,9.92,9.8,14.2,0.0,0.0,0.0,5.4760084963681095,5954.42,2.0324420266666667,1.715,50.66,2.32,0.09,0.41,0.19,0.32,18.02,0.69,65,0,406455904,14832,91675120,101550,208,38800,15230,0,3,3,16.0,15369.4,8.0,5345.0,73.08,70.12,62.21,0.12987712633753784,2.2272,big_data
3.11,0.0,0.14,26.88,0.11,0.1,0.0,0.0,0.0,422.85,1.0,105.14,0.25,0.0,0.0,254.62,256.0,584.15,981.8,100.12,252.97,1.46,15.77,10.6,14.6,0.0,0.0,0.0,5.465345007720301,6390.58,2.181317973333333,1.645,50.18,2.48,0.1,0.45,0.19,0.31,18.21,0.65,63,0,405943552,14880,92212664,106774,222,40544,18812,0,3,2,14.8,18852.2,5.0,5345.0,73.15,70.19,62.28,0.1297315241779666,2.2272,big_data
2.48,0.0,0.16,26.13,0.11,0.09,0.0,0.0,0.0,426.1,0.8,105.81,0.16,0.0,94.81,254.29,203.0,608.15,1089.75,99.92,252.54,1.42,11.21,9.8,13.6,0.0,0.0,0.0,5.4572033310209145,7204.6399999999985,2.4591837866666664,1.69,50.36,2.64,0.11,0.45,0.19,0.32,18.66,0.72,60,0,405471808,14912,92747136,106483,64,39940,16333,0,3,5,16.4,16157.6,8.0,5345.0,72.5,70.1,62.29,0.12982859228434745,2.2272,big_data
2.62,0.0,0.19,26.53,0.11,0.09,0.0,0.0,0.0,433.53,1.81,107.77,0.4,0.0,0.0,254.55,228.0,573.01,614.78,100.0,252.66,0.76,12.12,8.0,10.6,0.0,0.0,0.0,5.45573694968951,6059.9,2.0684458666666665,1.695,50.48,2.51,0.1,0.42,0.19,0.32,17.99,0.67,52,0,404941120,14940,93308912,112140,415,39532,15648,0,3,3,20.8,15828.2,3.0,5338.0,71.58,69.95,62.28,0.1297315241779666,2.2272,big_data
3.62,0.0,0.17,27.27,0.11,0.09,0.0,0.0,0.0,444.2,1.6,110.33,0.4,0.0,87.88,254.34,253.5,572.72,846.88,100.0,252.83,1.5,10.98,10.0,14.6,0.0,0.0,0.0,5.4423332841380345,7230.56,2.4680311466666667,1.735,50.3,2.33,0.1,0.4,0.18,0.31,16.76,0.64,55,0,404461856,14968,93860672,110477,467,40692,18892,0,4,1,10.0,18905.8,4.0,5335.0,70.49,69.75,62.26,0.12948885391201456,2.2272,big_data
2.48,0.0,0.2,28.67,0.1,0.09,0.0,0.0,0.0,427.74,1.2,106.01,0.25,0.0,0.0,253.79,214.0,574.53,788.33,100.04,252.86,0.97,11.91,8.8,11.6,0.0,0.0,0.0,5.428694572975009,6387.92,2.180410026666667,1.7280000000000002,50.92,2.32,0.08,0.37,0.18,0.32,17.62,0.69,50,0,403923456,15000,94410808,109358,463,39839,16439,0,2,6,21.2,16155.2,3.0,5334.0,69.25,69.51,62.22,0.1295859220183954,2.2272,big_data
3.38,0.0,0.17,23.53,0.12,0.1,0.0,0.0,0.0,427.0,1.4,106.17,0.35,0.0,0.0,254.61,256.0,589.05,747.29,100.08,252.95,0.82,8.43,7.2,9.6,0.0,0.0,0.0,5.430883530009012,6999.42,2.38913536,1.819,50.53,2.21,0.09,0.36,0.17,0.31,16.38,0.6,39,0,403423200,15008,94952936,108670,209,40094,19910,0,3,3,15.8,20202.2,4.0,5330.0,68.19,69.28,62.19,0.12941605283222896,2.2272,big_data
3.09,0.0,0.17,24.71,0.11,0.09,0.0,0.0,0.0,459.32,1.0,113.86,0.23,0.0,88.64,253.84,236.8,554.18,1234.6,100.04,253.05,0.81,14.02,8.8,12.2,0.0,0.0,0.0,5.416673885473419,6251.62,2.1338862933333336,1.8419999999999999,50.47,1.96,0.08,0.3,0.16,0.3,16.29,0.58,45,0,402831136,15060,95532432,115476,245,40075,22080,0,3,2,14.4,21890.2,8.0,5323.0,67.13,69.04,62.15,0.12931898472584813,2.2272,big_data
3.03,0.0,0.16,23.16,0.1,0.08,0.0,0.0,0.0,437.8,1.0,108.54,0.2,0.0,0.0,253.87,205.6,576.66,819.0,100.0,252.67,0.62,7.85,6.2,8.2,0.0,0.0,0.0,5.419763597947808,6292.32,2.14777856,1.787,50.78,2.27,0.1,0.38,0.18,0.32,16.91,0.61,38,0,402346656,15072,96084752,110152,210,39489,18456,0,3,4,15.8,18660.0,5.0,5320.0,65.52,68.68,62.07,0.1292947176992529,2.2272,big_data
3.37,0.0,0.2,17.38,0.12,0.1,0.0,0.0,0.0,486.4,1.2,120.81,0.3,0.0,0.0,254.34,256.0,527.73,895.33,100.0,252.91,0.91,8.77,8.0,10.0,0.0,0.0,0.0,5.4061385345944855,7720.1399999999985,2.63514112,1.831,52.16,2.18,0.09,0.39,0.17,0.31,16.46,0.71,26,0,401766208,15080,96706944,123954,414,39913,18660,0,3,5,21.0,18663.4,3.0,5321.0,63.72,68.25,61.96,0.12910058148649128,2.2272,big_data
3.56,0.0,0.16,13.79,0.11,0.1,0.0,0.0,0.0,542.2,0.8,135.19,0.2,0.0,0.0,255.32,256.0,471.86,1452.5,100.0,252.68,0.59,7.97,6.0,7.8,0.0,0.0,0.0,5.40305867887155,7960.7,2.7172522666666667,1.83,50.21,2.23,0.11,0.43,0.18,0.32,16.76,0.8,44,0,401112384,15092,97405832,139458,209,40556,19978,0,4,4,9.4,19984.0,6.0,5312.0,62.38,67.9,61.88,0.12900351338011046,2.2016,big_data
3.0,0.0,0.17,22.43,0.11,0.08,0.0,0.0,0.0,509.38,1.6,125.27,0.33,0.0,83.67,251.82,213.5,477.89,808.88,100.12,253.23,0.81,12.16,8.6,11.8,0.0,0.0,0.0,5.390193343591684,6239.6,2.129783466666667,1.7380000000000002,50.61,2.41,0.1,0.39,0.19,0.33,18.79,0.7,38,0,400445280,15144,98051168,129085,245,39743,18223,0,3,2,22.6,18222.4,3.0,5309.0,60.51,67.42,61.76,0.12902778040670568,2.2016,big_data
2.88,0.0,0.17,21.18,0.11,0.09,0.0,0.0,0.0,470.06,0.6,116.84,0.15,0.0,0.0,254.52,256.0,551.87,1457.67,99.8,252.14,0.58,6.87,5.8,7.4,0.0,0.0,0.0,5.396042946472646,6915.26,2.360408746666667,1.766,52.51,2.47,0.11,0.38,0.18,0.32,17.01,0.68,31,0,399895296,15156,98643448,117939,251,39569,15716,0,3,21,15.6,15692.6,8.0,5309.0,59.34,67.06,61.68,0.1288093771673488,2.2272,big_data
3.39,0.0,0.17,15.82,0.12,0.09,0.0,0.0,0.0,518.07,0.8,128.81,0.2,0.0,0.0,254.59,256.0,482.74,1304.0,100.16,253.15,0.71,8.36,7.2,9.0,0.0,0.0,0.0,5.38457044599412,7494.82,2.558231893333333,1.739,52.08,2.44,0.11,0.34,0.18,0.31,16.51,0.59,25,0,399279072,15164,99301264,131215,210,40079,17064,0,3,1,14.4,16698.2,5.0,5301.0,57.63,66.58,61.55,0.1288093771673488,2.2272,big_data
3.06,0.0,0.15,15.93,0.1,0.09,0.0,0.0,0.0,504.19,1.4,125.2,0.33,0.0,84.09,254.28,241.14,491.92,1181.29,99.96,252.79,0.62,7.5,6.2,8.2,0.0,0.0,0.0,5.380203905100865,6477.26,2.2109047466666665,1.7169999999999999,51.38,2.52,0.12,0.4,0.19,0.33,18.77,0.63,38,0,398655232,15184,99940184,127662,244,39510,15607,0,3,1,15.8,15994.6,6.0,5293.0,56.46,66.19,61.45,0.1287608431141584,2.2016,big_data
2.49,0.0,0.17,18.6,0.12,0.09,0.0,0.0,0.0,435.67,0.8,108.07,0.15,0.0,0.0,254.0,193.0,574.16,1091.5,100.04,252.91,0.7,7.94,7.0,8.6,0.0,0.0,0.0,5.383562782711061,5700.16,1.9456546133333328,1.719,52.74,2.5,0.11,0.37,0.18,0.32,17.9,0.64,35,0,398069824,15196,100497488,110721,209,39104,14430,0,3,3,20.8,14156.8,6.0,5292.0,55.14,65.75,61.33,0.12839683771523033,2.2016,big_data
3.52,0.0,0.13,16.0,0.12,0.1,0.0,0.0,0.0,488.2,0.8,120.83,0.2,0.0,0.0,253.44,256.0,520.43,1449.5,99.92,252.74,0.59,7.07,6.0,7.8,0.0,0.0,0.0,5.374803921728447,7842.18,2.67679744,1.829,54.08,2.34,0.09,0.37,0.17,0.31,16.23,0.68,24,0,397503904,15204,101134512,127365,208,39712,16700,0,3,7,9.2,16943.4,7.0,5287.0,53.77,65.29,61.21,0.12839683771523033,2.2016,big_data
3.53,0.0,0.2,13.27,0.12,0.09,0.0,0.0,30.26,546.0,1.2,135.48,0.3,0.0,0.0,254.1,256.0,463.14,765.0,100.0,253.2,0.72,7.98,7.2,9.0,0.0,0.0,0.0,5.3732412475174725,7186.12,2.4528622933333333,1.7530000000000001,52.92,2.44,0.1,0.44,0.19,0.33,17.88,0.77,38,0,396840256,15216,101817056,136738,414,40381,17588,0,3,1,21.0,17600.4,2.0,5283.0,52.67,64.87,61.09,0.12839683771523033,2.2016,big_data
2.84,0.0,0.14,20.36,0.11,0.09,0.0,0.0,0.0,466.2,1.0,115.13,0.21,0.0,76.19,252.87,218.4,526.35,1057.6,100.0,252.91,0.58,6.87,5.8,7.4,0.0,0.0,0.0,5.370936284100996,6034.12,2.059646293333333,1.771,50.47,2.32,0.1,0.38,0.18,0.32,18.18,0.65,38,0,396226976,15224,102417248,119165,222,39164,15942,0,3,4,15.6,15688.6,4.0,5283.0,51.65,64.46,60.98,0.12820270150246868,2.2016,big_data
2.45,0.0,0.16,16.97,0.12,0.1,0.0,0.0,0.0,479.0,1.0,118.73,0.2,0.0,0.0,253.82,205.6,536.18,946.6,100.0,252.73,0.71,8.13,7.2,9.0,0.0,0.0,0.0,5.375415798530123,6003.1,2.0490581333333333,1.77,52.62,2.41,0.09,0.33,0.18,0.32,17.95,0.62,33,0,395621184,15236,103011320,118615,249,39414,14873,0,2,3,14.4,14937.8,5.0,5275.0,50.56,64.02,60.86,0.1281784344758735,2.2016,big_data
2.99,0.0,0.16,15.55,0.11,0.08,0.0,0.0,33.2,448.9,0.8,111.77,0.2,0.0,0.0,254.96,256.0,553.96,1190.0,100.04,252.86,0.6,6.92,6.0,7.8,0.0,0.0,0.0,5.372674105203156,6609.06,2.25589248,1.798,52.21,2.33,0.09,0.33,0.18,0.32,17.35,0.61,31,0,395060320,15244,103592664,116282,209,39477,16803,0,3,1,15.8,16780.8,4.0,5275.0,49.71,63.62,60.74,0.12812990042268307,2.2016,big_data
2.93,0.0,0.2,15.63,0.12,0.1,0.0,0.0,0.0,482.6,1.2,120.07,0.26,0.0,68.42,254.78,222.67,535.85,861.0,100.0,252.77,0.7,7.94,7.0,8.6,0.0,0.0,0.0,5.368583553350559,6443.42,2.1993540266666667,1.742,51.52,2.26,0.09,0.35,0.18,0.31,16.67,0.58,37,0,394436544,15264,104206288,122244,227,39545,16181,0,3,4,20.8,16380.8,4.0,5279.0,49.34,63.31,60.66,0.12800856528970705,2.2016,big_data
2.59,0.0,0.14,20.28,0.11,0.09,0.0,0.0,0.0,458.52,0.6,113.88,0.15,0.0,0.0,254.33,256.0,526.17,1454.67,99.96,252.62,0.59,7.07,6.0,7.8,0.0,0.0,0.0,5.372180509418904,5836.42,1.9921646933333328,1.781,52.87,2.44,0.1,0.37,0.18,0.33,18.19,0.61,38,0,393841760,15272,104802624,118718,208,39310,16213,0,3,6,9.4,16220.2,5.0,5274.0,48.75,62.96,60.56,0.12798429826311186,2.2016,big_data
3.89,0.0,0.19,18.31,0.11,0.1,0.0,0.0,0.0,478.24,1.0,118.89,0.2,0.0,0.0,254.57,205.6,546.89,1167.0,100.12,253.08,0.72,7.98,7.2,9.0,0.0,0.0,0.0,5.3709802603767045,8342.9,2.8477098666666665,1.8630000000000002,51.92,2.23,0.09,0.36,0.17,0.31,16.08,0.68,25,0,393313696,15284,105385312,116464,209,40721,19790,0,4,4,22.6,19799.2,6.0,5268.0,48.13,62.59,60.45,0.12810563339608788,2.2016,big_data
4.82,0.0,0.22,12.13,0.11,0.1,0.0,0.0,44.178,593.6,1.2,147.16,0.3,0.0,0.0,253.87,256.0,427.36,765.17,99.84,244.64,0.58,6.87,5.8,7.4,0.0,0.0,0.0,5.356592436103326,8875.18,3.0293947733333333,1.925,52.74,1.84,0.07,0.32,0.15,0.29,13.96,0.61,37,0,392600992,15296,106152544,153261,414,42017,27256,0,5,5,14.6,26698.2,9.0,5269.0,47.64,62.25,60.35,0.1278386961035406,2.2016,big_data
2.47,0.0,0.16,20.66,0.12,0.09,0.0,0.0,0.0,466.53,1.2,114.67,0.26,0.0,72.73,251.69,224.67,497.27,1149.33,100.12,251.33,0.71,8.13,7.2,9.0,0.0,0.0,0.0,5.3508239618689295,5246.02,1.7906414933333332,1.758,50.5,2.24,0.09,0.37,0.19,0.33,18.96,0.57,38,0,391941440,15308,106745840,118051,16,38748,14397,0,2,3,15.4,14914.4,2.0,5268.0,47.27,61.93,60.26,0.1278386961035406,2.2016,big_data
2.99,0.0,0.14,20.68,0.12,0.09,0.0,0.0,0.0,480.24,0.99,119.82,0.2,0.0,0.0,255.49,205.6,538.88,795.6,99.92,252.68,0.6,6.92,6.0,7.8,0.0,0.0,0.0,5.3617710216738965,6165.32,2.104429226666667,1.798,53.06,2.2,0.09,0.36,0.17,0.31,16.35,0.59,34,0,391325024,15324,107366832,124116,459,39450,17676,0,3,5,16.4,16813.2,8.0,5268.0,46.52,61.53,60.14,0.12796003123651664,2.2016,big_data
3.31,0.0,0.19,18.73,0.11,0.09,0.0,0.0,0.0,477.02,0.81,118.82,0.2,0.0,0.0,255.06,256.0,520.05,1328.5,99.92,252.58,0.7,7.94,7.0,8.6,0.0,0.0,0.0,5.35560448632317,6487.3,2.214331733333333,1.742,53.16,2.45,0.09,0.35,0.18,0.32,17.42,0.63,31,0,390721056,15332,107976384,121950,3,39763,17089,0,3,3,19.6,17914.4,4.0,5268.0,46.16,61.21,60.04,0.1278386961035406,2.2016,big_data
2.95,0.0,0.14,18.4,0.11,0.09,0.0,0.0,0.0,489.58,1.0,121.82,0.25,0.0,0.0,254.79,256.0,521.19,1005.6,100.2,253.3,0.59,7.07,6.0,7.8,0.0,0.0,0.0,5.357008694299259,6684.08,2.281499306666667,1.8969999999999998,53.55,2.04,0.08,0.31,0.16,0.3,15.52,0.57,38,0,390124544,15344,108601872,124334,418,39680,18486,0,3,3,10.4,18496.0,5.0,5268.0,45.67,60.86,59.93,0.1278386961035406,2.2016,big_data
3.1,0.0,0.18,20.56,0.13,0.07,0.0,0.0,0.0,461.4,1.8,114.85,0.36,0.0,64.0,254.89,207.11,530.25,640.0,99.92,252.48,0.72,7.98,7.2,9.0,0.0,0.0,0.0,5.3530212592310855,6400.64,2.184751786666667,1.712,52.96,2.54,0.11,0.41,0.19,0.32,18.22,0.63,36,0,389543712,15356,109191176,118246,222,39783,18144,0,3,4,21.0,17878.4,3.0,5268.0,45.29,60.53,59.83,0.12796003123651664,2.2016,big_data
3.93,0.0,0.19,18.29,0.12,0.1,0.0,0.0,0.0,473.75,0.6,117.77,0.15,0.0,0.0,254.56,256.0,542.74,1403.0,100.12,253.16,0.58,6.87,5.8,7.4,0.0,0.0,0.0,5.3564741550859,8632.42,2.9465326933333333,1.876,52.37,2.12,0.09,0.35,0.16,0.31,14.99,0.65,26,0,389016800,15364,109787496,118470,208,40787,19696,0,4,4,14.4,19941.4,8.0,5268.0,44.95,60.2,59.73,0.1278386961035406,2.2016,big_data
3.94,0.0,0.2,14.06,0.1,0.11,0.0,0.0,44.41250000000001,562.4,1.6,138.99,0.36,0.0,46.67,253.07,228.0,449.64,713.88,99.92,251.82,0.71,8.13,7.2,9.0,0.0,0.0,0.0,5.339282464130238,7535.039999999999,2.57196032,1.7069999999999999,52.83,2.42,0.1,0.35,0.18,0.31,17.36,0.68,38,0,388261760,15376,110498344,142062,419,40603,17988,0,4,3,15.6,17991.6,4.0,5268.0,44.79,59.92,59.64,0.1278386961035406,2.2016,big_data
2.08,0.0,0.15,22.11,0.13,0.08,0.0,0.0,0.0,480.08,0.8,118.86,0.2,0.0,0.0,253.52,256.0,520.52,1452.5,100.0,252.62,0.6,6.92,6.0,7.8,0.0,0.0,0.0,5.3468198461444505,5131.88,1.7516817066666666,1.7380000000000002,54.18,2.56,0.1,0.37,0.19,0.33,19.19,0.64,37,0,387636480,15388,111121968,123997,209,39287,16295,0,2,2,15.8,16119.0,4.0,5268.0,44.73,59.65,59.56,0.12796003123651664,2.2016,big_data
2.73,0.0,0.17,19.96,0.11,0.1,0.0,0.0,0.0,464.0,0.8,115.68,0.15,0.0,0.0,255.3,193.0,538.19,1018.75,100.0,252.74,0.7,7.94,7.0,8.6,0.0,0.0,0.0,5.349719247494651,6088.4,2.0781738666666665,1.7469999999999999,53.49,2.3,0.09,0.35,0.18,0.31,16.89,0.59,35,0,387043424,15396,111711056,117494,250,39562,17594,0,3,3,19.6,17318.4,5.0,5268.0,44.27,59.31,59.45,0.1278386961035406,2.2016,big_data
2.75,0.0,0.14,18.44,0.13,0.08,0.0,0.0,0.0,469.94,0.8,117.08,0.2,0.0,0.0,255.12,256.0,540.9,1410.25,100.04,252.61,0.59,7.07,6.0,7.8,0.0,0.0,0.0,5.344057681102928,6458.88,2.20463104,1.8090000000000002,53.79,2.4,0.09,0.36,0.18,0.32,17.32,0.64,35,0,386474688,15404,112304688,118735,208,39502,16219,0,3,4,10.6,16485.4,4.0,5268.0,44.17,59.04,59.36,0.1278386961035406,2.2016,big_data
3.13,0.0,0.15,17.63,0.12,0.1,0.0,0.0,0.0,497.8,0.6,123.94,0.15,0.0,0.0,254.94,256.0,508.02,1453.33,99.96,252.64,0.72,7.98,7.2,9.0,0.0,0.0,0.0,5.344208565221308,6930.92,2.3657540266666666,1.8,53.77,2.38,0.09,0.36,0.17,0.31,16.85,0.63,35,0,385841504,15412,112954400,129583,4,40141,17394,0,3,2,22.6,17200.0,4.0,5268.0,44.15,58.79,59.27,0.12796003123651664,2.2016,big_data
2.85,0.0,0.16,22.0,0.1,0.08,0.0,0.0,0.0,473.8,1.2,118.16,0.27,0.0,76.0,255.38,226.67,525.66,927.67,100.08,252.98,0.58,6.87,5.8,7.4,0.0,0.0,0.0,5.3407859978325005,6660.24,2.27336192,1.8259999999999998,53.37,2.31,0.09,0.35,0.18,0.33,17.38,0.63,38,0,385211904,15424,113555840,120362,429,39442,16302,0,3,18,14.4,16458.6,8.0,5268.0,43.98,58.51,59.18,0.1278386961035406,2.2016,big_data
4.38,0.0,0.2,20.98,0.12,0.11,0.0,0.0,0.0,492.8,0.8,122.2,0.15,0.0,0.0,253.93,193.0,528.27,1086.0,99.92,252.67,0.71,8.13,7.2,9.0,0.0,0.0,0.0,5.342060551616414,9136.06,3.118441813333334,1.834,53.27,2.25,0.09,0.33,0.16,0.3,14.9,0.64,19,0,384710432,15436,114172480,122511,4,41281,21481,0,4,4,15.6,21493.8,8.0,5268.0,43.58,58.18,59.07,0.1278386961035406,2.2016,big_data
3.62,0.0,0.18,17.35,0.11,0.09,0.0,0.0,41.90000000000001,546.22,4.18,134.28,0.95,0.0,22.22,251.74,233.14,375.84,550.81,99.92,218.48,0.6,6.92,6.0,7.8,0.0,0.0,0.0,5.321804927382469,6927.6,2.3646208,1.8359999999999999,53.6,2.27,0.09,0.3,0.18,0.32,17.45,0.61,37,0,384006400,15452,114866888,138317,1034,40464,19246,0,4,2,15.8,19451.4,3.0,5267.0,43.3,57.88,58.97,0.12796003123651664,2.2016,big_data
1.68,0.0,0.13,25.99,0.12,0.09,0.0,0.0,0.0,443.89,1.8,110.14,0.41,0.0,60.87,254.07,234.22,564.71,1060.22,100.2,253.23,0.7,7.94,7.0,8.6,0.0,0.0,0.0,5.328803979125068,4587.58,1.5658939733333332,1.7,53.01,2.59,0.1,0.37,0.2,0.34,20.0,0.63,38,0,383397216,15464,115432632,113679,425,37958,11837,0,2,2,19.6,11806.0,3.0,5267.0,42.95,57.57,58.86,0.1278144290769454,2.2016,big_data
3.01,0.0,0.16,24.92,0.11,0.08,0.0,0.0,0.0,476.6,0.6,118.55,0.15,0.0,86.36,254.71,256.0,535.06,1458.33,99.84,252.45,0.59,7.07,6.0,7.8,0.0,0.0,0.0,5.333943137689833,6096.16,2.0808226133333334,1.848,51.87,2.17,0.09,0.34,0.17,0.32,16.81,0.56,38,0,382802240,15476,116046096,122061,94,39693,17590,0,3,1,10.4,17603.6,5.0,5267.0,42.79,57.29,58.77,0.1278144290769454,2.2016,big_data
2.64,0.0,0.16,23.89,0.11,0.1,0.0,0.0,0.0,434.0,8.2,107.99,0.2,0.0,79.08,254.79,25.17,564.38,172.71,100.0,252.58,0.72,7.98,7.2,9.0,0.0,0.0,0.0,5.329361264687933,6028.16,2.057611946666667,1.788,52.57,2.28,0.1,0.35,0.18,0.32,17.09,0.6,36,0,382255840,15492,116604568,111584,159,38773,15058,0,3,2,21.0,15040.6,3.0,5267.0,42.49,56.99,58.66,0.12793576420992145,2.2016,big_data
2.92,0.0,0.15,22.28,0.12,0.08,0.0,0.0,0.0,462.93,3.61,115.57,0.06,0.0,74.65,255.65,16.0,545.19,341.56,100.04,252.76,0.58,6.87,5.8,7.4,0.0,0.0,0.0,5.329786621423672,6691.339999999998,2.2839773866666664,1.776,51.81,2.45,0.1,0.39,0.19,0.33,18.2,0.65,37,0,381652384,15508,117197616,117868,61,39800,18427,0,3,2,14.4,18219.6,4.0,5267.0,42.05,56.66,58.54,0.1278144290769454,2.2016,big_data
2.85,0.0,0.15,21.99,0.1,0.1,0.0,0.0,0.0,451.39,2.39,112.52,0.07,0.0,52.0,255.26,29.33,569.6,638.08,99.92,252.48,0.71,8.13,7.2,9.0,0.0,0.0,0.0,5.3331333676474655,6420.4,2.191496533333333,1.788,52.58,2.35,0.09,0.36,0.18,0.32,17.49,0.64,37,0,381074304,15516,117771704,115088,226,39658,17944,0,3,2,15.6,16290.0,4.0,5267.0,41.89,56.38,58.44,0.1278144290769454,2.2016,big_data
4.04,0.0,0.16,18.93,0.12,0.09,0.0,0.0,0.0,489.98,0.8,121.97,0.2,0.0,0.0,254.91,256.0,512.55,1541.5,100.12,253.04,0.6,6.92,6.0,7.8,0.0,0.0,0.0,5.3339112928005274,8115.92,2.7702340266666665,1.875,52.91,2.13,0.09,0.33,0.16,0.3,14.92,0.62,27,0,380513664,15524,118380336,121870,209,41125,21432,0,4,3,15.8,23303.2,8.0,5267.0,41.57,56.08,58.33,0.12793576420992145,2.2016,big_data
3.56,0.0,0.22,16.62,0.13,0.09,0.0,0.0,34.47000000000001,541.28,2.0,133.09,0.45,0.0,23.08,251.78,232.0,462.67,631.3,99.96,251.81,0.7,7.94,7.0,8.6,0.0,0.0,0.0,5.320581173779115,8176.019999999998,2.79074816,1.7730000000000001,52.67,2.48,0.09,0.36,0.19,0.33,18.24,0.73,38,0,379813824,15540,119079128,138822,627,40863,20455,0,3,1,19.6,20239.0,6.0,5268.0,41.29,55.77,58.22,0.1278144290769454,2.2016,big_data
2.14,0.0,0.12,21.11,0.09,0.09,0.0,0.0,0.0,458.0,1.6,113.64,0.35,0.0,0.0,254.08,224.5,540.69,1077.0,100.0,252.6,0.59,7.07,6.0,7.8,0.0,0.0,0.0,5.32079498946446,4955.76,1.69156608,1.881,52.91,2.01,0.08,0.32,0.17,0.31,16.85,0.54,37,0,379208096,15552,119664336,116781,209,38530,14599,0,2,20,10.6,14754.4,4.0,5267.0,41.35,55.55,58.14,0.1278144290769454,2.2016,big_data
2.57,0.0,0.15,22.36,0.12,0.09,0.0,0.0,0.0,466.4,0.6,116.4,0.15,0.0,0.0,255.57,256.0,542.49,1896.33,100.0,252.66,0.72,7.98,7.2,9.0,0.0,0.0,0.0,5.32359506508849,5999.84,2.0479453866666666,1.806,53.06,2.48,0.1,0.35,0.18,0.33,18.28,0.66,36,0,378648640,15560,120255800,117546,250,39285,16953,0,3,2,22.2,16965.6,6.0,5267.0,41.24,55.29,58.04,0.12793576420992145,2.2016,big_data
3.0,0.0,0.15,21.34,0.11,0.1,0.0,0.0,0.0,458.8,0.4,114.28,0.1,0.0,0.0,255.05,256.0,553.74,1691.5,100.0,252.7,0.58,6.87,5.8,7.4,0.0,0.0,0.0,5.325503483811935,6700.4,2.2870698666666667,1.801,53.07,2.47,0.11,0.39,0.18,0.33,18.1,0.66,33,0,378060608,15568,120846832,118282,3,39976,17004,0,3,2,14.8,16810.2,6.0,5267.0,41.14,55.03,57.94,0.1278144290769454,2.2016,big_data
3.26,0.0,0.17,23.71,0.11,0.08,0.0,0.0,0.0,485.0,0.8,120.65,0.17,0.0,84.62,254.74,215.0,516.89,1328.25,100.0,252.78,0.71,8.13,7.2,9.0,0.0,0.0,0.0,5.318185983176268,6556.3,2.2378837333333337,1.804,52.37,2.35,0.1,0.35,0.18,0.32,17.27,0.63,38,0,377441120,15588,121476440,125418,230,39865,17614,0,3,4,15.2,17407.6,3.0,5267.0,41.21,54.82,57.86,0.1278144290769454,2.2016,big_data
2.65,0.0,0.14,22.71,0.11,0.09,0.0,0.0,0.0,460.8,1.0,115.0,0.2,0.0,0.0,255.55,205.6,547.25,1028.2,100.0,252.71,0.6,6.92,6.0,7.8,0.0,0.0,0.0,5.318609823488707,6246.92,2.1322820266666667,1.729,52.85,2.58,0.11,0.41,0.19,0.32,17.98,0.69,37,0,376861152,15600,122057632,116582,210,39848,16090,0,3,4,16.2,16274.2,6.0,5267.0,41.27,54.6,57.77,0.12793576420992145,2.2016,big_data
4.34,0.0,0.23,18.03,0.12,0.1,0.0,0.0,30.26,519.76,1.0,128.39,0.25,0.0,0.0,252.95,256.0,500.63,1114.2,99.96,250.34,0.7,7.94,7.0,8.6,0.0,0.0,0.0,5.316392054411997,9993.72,3.41118976,1.791,52.83,2.5,0.1,0.39,0.18,0.32,16.65,0.76,9,0,376341152,15608,122674544,122857,208,42229,21261,0,4,6,19.2,21467.4,5.0,5267.0,41.49,54.43,57.7,0.1278144290769454,2.2016,big_data
2.4,0.0,0.12,19.66,0.12,0.08,0.0,0.0,0.0,488.98,4.01,120.39,0.91,0.0,23.08,252.11,232.0,436.35,1266.2,100.04,231.34,0.59,7.07,6.0,7.8,0.0,0.0,0.0,5.300656888036288,5006.36,1.7088375466666663,1.719,53.45,2.45,0.09,0.35,0.19,0.33,19.96,0.6,37,0,375608960,15624,123329528,130891,1034,39102,15212,0,2,3,10.8,15216.0,4.0,5267.0,41.53,54.22,57.61,0.1278144290769454,2.2016,big_data
2.41,0.0,0.16,22.37,0.09,0.09,0.0,0.0,0.0,460.4,1.0,114.66,0.21,0.0,72.22,255.03,216.0,554.23,1011.6,100.08,252.97,0.72,7.98,7.2,9.0,0.0,0.0,0.0,5.315806715018076,5641.82,1.9257412266666667,1.841,53.5,2.26,0.09,0.35,0.17,0.32,16.69,0.64,38,0,375040576,15636,123909712,115781,219,39230,17604,0,2,2,20.6,17392.8,6.0,5267.0,41.41,53.98,57.52,0.12793576420992145,2.2016,big_data
2.94,0.0,0.15,21.84,0.12,0.1,0.0,0.0,0.0,493.23,1.0,122.45,0.25,0.0,0.0,254.22,256.0,515.06,1240.4,100.0,252.65,0.58,6.87,5.8,7.4,0.0,0.0,0.0,5.310695610284369,6539.940000000001,2.23229952,1.723,53.7,2.57,0.11,0.4,0.19,0.32,18.11,0.67,37,0,374405280,15652,124546296,126594,251,40212,17518,0,3,3,14.8,17455.0,45.0,5268.0,41.21,53.74,57.42,0.1278144290769454,2.176,big_data
2.96,0.0,0.16,20.12,0.11,0.09,0.0,0.0,0.0,453.11,0.8,112.82,0.15,0.0,0.0,254.96,193.0,541.23,1090.75,100.04,252.74,0.71,8.13,7.2,9.0,0.0,0.0,0.0,5.309577248100386,6517.02,2.22447616,1.8259999999999998,53.17,2.16,0.09,0.33,0.17,0.31,16.08,0.59,35,0,373822144,15660,125127568,116172,214,39770,16295,0,3,2,15.2,16393.0,4.0,5267.0,41.04,53.49,57.32,0.1278144290769454,2.176,big_data
3.22,0.0,0.16,18.89,0.12,0.09,0.0,0.0,0.0,493.59,0.8,122.99,0.2,0.0,0.0,255.15,256.0,520.06,1222.5,99.96,252.55,0.6,6.92,6.0,7.8,0.0,0.0,0.0,5.306449625043488,7137.3,2.4361984,1.817,54.17,2.41,0.11,0.38,0.18,0.32,17.43,0.64,34,0,373218976,15668,125761248,126437,208,39938,18119,0,3,3,16.6,18321.8,6.0,5268.0,41.19,53.32,57.24,0.12798429826311186,2.176,big_data
3.19,0.0,0.2,18.64,0.11,0.09,0.0,0.0,0.0,460.88,1.0,114.75,0.21,0.0,61.54,254.95,212.0,548.29,990.0,100.04,253.07,0.7,7.94,7.0,8.6,0.0,0.0,0.0,5.3069053102452335,7170.5,2.4475306666666663,1.819,53.35,2.35,0.11,0.37,0.17,0.31,16.22,0.67,38,0,372678496,15688,126336712,114776,227,40700,18848,0,3,4,19.2,18279.4,6.0,5269.0,41.26,53.13,57.16,0.1278386961035406,2.176,big_data
3.45,0.0,0.15,19.62,0.1,0.1,0.0,0.0,0.0,476.6,1.0,117.41,0.25,0.0,0.0,252.27,256.0,511.51,1096.4,100.0,252.82,0.59,7.07,6.0,7.8,0.0,0.0,0.0,5.296674760449664,6916.2,2.3607296000000004,1.746,53.99,2.44,0.09,0.34,0.18,0.32,17.77,0.63,37,0,372069920,15708,126950896,122544,216,40451,18773,0,3,3,11.0,18997.2,5.0,5268.0,41.16,52.91,57.07,0.1278386961035406,2.176,big_data
2.51,0.0,0.16,20.15,0.12,0.09,0.0,0.0,0.0,478.16,1.6,118.72,0.35,0.0,0.0,254.26,224.5,532.17,574.62,100.12,253.22,0.72,7.98,7.2,9.0,0.0,0.0,0.0,5.301710802230007,5751.38,1.9631377066666664,1.7730000000000001,53.08,2.62,0.09,0.37,0.19,0.34,19.03,0.69,35,0,371451744,15716,127555768,120417,416,39498,15466,0,2,1,22.2,15826.8,3.0,5268.0,41.15,52.71,56.98,0.12796003123651664,2.176,big_data
2.77,0.0,0.15,17.3,0.1,0.08,0.0,0.0,0.0,473.2,1.2,117.35,0.27,0.0,76.92,253.94,227.33,537.3,833.33,99.92,252.6,0.58,6.87,5.8,7.4,0.0,0.0,0.0,5.300176181850087,6523.26,2.2266060800000003,1.709,53.43,2.55,0.11,0.4,0.19,0.32,17.61,0.64,38,0,370837536,15728,128166776,122564,225,40250,16954,0,3,6,14.8,16737.6,3.0,5269.0,41.21,52.53,56.9,0.1278386961035406,2.2016,big_data
3.23,0.0,0.15,20.06,0.12,0.1,0.0,0.0,0.0,496.4,1.0,123.45,0.2,0.0,0.0,254.65,205.6,506.68,995.8,100.0,252.67,0.71,8.13,7.2,9.0,0.0,0.0,0.0,5.2987674246040966,6236.3,2.128657066666667,1.876,53.42,2.02,0.08,0.31,0.16,0.3,15.26,0.57,37,0,370223488,15740,128795920,125232,249,40228,18240,0,3,2,15.2,18247.4,4.0,5268.0,41.44,52.39,56.83,0.1278386961035406,2.2016,big_data
3.28,0.0,0.17,18.94,0.11,0.1,0.0,0.0,0.0,462.87,0.6,115.52,0.15,0.0,0.0,255.57,256.0,545.9,1458.33,99.96,252.65,0.6,6.92,6.0,7.8,0.0,0.0,0.0,5.3009662383895515,6488.52,2.21474816,1.828,52.42,2.08,0.09,0.32,0.17,0.31,15.86,0.59,36,0,369647872,15748,129391008,118531,209,40063,19720,0,3,1,16.2,19923.6,5.0,5268.0,41.16,52.15,56.73,0.12796003123651664,2.2016,big_data
2.9,0.0,0.16,19.18,0.11,0.1,0.0,0.0,0.0,441.68,0.8,109.92,0.2,0.0,0.0,254.84,256.0,571.16,1408.25,100.12,252.95,0.68,7.72,6.8,8.2,0.0,0.0,0.0,5.297040218465039,7231.8600000000015,2.4684748800000005,1.831,52.73,2.37,0.1,0.37,0.17,0.32,16.95,0.69,27,0,369099072,15756,129949216,111944,208,40232,20244,0,3,7,19.2,19959.0,5.0,5269.0,41.07,51.95,56.64,0.1278386961035406,2.2016,big_data
4.15,0.0,0.21,17.15,0.13,0.09,0.0,0.0,0.0,523.4,1.2,128.78,0.26,0.0,60.0,251.96,220.0,476.94,760.5,100.0,252.81,2.57,8.42,14.4,19.8,0.0,0.0,0.0,5.2868991376441885,7818.5,2.668714666666667,1.796,52.34,2.22,0.09,0.31,0.17,0.31,16.91,0.64,38,0,368470240,15768,130614176,132225,217,41881,23604,0,4,4,14.0,23887.6,2.0,5284.0,40.9,51.74,56.54,0.12798429826311186,2.2016,big_data
2.53,0.0,0.18,20.42,0.11,0.1,0.0,0.0,0.0,465.0,1.2,115.19,0.25,0.0,0.0,253.67,214.0,545.59,790.5,100.0,252.87,1.28,8.35,9.4,12.2,0.0,0.0,0.0,5.288277566424174,6126.2,2.0910762666666667,1.8319999999999999,53.17,2.33,0.09,0.36,0.18,0.33,17.91,0.66,33,0,367866848,15780,131202576,117669,414,39945,16545,0,3,3,21.4,16138.6,4.0,5288.0,40.91,51.56,56.46,0.12834830366203992,2.2016,big_data
3.93,0.0,0.2,15.1,0.11,0.09,0.0,0.0,0.0,526.8,1.0,130.75,0.25,0.0,0.0,254.15,256.0,493.12,763.2,100.0,253.09,1.43,7.55,10.2,14.4,0.0,0.0,0.0,5.289285987918883,8574.74,2.926844586666667,1.827,53.75,2.25,0.09,0.29,0.16,0.3,15.32,0.6,18,0,367235488,15788,131862928,131534,208,41626,21858,0,4,3,15.2,21665.4,10.0,5291.0,40.84,51.36,56.37,0.12832403663544473,2.2016,big_data
4.5,0.0,0.23,12.32,0.12,0.1,0.0,0.0,34.608571428571445,609.96,1.99,150.71,0.46,0.0,61.54,253.02,237.2,401.71,564.5,100.0,247.01,2.24,15.61,15.6,22.8,0.0,0.0,0.0,5.2774851817958375,8740.8,2.9835264,1.882,51.88,2.06,0.08,0.23,0.16,0.3,14.76,0.51,20,0,366533440,15868,132617984,150751,430,41714,26962,0,4,4,17.4,27578.8,7.0,5281.0,39.97,51.01,56.23,0.12815416744927827,2.2016,big_data
3.39,0.0,0.19,11.56,0.1,0.1,0.0,0.0,36.43,595.98,2.81,148.28,0.65,0.0,81.82,254.78,238.0,314.98,382.14,100.08,179.07,0.9,5.91,7.0,9.8,0.0,0.0,0.0,5.272786544199815,8426.16,2.87612928,1.838,53.13,2.45,0.08,0.3,0.17,0.31,16.68,0.6,18,0,365821568,15880,133346976,145302,716,40344,17502,0,3,3,16.2,17315.2,4.0,5278.0,38.85,50.59,56.07,0.1282512355556591,2.2016,big_data
