0.12,0.0,0.13,0.4,0.1,0.09,0.0,0.0,0.0,0.0,0.0,0.0,0.0,0.0,0.0,0.0,0.0,0.0,0.0,0.0,0.0,1.35,1.41,5.8,7.6,0.0,0.0,0.0,1.1568338431106178,473.04,0.16146432,0.698,24.27,2.76,0.37,1.65,0.68,0.47,49.18,0.27,1,18944,520488160,10236,344792,7986,39,35553,6813,0,0,0,31.4,6769.4,1.0,2954.0,8.89,90.55,213.32,0.07158772845585512,1.3824,big_data
0.21,0.0,0.16,0.18,0.07,0.05,0.0,0.0,0.0,1.2,0.0,0.0,0.0,0.0,0.0,4.0,0.0,0.83,0.0,0.08,0.0,42794.44,32.67,949.4,470.6,1.4,0.0,0.0,1.1655646502621764,1088.24,0.37145258666666653,0.8340000000000001,23.91,2.81,0.2,1.59,0.48,0.4,37.88,0.67,0,18944,520234112,11184,566912,1379,14,36357,6446,1,0,0,20.2,6452.2,5.0,2960.0,8.26,89.06,212.18,0.07168479656223595,1.5104,big_data
0.66,0.0,0.25,0.18,0.09,0.07,0.0,0.0,0.0,2.0,0.4,0.01,0.05,0.0,96.88,4.0,128.0,0.1,0.5,0.0,0.0,1.39,1.34,4.8,7.2,0.0,0.0,0.0,1.1714840086149525,2378.7,0.8119295999999999,0.922,26.89,3.11,0.37,1.42,0.33,0.31,29.61,1.0,0,18944,519881056,11456,809752,4257,84,37650,11367,0,1,3,57.4,11449.4,2.0,3074.0,7.68,87.6,211.04,0.07168479656223595,1.4848,big_data
2.85,0.0,0.22,0.1,0.11,0.08,0.0,0.0,37.46000000000001,0.2,102.4,0.0,25.6,0.0,0.0,4.0,256.0,0.0,5.06,6.16,0.51,1.2,2.02,8.6,12.8,0.0,0.0,0.0,1.1952979201230851,5895.0,2.0121599999999997,1.141,20.78,1.7,0.28,1.28,0.28,0.32,29.99,1.25,0,18944,519160512,11488,828060,2582,26236,45525,32058,0,3,49,110.4,34548.4,67.0,3330.0,7.47,86.23,209.93,0.07459683975366056,1.4848,big_data
4.69,0.0,0.4,0.06,0.1,0.07,0.0,0.0,30.34,2.2,163.6,0.01,37.39,0.0,4.33,4.0,234.06,0.55,4.93,8.8,0.8,3.43,5.7,27.6,30.4,0.0,0.0,0.0,1.3379584749467348,10559.98,3.6044731733333335,1.036,21.49,2.16,0.38,1.5,0.26,0.27,26.77,1.27,1,18944,517088640,11640,852104,1635,30333,59677,62963,0,6,16,262.8,62060.8,5.0,3969.0,8.23,85.08,208.9,0.0809062666684139,1.536,big_data
6.27,0.0,0.55,0.04,0.13,0.08,0.0,0.0,43.95,0.2,97.8,0.0,20.4,0.0,26.02,4.0,213.55,7.0,4.44,4.96,0.43,5.62,9.05,43.4,48.2,0.0,0.0,0.0,1.7234378271564799,11706.9,3.9959552,1.124,19.76,1.68,0.3,1.25,0.26,0.29,25.84,1.88,0,18944,514430112,11740,869880,1,28870,64667,85610,0,7,1,372.4,85028.4,4.0,4675.0,8.21,83.8,207.82,0.09590328910425064,1.6640000000000001,big_data
7.1,0.0,1.35,1.38,0.18,0.12,0.0,0.0,36.18666666666667,3.4,278.8,0.01,69.64,0.0,3.73,4.0,255.79,1.12,5.43,17.44,1.51,230362.75,256.09,7200.4,3662.2,7.55,0.0,0.0,2.229979317123501,17567.36,5.996325546666667,0.9940000000000001,25.8,2.77,0.39,1.35,0.3,0.3,29.68,1.9,12,18944,510284768,11948,2053472,56,65854,175319,274782,0,9,117,325.2,282108.2,39.0,5204.0,8.11,82.52,206.74,0.11519557524743873,1.7408,big_data
25.43,0.0,1.77,6.2,0.29,0.11,0.0,0.0,35.99754098360657,431.4,832.6,102.56,206.94,0.09,1.84,243.44,254.51,72.22,6.47,77.76,12.07,53204.86,81.43,1786.6,967.0,1.74,0.0,0.0,2.7994614725933595,49225.12,16.802174293333334,1.047,30.74,2.58,0.24,1.27,0.41,0.42,37.11,1.07,18,18944,502629184,12268,4327544,109828,217457,123896,258977,0,27,76,61.2,253438.0,70.0,5396.0,9.87,81.65,205.79,0.12672241288016114,1.9456,big_data
43.59,0.0,1.91,18.09,0.35,0.15,0.0,0.0,46.730081300813005,1903.0,1.0,473.18,0.16,0.03,97.6,254.62,166.4,131.99,39.8,101.28,32.41,4.12,9.93,10.6,15.0,0.0,0.0,0.0,3.813654474383232,68044.95999999999,23.22601301333333,0.8270000000000001,38.76,2.99,0.07,0.52,0.76,0.63,51.72,1.83,67,18944,489590240,12284,6785056,492556,184,67548,102463,0,46,29,21.2,99772.0,25.0,5404.0,22.69,83.12,205.6,0.13104194361410768,1.9456,big_data
33.33,0.0,1.86,23.89,0.31,0.12,0.0,0.0,45.96611111111113,1907.6,0.0,475.39,0.0,0.0,0.0,255.19,0.0,132.86,0.0,100.64,32.21,0.88,12.59,9.8,14.2,0.0,0.0,0.0,5.822640874682058,63873.9,21.802291200000006,0.745,40.35,3.61,0.04,0.48,0.89,0.66,52.5,2.18,68,18944,478662464,12292,9226304,487345,10,46769,33210,0,35,24,16.2,33575.6,28.0,5390.0,28.4,83.3,205.0,0.1311390117204885,1.9456,big_data
32.47,0.0,1.77,25.05,0.3,0.14,0.0,0.0,49.84405797101449,1913.4,1.4,476.21,0.03,0.0,78.79,254.85,21.14,131.72,43.14,100.88,32.28,0.61,9.8,6.2,8.2,0.0,0.0,0.0,7.420747832490877,69997.28,23.892404906666666,0.8140000000000001,43.05,3.55,0.04,0.48,0.73,0.59,46.08,1.6,55,18944,464061312,12300,11647912,483936,44,46749,33980,0,34,38,15.6,33516.8,42.0,5397.0,33.81,83.51,204.41,0.13077500632156042,1.9712,big_data
23.35,0.0,1.14,27.22,0.26,0.11,0.0,0.0,42.16826086956521,1919.0,11.6,474.33,0.3,0.0,84.45,253.11,26.55,132.22,41.28,100.32,32.1,0.73,12.53,7.4,9.4,0.0,0.0,0.0,9.731501711340561,51904.64,17.716783786666667,0.9309999999999999,44.46,3.5,0.04,0.47,0.58,0.54,40.89,1.36,65,18944,456239296,12320,14095080,487784,318,44959,27617,0,25,28,17.6,27557.0,28.0,5404.0,37.99,83.55,203.78,0.13096914253432207,1.9712,big_data
22.85,0.0,1.3,25.99,0.25,0.14,0.0,0.0,46.52049999999999,1880.4,9.6,468.07,2.06,0.02,70.19,254.89,219.5,133.43,41.85,100.24,32.08,0.58,9.8,5.8,7.4,0.0,0.0,0.0,10.773910043267726,55550.58,18.96126464,0.941,47.53,3.63,0.04,0.46,0.52,0.49,36.83,1.19,67,18944,449206144,12336,16505596,480739,1958,43033,24688,0,25,24,20.6,24698.0,24.0,5404.0,42.24,83.68,203.17,0.1311390117204885,1.9712,big_data
21.18,0.0,0.9,29.94,0.25,0.12,0.0,0.0,45.23809523809525,1790.8,52.4,446.36,13.02,0.0,8.07,255.23,254.43,140.51,41.13,100.0,32.0,0.7,12.17,7.0,8.6,0.0,0.0,0.0,11.680675827405098,56043.16,19.129398613333333,1.026,50.5,3.86,0.04,0.49,0.48,0.5,36.52,1.13,61,18944,442285824,12356,18781528,454621,13589,42845,30247,0,22,29,9.4,30294.6,30.0,5404.0,46.54,83.88,202.6,0.1311390117204885,1.9712,big_data
20.83,0.0,0.92,26.16,0.26,0.13,0.0,0.0,43.807179487179496,1886.4,9.8,467.7,2.35,0.0,43.68,253.88,245.06,133.66,41.96,100.16,32.05,0.61,10.11,6.2,8.2,0.0,0.0,0.0,12.509724917401373,53240.46,18.17274368,1.04,51.06,3.99,0.04,0.51,0.48,0.5,36.37,1.11,65,18944,435862240,12376,21193600,481166,2360,42883,26074,0,22,17,20.6,25979.0,23.0,5404.0,50.02,83.98,201.99,0.1311390117204885,1.9712,big_data
19.14,0.0,0.82,28.68,0.25,0.12,0.0,0.0,41.93051282051282,1836.8,30.2,456.85,7.55,0.0,0.0,254.69,256.0,137.25,41.46,100.08,32.03,0.7,12.23,7.0,8.6,0.0,0.0,0.0,13.265331352328479,52835.52,18.03452416,1.1079999999999999,52.56,3.99,0.04,0.51,0.45,0.5,36.33,1.14,68,18944,430916832,12392,23541380,468330,7788,41918,25127,0,20,20,16.2,25128.4,27.0,5400.0,53.47,84.13,201.4,0.1311390117204885,1.9968,big_data
20.22,0.0,0.79,27.3,0.23,0.12,0.0,0.0,41.878125,1799.2,49.0,448.18,12.14,0.0,9.26,255.08,253.6,139.36,41.93,100.24,32.08,0.58,9.75,5.8,7.4,0.0,0.0,0.0,13.753700025464536,54922.96,18.747037013333333,1.091,53.78,4.19,0.04,0.54,0.46,0.5,37.3,1.12,66,18944,426785536,12416,25837624,458578,12589,41996,24852,0,21,24,13.8,24866.8,24.0,5391.0,56.39,84.23,200.81,0.13101767658751248,1.9968,big_data
21.07,0.0,0.75,26.49,0.24,0.13,0.0,0.0,41.65229166666668,1806.2,48.0,447.08,11.91,0.0,5.88,253.46,254.15,138.52,42.31,100.08,32.02,0.73,12.53,7.4,9.4,0.0,0.0,0.0,14.09664218767717,54571.56,18.62709248,1.193,54.79,3.82,0.03,0.49,0.42,0.5,35.72,0.91,65,18944,423376640,12436,28129604,457218,12099,42909,27682,0,22,26,16.4,27669.2,32.0,5378.0,58.84,84.28,200.19,0.13082354037475086,1.9968,big_data
17.83,0.0,0.62,26.25,0.23,0.12,0.0,0.0,38.043421052631594,1796.8,31.2,445.84,7.69,0.29,18.75,254.08,252.51,140.14,44.07,100.0,32.0,0.58,9.8,5.8,7.4,0.0,0.0,0.0,14.302860592286887,49548.14,16.912431786666666,1.147,54.24,4.12,0.03,0.53,0.44,0.5,36.31,1.11,69,18944,420715520,12564,30421752,457532,7881,41417,22255,0,19,20,22.2,22240.0,23.0,5372.0,61.74,84.45,199.63,0.1305080690290132,1.9968,big_data
18.76,0.0,0.66,25.24,0.22,0.12,0.0,0.0,37.99523809523809,1735.8,40.0,432.4,9.91,0.0,6.98,255.09,253.78,144.28,43.58,100.16,32.05,0.7,12.17,7.0,8.6,0.0,0.0,0.0,14.382580481607699,50922.64,17.38159445333333,1.248,54.7,4.17,0.03,0.54,0.43,0.53,38.71,1.06,67,18944,417523040,12580,32640824,442475,10256,41076,24918,0,20,19,9.4,24938.0,25.0,5339.0,64.0,84.55,199.04,0.1302896657896563,1.9968,big_data
21.4,0.0,0.7,24.7,0.25,0.12,0.0,0.0,43.77906976744186,1826.8,29.6,452.25,6.25,0.01,20.86,253.51,216.14,138.19,43.71,100.32,32.1,0.61,10.11,6.2,8.2,0.0,0.0,0.0,14.559282464888453,57275.16,19.54992128,1.163,56.13,4.08,0.03,0.53,0.44,0.51,36.94,0.85,62,18944,414932352,12600,34952712,461417,6230,41832,27448,0,22,22,20.6,27624.8,24.0,5336.0,66.08,84.64,198.45,0.12953738796520495,1.9968,big_data
17.99,0.0,0.62,29.98,0.24,0.13,0.0,0.0,38.93162162162163,1822.6,34.0,451.51,7.76,0.01,26.09,253.67,233.74,137.47,43.23,100.0,32.0,0.7,12.23,7.0,8.6,0.0,0.0,0.0,14.6085139055448,49292.46,16.82515968,1.214,55.79,3.98,0.03,0.52,0.41,0.5,36.17,0.78,68,18944,412135616,12616,37280116,465261,7649,41715,28356,0,19,22,16.2,28156.4,22.0,5336.0,68.0,84.73,197.87,0.12948885391201456,1.9968,big_data
18.73,0.0,0.58,27.64,0.22,0.12,0.0,0.0,38.60978260869565,1821.4,32.4,453.83,8.01,0.0,9.5,255.14,253.31,138.21,43.65,100.0,32.0,0.58,9.75,5.8,7.4,0.0,0.0,0.0,14.695824251695333,52047.48,17.76553984,1.226,55.45,4.0,0.03,0.54,0.4,0.49,35.88,0.79,65,18944,409542880,12636,39609376,464945,8619,41227,23141,0,20,26,13.8,23135.8,27.0,5336.0,69.44,84.75,197.27,0.12948885391201456,1.9968,big_data
21.63,0.0,0.68,25.7,0.24,0.14,0.0,0.0,41.975,1813.2,39.0,451.01,9.66,0.01,5.34,254.71,253.64,139.05,43.22,100.16,32.05,0.73,12.53,7.4,9.4,0.0,0.0,0.0,14.756240072403145,56801.81999999999,19.38835456,1.285,56.79,3.75,0.03,0.49,0.39,0.5,35.32,0.77,60,18944,406879200,12656,41914628,459632,9843,41714,39300,0,23,30,16.2,39309.8,29.0,5335.0,71.01,84.82,196.69,0.12948885391201456,1.9968,big_data
19.92,0.0,0.62,24.6,0.24,0.12,0.0,0.0,41.78285714285713,1800.2,53.4,445.11,13.28,0.0,12.46,253.19,254.68,138.76,42.73,100.16,32.05,0.58,9.8,5.8,7.4,0.0,0.0,0.0,14.814450255420654,52517.76,17.926062079999994,1.314,55.76,3.67,0.03,0.49,0.38,0.49,34.52,0.76,65,18944,404454944,12672,44202568,456185,13551,41614,31096,0,21,24,20.6,31090.4,22.0,5335.0,72.37,84.87,196.1,0.12946458688541934,1.9968,big_data
17.99,0.0,0.56,22.84,0.23,0.13,0.0,0.0,38.68622222222223,1804.0,42.4,447.49,10.52,0.02,10.17,254.01,254.08,138.29,42.59,100.16,32.05,0.7,12.17,7.0,8.6,0.0,0.0,0.0,14.847524964023807,49534.32,16.907714560000002,1.298,55.85,4.03,0.03,0.56,0.38,0.49,34.54,0.76,69,18944,402035872,12692,46509596,460312,10878,40662,31121,0,19,18,9.4,31104.6,20.0,5335.0,73.46,84.89,195.51,0.12946458688541934,1.9968,big_data
24.07,0.0,0.74,23.89,0.26,0.14,0.0,0.0,42.16698113207547,1806.4,44.8,448.21,11.13,0.0,13.51,254.08,254.38,139.95,42.29,100.16,32.05,20.09,19.77,20.2,26.6,0.0,0.0,0.0,14.86420865317386,62920.16,21.476747946666666,1.311,56.08,3.76,0.06,0.64,0.37,0.48,34.54,0.76,64,18944,399441344,12768,48814472,458027,11091,46614,48411,0,25,26,22.2,50339.2,108.0,5343.0,74.54,84.93,194.93,0.12946458688541934,1.9968,big_data
25.59,0.0,0.74,20.98,0.23,0.13,0.0,0.0,40.97796296296297,1798.8,47.8,444.98,11.9,0.06,33.24,253.31,254.83,139.66,41.09,100.24,32.08,48.23,35.8,40.6,52.8,0.0,0.0,0.0,14.92291319018727,60324.26,20.590680746666663,1.3030000000000002,52.67,3.5,0.07,0.65,0.37,0.48,36.19,0.75,65,18944,396838848,12928,51114492,454437,12419,52662,67407,0,27,18,19.8,65477.6,25.0,5361.0,75.94,85.04,194.38,0.129658723098181,1.9968,big_data
21.82,0.0,0.71,23.92,0.25,0.12,0.0,0.0,41.256904761904785,1785.8,39.0,444.08,9.7,0.01,25.86,254.64,254.81,138.84,43.98,100.08,32.03,2.8,14.41,8.4,11.8,0.0,0.0,0.0,14.972334941967807,51372.08,17.535003306666667,1.222,53.3,3.61,0.04,0.44,0.42,0.52,39.21,0.83,61,18944,394223136,12996,53411992,457491,9900,43699,38007,0,23,30,13.8,38025.8,28.0,5358.0,77.87,85.29,193.87,0.1300955295768947,2.0224,big_data
22.52,0.0,0.65,22.35,0.23,0.12,0.0,0.0,43.229555555555564,1731.4,34.8,430.94,8.65,0.0,0.0,254.87,254.55,145.46,45.49,100.08,32.02,0.99,16.59,11.4,17.4,0.0,0.0,0.0,15.03038135126888,53708.1,18.3323648,1.178,52.15,3.74,0.04,0.47,0.46,0.54,41.27,0.8,52,18944,391886624,13044,55614340,436686,9018,43224,29519,0,24,18,16.4,29499.0,29.0,5339.0,78.36,85.27,193.28,0.12999846147051386,2.0224,big_data
21.52,0.0,0.65,19.33,0.22,0.12,0.0,0.0,47.80897435897434,1726.6,72.2,427.4,15.83,0.02,34.12,253.48,224.57,146.16,41.8,100.24,32.07,0.88,13.57,10.4,16.6,0.0,0.0,0.0,15.063714610044734,51577.92,17.60526336,1.177,51.33,3.7,0.04,0.46,0.48,0.56,43.53,0.69,45,18944,389554688,13112,57821440,438713,15962,42532,31550,0,23,18,22.2,31534.0,20.0,5333.0,78.49,85.18,192.67,0.12956165499180014,2.0224,big_data
20.66,0.0,0.5,18.58,0.25,0.12,0.0,0.0,48.46487179487182,1749.4,69.6,435.72,17.31,0.01,17.92,255.05,254.7,142.69,42.81,100.16,32.05,0.76,9.82,8.0,10.6,0.0,0.0,0.0,15.090684956652472,48723.98,16.631118506666667,1.157,51.58,3.88,0.04,0.47,0.5,0.58,44.28,0.67,40,18944,387290944,13140,60057328,445377,17886,41224,23274,0,22,28,9.4,23284.0,27.0,5324.0,77.09,84.78,191.96,0.12941605283222896,1.9968,big_data
20.79,0.0,0.55,15.84,0.23,0.13,0.0,0.0,55.156388888888884,1705.2,108.2,422.84,26.98,0.01,6.08,253.92,255.33,145.71,39.3,100.08,32.03,0.65,8.93,6.8,9.4,0.0,0.0,0.0,15.079411107626289,52391.4,17.8829312,1.089,52.7,4.26,0.04,0.51,0.53,0.58,45.3,0.68,37,18944,385163104,13180,62224152,431225,27682,40768,19849,0,22,22,20.6,19850.8,24.0,5322.0,76.52,84.54,191.31,0.12919764959287208,1.9968,big_data
18.87,0.0,0.52,17.54,0.24,0.12,0.0,0.0,49.6874285714286,1720.2,93.4,427.62,23.3,0.0,10.71,254.55,255.4,145.1,41.4,100.16,32.05,0.71,8.76,7.2,9.0,0.0,0.0,0.0,15.08194277632616,47054.44,16.061248853333336,1.074,51.09,4.27,0.04,0.55,0.54,0.58,45.69,0.66,36,18944,382910624,13204,64423188,438776,24028,40762,21984,0,20,20,16.2,22089.8,28.0,5319.0,74.88,84.06,190.58,0.12914911553968167,1.9968,big_data
20.6,0.0,0.53,15.85,0.24,0.12,0.0,0.0,58.36000000000002,1676.0,107.8,415.83,26.01,0.0,6.1,254.06,247.06,147.82,43.06,100.08,32.03,0.61,8.0,6.2,8.2,0.0,0.0,0.0,15.092274168271198,51937.22,17.727904426666665,1.1059999999999999,53.0,4.17,0.04,0.51,0.52,0.58,45.43,0.65,31,18944,380825728,13252,66552200,425031,26268,40504,19839,0,22,23,13.8,19716.8,23.0,5318.0,73.61,83.65,189.87,0.12907631445989606,1.9968,big_data
18.95,0.0,0.49,17.09,0.23,0.12,0.0,0.0,60.34666666666666,1790.4,68.2,445.19,13.9,0.01,16.83,254.62,208.73,140.31,41.3,100.32,32.1,0.73,8.26,7.4,9.4,0.0,0.0,0.0,15.088318578092329,49381.1,16.855415466666663,1.062,53.04,4.69,0.04,0.61,0.55,0.58,45.53,0.67,29,18944,378497248,13276,68840400,455675,14458,40361,17739,0,20,27,16.2,17741.0,30.0,5316.0,71.72,83.09,189.12,0.12905204743330087,1.9968,big_data
23.19,0.0,0.59,13.14,0.24,0.13,0.0,0.0,64.88324324324326,1898.6,10.6,471.79,1.9,0.02,36.14,254.46,183.55,132.62,37.43,100.16,32.05,0.58,6.24,5.8,7.4,0.0,0.0,0.0,15.092681327927338,58725.1,20.044834133333328,1.072,55.2,4.57,0.04,0.56,0.55,0.59,45.99,0.68,32,18944,376105728,13292,71255696,482040,1951,40882,19112,0,24,20,20.6,19102.8,16.0,5316.0,70.78,82.7,188.43,0.12900351338011046,1.9968,big_data
21.22,0.0,0.57,16.15,0.24,0.14,0.0,0.0,59.362647058823526,1904.2,12.4,473.75,0.76,0.0,66.3,254.76,62.39,131.7,36.02,100.32,32.1,0.7,7.9,7.0,8.6,0.0,0.0,0.0,15.090235337143927,55409.58,18.91313664,1.053,54.63,4.71,0.04,0.59,0.56,0.59,46.51,0.83,32,18944,373582144,13308,73697056,487269,767,40863,21593,0,22,28,9.4,21619.8,29.0,5317.0,69.51,82.24,187.71,0.12897924635351524,1.9968,big_data
22.26,0.0,0.66,14.15,0.21,0.12,0.0,0.0,66.77833333333335,1908.4,4.6,473.3,0.86,0.0,54.9,253.96,190.43,133.56,35.48,100.0,32.0,0.63,7.12,6.4,8.6,0.0,0.0,0.0,15.101792757327273,57054.44,19.474582186666666,1.043,53.79,4.5,0.04,0.54,0.58,0.6,46.78,0.86,26,18944,371064448,13328,76116160,482724,887,40683,20387,0,23,23,20.6,20365.0,24.0,5315.0,68.19,81.76,186.99,0.12902778040670568,1.9968,big_data
19.34,0.0,0.45,6.29,0.22,0.13,0.0,0.0,64.01878787878789,1461.0,3.0,362.95,0.47,0.01,80.77,254.39,160.0,92.21,44.0,76.96,20.56,0.98,20.05,11.4,17.4,0.0,0.0,0.0,15.12602444345464,45742.82,15.613549226666667,1.092,52.39,4.31,0.04,0.59,0.54,0.59,47.23,0.66,0,18944,369224640,13440,77954888,361612,483,40617,18961,0,20,10,15.8,18958.2,11.0,5302.0,66.73,81.23,186.25,0.12897924635351524,1.9968,big_data
27.71,0.0,1.25,0.01,0.27,0.22,0.0,0.0,38.932352941176475,151.0,34.0,37.62,5.37,0.0,49.85,255.12,161.67,3.28,2.38,9.6,0.55,519.11,1029.49,408.2,510.4,0.03,0.0,0.0,15.123767247372124,49402.62,16.86276096,0.88,29.75,3.35,0.43,1.81,0.44,0.39,38.18,0.69,0,18944,368296928,13744,78172664,41141,5510,79477,98604,0,30,25,59.2,98594.8,8.0,5496.0,61.95,80.0,185.29,0.128712309060968,1.9968,big_data
59.54,0.0,2.05,0.02,0.42,0.18,0.0,0.0,62.46456692913385,0.0,13.2,0.0,1.63,0.0,74.9,0.0,126.67,0.0,2.11,0.4,0.02,2263.25,58.38,219.6,233.2,0.07,0.0,0.0,15.259265734948391,139989.66,47.78313728,1.2570000000000001,52.65,3.37,0.07,0.6,0.36,0.45,38.75,1.85,0,18944,366008064,13952,78172848,0,1724,57123,101528,0,63,64,34.6,101534.4,66.0,5586.0,69.24,81.21,185.12,0.133323044114057,1.9968,big_data
53.32,0.0,1.36,0.01,0.39,0.17,0.0,0.0,77.79802469135801,0.0,0.0,0.0,0.0,0.0,0.0,0.0,0.0,0.0,0.0,0.0,0.0,0.58,9.8,5.8,7.4,0.0,0.0,0.0,15.688530293531404,135576.38,46.27673770666667,1.3,57.17,3.67,0.04,0.31,0.34,0.45,39.43,1.89,0,18944,365539040,13960,78172864,0,15,43781,43749,0,55,65,22.6,43733.2,66.0,5586.0,68.9,80.94,184.47,0.13555561056081586,2.0224,big_data
55.09,0.0,1.03,0.02,0.39,0.16,0.0,0.0,69.50189473684213,0.0,0.0,0.0,0.0,0.0,0.0,0.0,0.0,0.0,0.0,0.0,0.0,0.9,12.58,10.2,15.0,0.0,0.0,0.0,15.799223886972785,135886.86000000002,46.38271488,1.288,57.32,3.6,0.04,0.31,0.35,0.45,38.76,1.87,0,18944,365179072,13968,78172880,0,4,44105,52351,0,57,64,9.0,52360.8,66.0,5570.0,72.27,81.44,184.07,0.13555561056081586,2.0224,big_data
58.78,0.0,1.83,0.03,0.38,0.17,0.0,0.0,72.60206185567013,0.0,0.0,0.0,0.0,0.0,0.0,0.0,0.0,0.0,0.0,0.0,0.0,0.61,10.11,6.2,8.2,0.0,0.0,0.0,15.859518393816572,140164.7,47.84288426666666,1.2819999999999998,57.52,3.51,0.03,0.3,0.37,0.47,40.66,3.05,0,18944,364140640,13976,78172944,0,2,44541,76768,0,61,171,21.0,77282.6,67.0,5570.0,73.13,81.47,183.53,0.13516733813529255,2.0224,big_data
57.43,0.0,3.61,0.02,0.42,0.19,0.0,0.0,70.61740384615383,0.0,0.0,0.0,0.0,0.0,0.0,0.0,0.0,0.0,0.0,0.0,0.0,0.7,12.23,7.0,8.6,0.0,0.0,0.0,16.0868037091259,143010.5,48.81425066666666,1.209,58.4,3.67,0.03,0.3,0.42,0.5,43.41,5.64,0,18944,361428320,13988,78172960,1,37,44452,73224,0,61,65,15.8,72695.0,67.0,5571.0,81.93,83.15,183.53,0.13516733813529255,2.048,big_data
56.8,0.0,4.13,0.01,0.38,0.14,0.0,0.0,72.1171717171717,0.0,0.0,0.0,0.0,0.0,0.0,0.0,0.0,0.0,0.0,0.0,0.0,0.58,9.75,5.8,7.4,0.0,0.0,0.0,16.580759643911964,143829.78,49.09389824,1.2409999999999999,57.97,3.62,0.03,0.29,0.39,0.49,42.13,5.1,0,18944,358166752,13996,78173000,0,23,44159,71278,0,62,62,14.2,71549.6,164.0,5570.0,81.14,82.97,182.93,0.13516733813529255,2.048,big_data
54.72,0.0,3.0,0.01,0.34,0.18,0.0,0.0,75.19887640449436,0.0,0.0,0.0,0.0,0.0,0.0,0.0,0.0,0.0,0.0,0.0,0.0,0.73,12.53,7.4,9.4,0.0,0.0,0.0,17.21375339825723,138126.58000000002,47.14720597333334,1.285,57.67,3.56,0.03,0.29,0.36,0.46,39.79,3.73,0,18944,355367648,14004,78173008,0,7,44327,77228,0,59,102,15.8,77308.4,73.0,5570.0,83.13,83.35,182.52,0.13516733813529255,2.048,big_data
53.53,0.0,2.5,0.0,0.38,0.17,0.0,0.0,76.18209302325585,0.0,4.2,0.0,0.09,0.0,82.64,0.0,23.05,0.0,0.67,0.0,0.0,0.58,9.8,5.8,7.4,0.0,0.0,0.0,17.74984012159592,136543.72,46.60692309333334,1.305,57.49,3.6,0.04,0.3,0.34,0.45,39.26,3.15,0,18944,353261856,14012,78173040,0,136,44235,62151,0,57,65,20.8,62168.4,64.0,5570.0,81.76,83.06,181.89,0.13516733813529255,2.0224,big_data
53.43,0.0,1.96,0.0,0.41,0.18,0.0,0.0,75.30352941176467,0.0,0.0,0.0,0.0,0.0,0.0,0.0,0.0,0.0,0.0,0.0,0.0,0.7,12.17,7.0,8.6,0.0,0.0,0.0,18.14018946723462,134327.0,45.85028266666666,1.329,57.48,3.59,0.04,0.3,0.33,0.45,38.9,2.22,1,18944,351708960,14024,78173056,0,17,44395,67020,0,56,66,9.2,66658.4,65.0,5570.0,82.74,83.24,181.42,0.13516733813529255,2.0224,big_data
55.83,0.0,1.85,0.02,0.38,0.15,0.0,0.0,71.10894736842103,0.0,0.0,0.0,0.0,0.0,0.0,0.0,0.0,0.0,0.0,0.0,0.0,0.61,10.11,6.2,8.2,0.0,0.0,0.0,18.41555980718526,136106.06,46.45753514666666,1.2890000000000001,56.82,3.53,0.03,0.3,0.36,0.47,41.07,2.59,0,18944,350063872,14028,78173088,0,1,43942,61096,0,58,156,21.0,61666.2,130.0,5570.0,88.84,84.5,181.3,0.13516733813529255,2.0224,big_data
57.56,0.0,2.32,0.03,0.37,0.16,0.0,0.0,73.71702127659573,0.0,0.0,0.0,0.0,0.0,0.0,0.0,0.0,0.0,0.0,0.0,0.0,0.7,12.23,7.0,8.6,0.0,0.0,0.0,18.738642889856983,137066.9,46.785501866666664,1.3319999999999999,57.73,3.44,0.03,0.28,0.34,0.45,39.2,2.92,1,18944,348087840,14040,78173104,0,4,43932,116938,0,61,65,15.6,116951.6,68.0,5575.0,86.85,84.16,180.67,0.13516733813529255,2.0224,big_data
62.04,0.0,2.36,0.08,0.38,0.15,0.0,0.0,67.80966386554623,0.0,0.0,0.0,0.0,0.0,0.0,0.0,0.0,0.0,0.0,0.0,0.0,0.58,9.75,5.8,7.4,0.0,0.0,0.0,19.09248055348237,136134.74,46.46732458666666,1.3780000000000001,56.55,3.01,0.03,0.25,0.33,0.46,38.72,2.36,1,18944,346033472,14048,78173120,0,2,44575,173525,0,65,71,14.4,172950.6,121.0,5425.0,85.9,84.01,180.1,0.13516733813529255,2.0224,big_data
57.74,0.0,1.75,0.11,0.37,0.17,0.0,0.0,68.88116504854369,0.0,0.0,0.0,0.0,0.0,0.0,0.0,0.0,0.0,0.0,0.0,0.0,0.73,12.53,7.4,9.4,0.0,0.0,0.0,19.482082302434023,136808.36000000002,46.69725354666667,1.3530000000000002,57.67,3.37,0.03,0.26,0.33,0.45,38.66,2.06,0,18944,344533920,14060,78173136,0,3,44697,108354,0,60,145,16.0,110139.8,156.0,5409.0,84.23,83.69,179.48,0.13164861927898786,2.0224,big_data
56.1,0.0,2.01,0.06,0.38,0.17,0.0,0.0,74.15802197802195,0.0,0.0,0.0,0.0,0.0,0.0,0.0,0.0,0.0,0.0,0.0,0.0,0.58,9.8,5.8,7.4,0.0,0.0,0.0,19.785799901349087,138688.06,47.33885781333333,1.337,58.84,3.6,0.03,0.27,0.33,0.44,38.44,2.42,0,18944,343038048,14068,78173152,0,2,44669,87674,0,59,65,21.2,85887.2,65.0,5409.0,82.69,83.38,178.87,0.13126034685346455,2.0224,big_data
52.84,0.0,1.95,0.08,0.37,0.16,0.0,0.0,75.74348837209303,0.0,0.0,0.0,0.0,0.0,0.0,0.0,0.0,0.0,0.0,0.0,0.0,0.68,12.16,6.8,8.4,0.0,0.0,0.0,20.055598143882715,135340.76,46.19631274666667,1.358,59.65,3.62,0.03,0.26,0.32,0.43,37.75,2.3,1,18944,341782816,14072,78173176,0,2,44172,75619,0,55,67,10.4,75616.8,66.0,5409.0,81.19,83.06,178.25,0.13126034685346455,2.0224,big_data
53.78,0.0,2.39,0.08,0.37,0.16,0.0,0.0,74.93863636363633,0.0,0.0,0.0,0.0,0.0,0.0,0.0,0.0,0.0,0.0,0.0,0.0,0.59,9.86,6.0,7.6,0.0,0.0,0.0,20.306489620708035,139009.88,47.44870570666666,1.3630000000000002,59.78,3.66,0.03,0.26,0.32,0.43,37.29,2.91,1,18944,339916800,14080,78173200,0,46,44396,84006,0,57,61,21.0,84077.2,65.0,5409.0,84.3,83.67,177.93,0.13126034685346455,2.0224,big_data
54.45,0.0,2.47,0.03,0.38,0.15,0.0,0.0,74.518202247191,0.0,0.0,0.0,0.0,0.0,0.0,0.0,0.0,0.0,0.0,0.0,0.0,0.72,12.28,7.2,9.0,0.0,0.0,0.0,20.6623843125403,136419.1,46.564386133333336,1.325,59.63,3.62,0.03,0.26,0.34,0.45,39.0,3.09,0,18944,337745760,14092,78173216,0,6,43591,77643,0,57,64,14.4,77555.2,66.0,5409.0,82.68,83.35,177.32,0.13126034685346455,2.0224,big_data
53.09,0.0,2.44,0.03,0.34,0.16,0.0,0.0,74.15034090909091,0.0,0.0,0.0,0.0,0.0,0.0,0.0,0.0,0.0,0.0,0.0,0.0,0.58,9.73,5.79,7.39,0.0,0.0,0.0,21.07781302493125,139020.2,47.45222826666666,1.3730000000000002,59.91,3.64,0.03,0.26,0.31,0.43,37.18,3.07,0,18944,335599936,14092,78173264,0,0,43566,71713,0,56,124,15.6,72498.4,60.0,5409.0,81.34,83.06,176.72,0.13126034685346455,2.0224,big_data
53.03,0.0,2.51,0.02,0.39,0.17,0.0,0.0,72.40637362637365,0.2,0.0,0.0,0.0,0.0,0.0,4.0,0.0,0.0,0.0,0.0,0.0,0.71,12.48,7.2,9.0,0.0,0.0,0.0,21.4703096259632,137177.46000000002,46.82323968000001,1.371,59.93,3.63,0.03,0.26,0.31,0.43,37.13,2.7,1,18944,333558912,14108,78173224,27,4,43725,76162,0,56,68,16.4,75382.6,65.0,5409.0,80.99,82.96,176.19,0.13126034685346455,2.0224,big_data
52.72,0.0,2.17,0.03,0.39,0.17,0.0,0.0,76.88554216867475,0.0,0.4,0.0,0.0,0.0,66.67,0.0,12.0,0.0,0.5,0.0,0.0,0.64,9.89,6.4,8.4,0.0,0.0,0.0,21.86591337833749,136662.22,46.647371093333334,1.351,59.93,3.7,0.04,0.27,0.32,0.44,38.21,2.74,0,18944,331449824,14128,78173232,0,8,43272,65918,0,56,65,19.6,65905.0,65.0,5407.0,84.44,83.64,175.91,0.13126034685346455,2.0224,big_data
52.6,0.0,2.34,0.03,0.36,0.16,0.0,0.0,79.68691358024691,0.0,0.0,0.0,0.0,0.0,0.0,0.0,0.0,0.0,0.0,0.0,0.0,0.7,12.17,7.0,8.6,0.0,0.0,0.0,22.272685588318602,137214.52,46.83588949333333,1.368,59.94,3.66,0.04,0.26,0.32,0.43,37.81,2.86,1,18944,329398112,14132,78173384,25,2,43301,74683,0,56,65,10.4,74684.8,65.0,5407.0,82.8,83.31,175.31,0.1312118128002741,2.0224,big_data
55.16,0.0,2.46,0.04,0.36,0.17,0.0,0.0,77.19,0.0,0.0,0.0,0.0,0.0,0.0,0.0,0.0,0.0,0.0,0.0,0.0,0.59,10.06,6.0,7.8,0.0,0.0,0.0,22.65028105579001,141583.94,48.32731818666666,1.381,59.58,3.59,0.03,0.26,0.31,0.43,37.07,2.81,1,18944,327203264,14148,78173440,0,11,43772,86811,0,58,131,21.0,87133.4,68.0,5407.0,81.45,83.03,174.72,0.1312118128002741,2.0224,big_data
54.0,0.0,2.72,0.15,0.35,0.17,0.0,0.0,76.63744186046513,0.0,0.0,0.0,0.0,0.0,0.0,0.0,0.0,0.0,0.0,0.0,0.0,0.72,12.28,7.2,9.0,0.0,0.0,0.0,23.071055160314565,142273.24,48.56259925333333,1.411,60.0,3.56,0.03,0.26,0.3,0.42,35.97,3.24,1,18944,325148000,14172,78173488,2,58,43965,103641,0,57,64,14.4,103311.6,65.0,5407.0,80.06,82.71,174.12,0.1312118128002741,2.0224,big_data
53.25,0.0,2.34,0.07,0.39,0.17,0.0,0.0,79.76900000000003,0.0,0.4,0.0,0.01,0.0,80.0,0.0,20.0,0.0,0.0,0.0,0.0,0.58,9.75,5.8,7.4,0.0,0.0,0.0,23.46758696374865,137090.08000000002,46.79341397333334,1.35,59.91,3.66,0.04,0.27,0.33,0.44,38.32,2.87,1,18944,323115168,14192,78173512,0,10,44143,68749,0,56,65,15.6,68747.0,66.0,5407.0,78.77,82.4,173.53,0.1312118128002741,2.0224,big_data
61.49,0.0,2.41,0.07,0.37,0.15,0.0,0.0,66.94958333333334,0.0,0.0,0.0,0.0,0.0,0.0,0.0,0.0,0.0,0.0,0.0,0.0,0.71,12.48,7.2,9.0,0.0,0.0,0.0,23.87683094370927,137713.4,47.00617386666666,1.287,58.18,3.31,0.03,0.25,0.38,0.48,42.1,2.39,1,18944,321001632,14200,78173552,0,2,43686,120152,0,64,65,16.0,120147.8,65.0,5407.0,77.83,82.14,172.96,0.1312118128002741,2.0224,big_data
58.56,0.0,1.77,0.04,0.35,0.17,0.0,0.0,73.7841052631579,0.0,0.0,0.0,0.0,0.0,0.0,0.0,0.0,0.0,0.0,0.0,0.0,0.6,9.85,6.0,7.8,0.0,0.0,0.0,24.258997669219475,135397.5,46.21568,1.304,58.47,3.5,0.03,0.26,0.36,0.47,40.67,2.05,0,18944,319327328,14212,78173576,0,3,43629,100778,0,61,64,21.2,100773.2,65.0,5407.0,76.8,81.86,172.38,0.1312118128002741,2.0224,big_data
57.2,0.0,1.74,0.08,0.35,0.15,0.0,0.0,76.02055555555556,0.0,1.8,0.0,0.01,0.0,10.0,0.0,4.44,0.0,0.22,0.0,0.0,0.7,12.17,7.0,8.6,0.0,0.0,0.0,24.55296011704361,135348.62,46.19899562666666,1.335,59.62,3.52,0.03,0.26,0.34,0.45,39.14,2.08,1,18944,317825792,14216,78173600,0,10,43695,93326,0,59,93,10.4,93341.2,146.0,5407.0,85.38,83.55,172.44,0.1312118128002741,2.0224,big_data
54.96,0.0,2.22,0.14,0.35,0.15,0.0,0.0,84.72881578947369,0.0,0.0,0.0,0.0,0.0,0.0,0.0,0.0,0.0,0.0,0.0,0.0,0.59,10.06,6.0,7.8,0.0,0.0,0.0,24.840448953798713,138607.41999999998,47.31133269333333,1.379,60.14,3.68,0.03,0.26,0.31,0.43,37.06,2.63,0,18944,316219968,14228,78173616,0,3,44282,79443,0,58,64,21.0,79425.0,65.0,5407.0,89.04,84.34,172.22,0.1312118128002741,2.0224,big_data
57.93,0.0,2.04,0.05,0.35,0.17,0.0,0.0,73.47936842105258,0.0,0.0,0.0,0.0,0.0,0.0,0.0,0.0,0.0,0.0,0.0,0.0,0.72,12.28,7.2,9.0,0.0,0.0,0.0,25.154371323313235,139444.53999999998,47.59706965333332,1.331,59.26,3.55,0.03,0.27,0.34,0.46,39.72,2.29,0,18944,314153376,14236,78173632,0,7,43743,88327,0,61,66,12.0,88325.4,67.0,5408.0,90.8,84.79,171.89,0.1312118128002741,2.0224,big_data
54.37,0.0,1.87,0.07,0.34,0.17,0.0,0.0,74.12211111111112,0.0,0.0,0.0,0.0,0.0,0.0,0.0,0.0,0.0,0.0,0.0,0.0,41.27,30.83,53.6,63.4,0.0,0.0,0.0,25.52528770435842,137181.52,46.82462549333333,1.3419999999999999,59.52,3.62,0.04,0.28,0.33,0.45,38.83,2.3,0,18944,312543648,14244,78173680,0,54,44652,70206,0,56,64,20.0,70203.4,65.0,5417.0,88.65,84.44,171.31,0.13126034685346455,2.048,big_data
56.92,0.0,1.99,0.06,0.35,0.16,0.0,0.0,75.03736263736265,0.0,0.0,0.0,0.0,0.0,0.0,0.0,0.0,0.0,0.0,0.0,0.0,32.37,29.95,44.8,53.2,0.0,0.0,0.0,25.86663534747077,140110.68,47.82444544,1.3880000000000001,59.19,3.57,0.04,0.27,0.31,0.43,36.38,2.34,1,18944,310693984,14248,78173712,0,5,45241,84862,0,60,64,17.0,84857.0,65.0,5422.0,89.48,84.68,170.92,0.13145448306622615,2.048,big_data
49.0,0.0,1.64,0.07,0.27,0.13,0.0,0.0,69.8111111111111,0.0,0.0,0.0,0.0,0.0,0.0,0.0,0.0,0.0,0.0,0.0,0.0,1.76,20.21,20.4,26.4,0.0,0.0,0.0,26.180574397641603,120620.7,41.1718656,1.383,57.05,3.5,0.04,0.29,0.31,0.43,37.07,2.25,0,18944,309224960,14260,78173736,0,5,43228,67799,0,51,124,17.17,67567.07,128.0,5415.0,93.44,85.58,170.75,0.1315758181992022,2.048,big_data
36.85,0.0,1.73,0.06,0.27,0.14,0.0,0.0,81.61207547169812,0.0,0.0,0.0,0.0,0.0,0.0,0.0,0.0,0.0,0.0,0.0,0.0,0.76,7.89,8.0,10.6,0.0,0.0,0.0,26.46600317334322,111006.4,37.89018453333333,1.5230000000000001,57.9,3.68,0.04,0.28,0.25,0.38,31.27,3.03,0,18944,308081024,14268,78173760,0,2,41667,43300,0,39,46,12.8,43401.0,46.0,5394.0,89.65,84.93,170.08,0.13133314793325016,2.0736,big_data
34.37,0.0,2.21,0.04,0.23,0.13,0.0,0.0,73.03236363636364,0.0,0.0,0.0,0.0,0.0,0.0,0.0,0.0,0.0,0.0,0.0,0.0,0.85,11.36,9.2,11.8,0.0,0.0,0.0,26.716924978634548,105229.76,35.91842474666667,1.551,58.37,3.65,0.04,0.28,0.24,0.37,30.31,4.02,0,18944,306578272,14276,78173792,0,3,41705,45415,0,37,41,21.0,45408.2,41.0,5392.0,85.99,84.25,169.4,0.13089634145453646,2.0736,big_data
33.19,0.0,2.04,0.02,0.22,0.11,0.0,0.0,85.35891304347827,0.0,0.0,0.0,0.0,0.0,0.0,0.0,0.0,0.0,0.0,0.0,0.0,0.98,9.16,10.4,13.0,0.0,0.0,0.0,26.968062116034517,102747.64,35.07119445333333,1.5719999999999998,58.12,3.63,0.04,0.29,0.23,0.36,29.51,3.71,0,18944,305184448,14284,78173800,0,3,40920,39683,0,35,38,12.0,39683.0,38.0,5391.0,82.31,83.51,168.71,0.13079927334815564,2.0736,big_data
30.04,0.0,1.93,0.02,0.21,0.14,0.0,0.0,89.18842105263157,0.0,0.0,0.0,0.0,0.0,0.0,0.0,0.0,0.0,0.0,0.0,0.0,0.84,11.04,9.0,11.4,0.0,0.0,0.0,27.24600658453744,93106.34,31.78029738666667,1.5390000000000001,56.92,3.67,0.04,0.3,0.24,0.37,30.35,4.59,1,18944,303862752,14288,78173840,0,3,40530,41471,0,32,34,18.0,41468.4,34.0,5386.0,78.84,82.77,168.01,0.13079927334815564,2.0736,big_data
27.23,0.0,1.8,0.03,0.24,0.13,0.0,0.0,76.50975609756098,0.0,0.0,0.0,0.0,0.0,0.0,0.0,0.0,0.0,0.0,0.0,0.0,0.71,5.86,7.2,9.0,0.0,0.0,0.0,27.496757792207468,88873.44,30.33546752,1.5519999999999998,57.4,3.74,0.04,0.3,0.23,0.36,29.19,4.19,0,18944,302581440,14308,78173856,1,51,40585,32390,0,29,33,16.0,32389.8,33.0,5382.0,80.69,83.09,167.66,0.1307022052417748,2.0736,big_data
27.03,0.0,1.94,0.03,0.27,0.11,0.0,0.0,87.68305555555555,0.0,0.0,0.0,0.0,0.0,0.0,0.0,0.0,0.0,0.0,0.0,0.0,0.6,7.65,6.0,7.8,0.0,0.0,0.0,27.732212079835595,88699.94,30.27624618666667,1.52,57.59,3.86,0.04,0.31,0.24,0.37,30.04,4.49,1,18944,301308672,14312,78173880,0,14,40354,34002,0,29,36,17.2,34004.4,35.0,5384.0,76.79,82.24,166.93,0.13060513713539398,2.0736,big_data
26.94,0.0,1.9,0.01,0.28,0.13,0.0,0.0,94.32303030303032,0.0,0.0,0.0,0.0,0.0,0.0,0.0,0.0,0.0,0.0,0.0,0.0,0.7,5.55,7.0,8.6,0.0,0.0,0.0,27.95979158126518,89020.4,30.38562986666666,1.551,57.47,3.78,0.04,0.3,0.24,0.37,30.02,4.48,0,18944,300108064,14324,78173896,0,6,39853,29141,0,29,32,14.4,29135.4,33.0,5382.0,73.21,81.41,166.2,0.13060513713539398,2.0736,big_data
33.14,0.0,1.81,0.05,0.28,0.12,0.0,0.0,77.38790697674422,0.0,0.0,0.0,0.0,0.0,0.0,0.0,0.0,0.0,0.0,0.0,0.0,0.59,7.85,6.0,7.8,0.0,0.0,0.0,28.214323990434558,88836.28,30.32278357333333,1.354,55.38,3.64,0.03,0.3,0.34,0.45,38.56,4.03,0,18944,298788768,14332,78173936,0,3,40631,42610,0,35,33,21.0,42591.2,34.0,5382.0,69.91,80.59,165.48,0.13060513713539398,2.0736,big_data
34.05,0.0,1.4,0.02,0.23,0.12,0.0,0.0,72.28434782608694,0.0,0.0,0.0,0.0,0.0,0.0,0.0,0.0,0.0,0.0,0.0,0.0,0.72,5.66,7.2,9.0,0.0,0.0,0.0,28.43640418276555,88565.86,30.23048021333333,1.3259999999999998,55.0,3.62,0.03,0.3,0.35,0.46,39.27,2.82,1,18944,297838176,14336,78173952,0,2,40410,39937,0,36,112,8.8,39566.6,73.0,5382.0,66.87,79.78,164.76,0.13060513713539398,2.0992,big_data
31.28,0.0,1.46,0.13,0.26,0.13,0.0,0.0,86.91864864864864,0.0,0.0,0.0,0.0,0.0,0.0,0.0,0.0,0.0,0.0,0.0,0.0,0.58,7.54,5.8,7.4,0.0,0.0,0.0,28.625430896419612,88629.68000000002,30.25226410666667,1.393,55.98,3.73,0.03,0.31,0.31,0.43,36.34,3.66,0,18944,296952576,14348,78173984,0,4,40898,36827,0,33,33,21.0,37206.8,33.0,5379.0,64.08,78.99,164.05,0.13060513713539398,2.0992,big_data
27.38,0.0,1.44,0.1,0.28,0.13,0.0,0.0,87.82444444444445,0.0,0.0,0.0,0.0,0.0,0.0,0.0,0.0,0.0,0.0,0.0,0.0,0.71,5.86,7.2,9.0,0.0,0.0,0.0,28.78611869143739,88239.4,30.11904853333333,1.585,57.03,3.68,0.04,0.3,0.23,0.36,29.31,3.53,0,18944,296091072,14356,78174000,0,3,40384,31824,0,29,32,15.8,31821.6,33.0,5372.0,63.67,78.66,163.49,0.1305080690290132,2.0992,big_data
27.18,0.0,1.84,0.07,0.27,0.13,0.0,0.0,79.23102564102564,0.0,0.0,0.0,0.0,0.0,0.0,0.0,0.0,0.0,0.0,0.0,0.0,0.6,7.65,6.0,7.8,0.0,0.0,0.0,28.96258866195319,88654.2,30.260633600000002,1.5419999999999998,57.36,3.83,0.04,0.31,0.24,0.37,30.44,4.27,0,18944,294974048,14368,78174016,1,50,40428,29741,0,29,33,14.2,29738.6,33.0,5354.0,61.14,77.88,162.78,0.13031393281625153,2.0992,big_data
27.59,0.0,1.8,0.03,0.28,0.13,0.0,0.0,85.01333333333334,0.0,0.0,0.0,0.0,0.0,0.0,0.0,0.0,0.0,0.0,0.0,0.0,0.7,5.55,7.0,8.6,0.0,0.0,0.0,29.174506543537134,88661.92,30.26326869333333,1.571,57.53,3.67,0.03,0.29,0.24,0.37,29.85,4.4,1,18944,293645568,14372,78174040,0,2,40442,42809,0,30,77,15.8,42786.0,78.0,5354.0,58.8,77.12,162.08,0.12992566039072825,2.0992,big_data
32.41,0.0,1.74,0.06,0.27,0.12,0.0,0.0,79.99350000000003,0.0,0.0,0.0,0.0,0.0,0.0,0.0,0.0,0.0,0.0,0.0,0.0,0.59,7.85,6.0,7.8,0.0,0.0,0.0,29.431236250068665,88726.92,30.28545536,1.4269999999999998,56.06,3.59,0.03,0.3,0.3,0.43,36.29,3.33,0,18944,292453632,14388,78174080,0,6,41019,51496,0,34,33,21.0,50620.2,106.0,5350.0,56.66,76.37,161.38,0.12992566039072825,2.0992,big_data
27.53,0.0,1.51,0.01,0.28,0.14,0.0,0.0,79.55333333333333,0.0,0.4,0.0,0.01,0.0,86.67,0.0,30.0,0.0,0.0,0.0,0.0,0.72,5.66,7.2,9.0,0.0,0.0,0.0,29.638594246788568,87917.36,30.00912554666667,1.48,56.75,3.63,0.03,0.3,0.27,0.4,33.32,3.48,0,18944,291578016,14416,78174096,0,22,40167,30307,0,29,32,9.0,31192.4,33.0,5346.0,54.76,75.65,160.69,0.12982859228434745,2.1248,big_data
30.24,0.0,1.37,0.06,0.26,0.12,0.0,0.0,85.76888888888891,0.0,0.4,0.0,0.01,0.0,80.0,0.0,20.0,0.0,0.0,0.0,0.0,0.58,7.54,5.8,7.4,0.0,0.0,0.0,29.824839081898194,87444.81999999999,29.84783189333333,1.58,56.84,3.73,0.04,0.31,0.23,0.36,29.38,3.16,0,18944,290718432,14436,78174160,0,11,40798,37631,0,32,32,20.8,37627.2,33.0,5343.0,59.91,76.37,160.46,0.1297315241779666,2.0992,big_data
30.76,0.0,1.35,0.02,0.27,0.12,0.0,0.0,81.87538461538463,0.0,0.0,0.0,0.0,0.0,0.0,0.0,0.0,0.0,0.0,0.0,0.0,0.71,5.86,7.2,9.0,0.0,0.0,0.0,29.97114587654745,87561.24,29.88756992,1.48,56.16,3.64,0.03,0.3,0.27,0.41,33.57,2.97,0,18944,289839584,14444,78174176,0,2,40760,45193,0,33,32,16.2,45195.0,36.0,5342.0,57.67,75.63,159.77,0.1296829901247762,2.0992,big_data
27.55,0.0,1.44,0.05,0.18,0.11,0.0,0.0,89.72971428571432,0.0,0.0,0.0,0.0,0.0,0.0,0.0,0.0,0.0,0.0,0.0,0.0,0.6,7.65,6.0,7.8,0.0,0.0,0.0,30.1275672146098,87409.7,29.835844266666665,1.585,57.04,3.69,0.04,0.3,0.22,0.35,28.19,2.99,0,18944,289180256,14452,78174208,0,2,40666,35773,0,30,32,15.4,35765.4,34.0,5342.0,55.61,74.91,159.09,0.1296344560715858,2.0992,big_data
27.3,0.0,1.32,0.03,0.22,0.11,0.0,0.0,75.38666666666668,0.0,0.0,0.0,0.0,0.0,0.0,0.0,0.0,0.0,0.0,0.0,0.0,0.7,5.55,7.0,8.6,0.0,0.0,0.0,30.2682859893974,87273.2,29.789252266666665,1.575,57.09,3.74,0.04,0.31,0.23,0.36,29.31,3.2,0,18944,288448864,14460,78174224,0,52,40561,34877,0,29,33,16.2,34822.8,33.0,5342.0,53.72,74.2,158.4,0.1296829901247762,2.0992,big_data
27.37,0.0,1.67,0.07,0.27,0.13,0.0,0.0,81.10026315789473,0.0,0.0,0.0,0.0,0.0,0.0,0.0,0.0,0.0,0.0,0.0,0.0,0.59,7.85,6.0,7.8,0.0,0.0,0.0,30.406910583607264,87507.68000000001,29.86928810666667,1.56,57.1,3.71,0.04,0.3,0.23,0.37,29.69,3.58,0,18944,287706880,14468,78174256,0,10,40515,32344,0,29,32,20.6,32398.0,33.0,5342.0,52.14,73.53,157.74,0.1296344560715858,2.0992,big_data
27.63,0.0,1.76,0.08,0.23,0.11,0.0,0.0,86.57249999999998,0.0,2.8,0.0,0.01,0.0,12.5,0.0,4.57,0.0,0.21,0.0,0.0,0.72,5.66,7.2,9.0,0.0,0.0,0.0,30.53572998475729,88230.2,30.115908266666665,1.547,56.99,3.72,0.04,0.3,0.24,0.36,29.48,3.75,31,18944,287014944,14476,78174272,0,18,40956,40137,0,30,79,9.4,39952.4,34.0,5342.0,50.53,72.84,157.06,0.1296829901247762,2.0992,big_data
27.73,0.0,1.76,0.06,0.17,0.11,0.0,0.0,83.30605263157894,0.0,0.0,0.0,0.0,0.0,0.0,0.0,0.0,0.0,0.0,0.0,0.0,0.76,8.82,8.0,10.0,0.0,0.0,0.0,30.68833903464265,86821.12,29.63494229333333,1.571,56.9,3.63,0.04,0.3,0.23,0.36,28.86,3.48,0,18944,286244928,14484,78174280,0,4,41087,37740,0,30,30,20.6,37932.6,28.0,5342.0,49.05,72.16,156.39,0.1296344560715858,2.0992,big_data
16.69,0.0,1.09,0.13,0.13,0.12,0.0,0.0,78.77272727272728,0.0,0.0,0.0,0.0,0.0,0.0,0.0,0.0,0.0,0.0,0.0,0.0,1.63,14.14,18.8,24.4,0.0,0.0,0.0,30.81426813298229,49095.36,16.75788288,1.506,55.13,3.67,0.07,0.37,0.23,0.35,29.39,4.14,0,18944,285817984,14776,78186032,1228,6,39004,21657,0,18,12,16.4,21661.8,13.0,5333.0,47.28,71.41,155.69,0.129658723098181,2.0992,big_data
4.43,0.0,0.44,0.05,0.06,0.06,0.0,0.0,83.53399999999999,0.0,0.0,0.0,0.0,0.0,0.0,0.0,0.0,0.0,0.0,0.0,0.0,0.95,7.28,10.4,13.6,0.0,0.0,0.0,30.88967379801371,13029.82,4.447511893333333,1.359,41.77,3.38,0.04,0.29,0.3,0.41,33.63,6.31,43,18944,285686656,14784,78186016,27,4,36126,8523,0,5,39,16.0,8410.4,5.0,5317.0,44.21,70.37,154.91,0.12936751877903852,2.0992,big_data
11.56,0.0,0.97,0.08,0.13,0.08,0.0,0.0,54.47833333333333,0.0,0.0,0.0,0.0,0.0,0.0,0.0,0.0,0.0,0.0,0.0,0.0,179.4,94.63,235.4,263.6,0.01,0.0,0.0,30.915796463996568,35575.92,12.14324736,1.209,49.82,3.76,0.09,0.76,0.35,0.42,33.42,3.59,0,18944,285326560,14928,78225712,0,6,47601,33056,0,13,24,30.0,33143.0,26.0,5383.0,40.99,69.27,154.09,0.12895497932692004,2.0992,big_data
25.52,0.0,1.97,0.14,0.27,0.13,0.0,0.0,77.11945945945949,0.0,37.6,0.0,7.67,0.0,50.91,0.0,208.83,0.0,3.49,1.84,0.13,18.42,12.44,25.2,29.0,0.0,0.0,0.0,31.00351093695664,82212.08,28.06172330666667,1.49,58.15,3.65,0.03,0.28,0.25,0.37,29.31,4.55,0,18944,284296736,14944,78225736,0,7896,41579,44832,0,28,190,23.0,39005.6,191.0,5394.0,39.63,68.52,153.4,0.1306294041619892,2.0736,big_data
31.95,0.0,2.29,0.1,0.2,0.12,0.0,0.0,85.32594594594595,0.0,0.4,0.0,0.01,0.0,84.62,0.0,26.0,0.0,0.0,0.0,0.0,0.75,6.33,7.6,9.8,0.0,0.0,0.0,31.174131304591473,90488.98,30.886905173333336,1.344,56.01,3.72,0.04,0.31,0.31,0.42,35.44,4.06,0,18944,283199616,14964,78225760,0,18,41217,33181,0,35,30,9.4,39023.8,30.0,5392.0,39.1,67.93,152.75,0.13089634145453646,2.0736,big_data
27.44,0.0,2.2,0.1,0.18,0.11,0.0,0.0,84.73297297297296,0.0,0.0,0.0,0.0,0.0,0.0,0.0,0.0,0.0,0.0,0.0,0.0,0.68,7.52,7.4,10.6,0.0,0.0,0.0,31.27466334549745,89435.08,30.52717397333333,1.4709999999999999,57.02,3.75,0.04,0.29,0.24,0.36,29.12,4.2,0,18944,282735424,14972,78225776,0,2,41015,37306,0,31,32,20.6,37127.6,33.0,5384.0,45.02,68.68,152.53,0.13084780740134605,2.0736,big_data
35.52,0.0,2.09,0.18,0.21,0.11,0.0,0.0,74.38688888888889,0.0,0.0,0.0,0.0,0.0,0.0,0.0,0.0,0.0,0.0,0.0,0.0,0.71,6.49,7.2,9.0,0.0,0.0,0.0,31.492013055343122,86851.0,29.64514133333333,1.216,53.9,3.44,0.03,0.29,0.41,0.5,43.23,2.24,0,18944,282529248,14996,78225784,0,22,41801,44573,0,38,110,16.4,44760.4,114.0,5384.0,43.98,68.07,151.89,0.1306536711885844,2.0992,big_data
31.03,0.0,1.26,0.02,0.21,0.13,0.0,0.0,86.88888888888891,0.0,0.0,0.0,0.0,0.0,0.0,0.0,0.0,0.0,0.0,0.0,0.0,1.12,8.2,12.0,13.8,0.0,0.0,0.0,31.524969482928853,86966.42,29.68453802666667,1.486,57.42,3.78,0.04,0.29,0.24,0.35,28.34,2.9,0,18944,282534496,15008,78225848,0,14,40536,40483,0,33,111,15.4,40132.2,33.0,5384.0,43.18,67.5,151.25,0.1306536711885844,2.0992,big_data
27.53,0.0,1.84,0.08,0.19,0.13,0.0,0.0,79.30550000000002,0.0,0.4,0.0,0.01,0.0,89.47,0.0,38.0,0.0,0.5,0.0,0.0,0.7,6.17,7.0,8.6,0.0,0.0,0.0,31.516750468641142,86836.84,29.64030805333333,1.5030000000000001,57.36,3.7,0.04,0.29,0.24,0.35,28.52,3.29,0,18944,281835552,15028,78225872,0,39,41174,37125,0,29,32,16.2,37463.6,34.0,5384.0,46.77,67.84,150.91,0.1306536711885844,2.0992,big_data
30.9,0.0,1.49,0.02,0.21,0.11,0.0,0.0,88.4397142857143,0.0,15.2,0.0,0.13,0.0,53.66,0.0,8.63,0.0,0.3,0.0,0.0,0.8,7.94,8.4,10.2,0.0,0.0,0.0,31.641931212082078,87349.86,29.81541888,1.403,56.09,3.65,0.03,0.29,0.28,0.39,32.56,2.09,0,18944,281502816,15036,78225888,0,135,40776,38798,0,33,32,20.6,38799.6,33.0,5385.0,45.66,67.27,150.28,0.1306536711885844,2.0992,big_data
28.0,0.0,1.57,0.09,0.23,0.13,0.0,0.0,81.7871052631579,0.0,0.4,0.0,0.01,0.0,83.33,0.0,24.0,0.0,0.0,0.0,0.0,0.72,6.28,7.2,9.0,0.0,0.0,0.0,31.71149864740728,86899.6,29.661730133333336,1.511,57.46,3.73,0.04,0.29,0.23,0.35,27.91,2.53,0,18944,280913536,15052,78225912,0,65,41808,41248,0,30,32,9.4,41252.4,33.0,5384.0,44.49,66.66,149.64,0.1306536711885844,2.0992,big_data
27.96,0.0,1.53,0.07,0.21,0.12,0.0,0.0,86.12499999999996,0.0,0.0,0.0,0.0,0.0,0.0,0.0,0.0,0.0,0.0,0.0,0.0,0.58,7.31,5.8,7.4,0.0,0.0,0.0,31.830477219549927,87522.95999999999,29.87450368,1.489,57.34,3.71,0.04,0.29,0.24,0.36,29.05,2.88,0,18944,280367616,15060,78225936,0,3,40542,34716,0,30,32,20.6,33825.0,102.0,5384.0,43.57,66.1,149.01,0.1306536711885844,2.0992,big_data
27.58,0.0,2.0,0.12,0.26,0.13,0.0,0.0,72.52545454545451,0.0,0.0,0.0,0.0,0.0,0.0,0.0,0.0,0.0,0.0,0.0,0.0,0.71,6.49,7.2,9.0,0.0,0.0,0.0,31.927152996003198,87562.76,29.888088746666664,1.5219999999999998,57.47,3.83,0.04,0.3,0.23,0.36,28.89,2.78,0,18944,279849504,15068,78225952,0,2,41911,31533,0,29,32,16.2,32410.6,33.0,5385.0,42.72,65.55,148.39,0.1306536711885844,2.0992,big_data
31.88,0.0,1.19,0.04,0.18,0.12,0.0,0.0,80.38384615384616,0.0,0.2,0.0,0.01,0.0,87.5,0.0,32.0,0.0,1.0,0.0,0.0,1.04,8.04,11.0,12.6,0.0,0.0,0.0,32.043413379380034,87743.92,29.949924693333333,1.374,56.34,3.67,0.03,0.29,0.3,0.42,35.26,2.63,0,18944,279213376,15220,78226080,46,22,40707,39659,0,33,30,15.6,39615.0,35.0,5385.0,41.94,65.01,147.77,0.1306536711885844,2.1248,big_data
28.58,0.0,1.39,0.09,0.19,0.11,0.0,0.0,96.80218750000002,0.0,0.6,0.0,0.01,0.0,57.14,0.0,9.33,0.0,0.0,0.0,0.0,0.7,6.17,7.0,8.6,0.0,0.0,0.0,32.145997899222984,86175.74,29.41465258666667,1.538,57.15,3.64,0.04,0.28,0.22,0.35,27.81,1.74,0,18944,278802208,15244,78226080,0,23,41254,43095,0,31,117,16.2,43100.8,33.0,5351.0,46.99,65.68,147.54,0.1306779382151796,2.1248,big_data
27.73,0.0,1.21,0.12,0.2,0.11,0.0,0.0,79.52736842105263,0.0,0.6,0.0,0.01,0.0,66.67,0.0,12.0,0.0,0.0,0.0,0.0,0.59,7.64,6.0,8.0,0.0,0.0,0.0,32.210266193325246,86443.34,29.50599338666667,1.501,57.24,3.79,0.04,0.3,0.23,0.35,28.78,1.84,0,18944,278405056,15264,78226104,0,26,41288,33976,0,30,33,20.6,34018.2,33.0,5344.0,48.6,65.7,147.11,0.12985285931094265,2.1248,big_data
30.18,0.0,0.81,0.05,0.23,0.13,0.0,0.0,76.46214285714284,0.0,0.0,0.0,0.0,0.0,0.0,0.0,0.0,0.0,0.0,0.0,0.0,0.72,6.28,7.2,9.0,0.0,0.0,0.0,32.29957594359724,86891.62,29.65900629333333,1.4709999999999999,56.32,3.67,0.03,0.29,0.26,0.39,31.86,1.76,0,18944,277963040,15280,78226120,0,10,40720,39698,0,31,32,9.4,39703.6,33.0,5343.0,51.59,66.04,146.78,0.129658723098181,2.1248,big_data
30.25,0.0,0.84,0.09,0.22,0.12,0.0,0.0,77.22500000000002,0.0,1.6,0.0,0.01,0.0,57.89,0.0,9.5,0.0,0.25,0.0,0.0,0.63,7.4,6.4,8.2,0.0,0.0,0.0,32.370103274871546,86845.1,29.64312746666667,1.499,56.0,3.68,0.03,0.3,0.26,0.39,32.19,1.19,0,18944,277765056,15300,78226144,0,69,41557,45573,0,31,37,20.6,45561.6,33.0,5343.0,53.31,66.15,146.38,0.129658723098181,2.1248,big_data
27.84,0.0,0.51,0.06,0.28,0.13,0.0,0.0,81.64710526315787,0.0,0.0,0.0,0.0,0.0,0.0,0.0,0.0,0.0,0.0,0.0,0.0,1.33,7.43,14.4,16.4,0.0,0.0,0.0,32.40790770774838,85259.74,29.10199125333334,1.534,56.8,3.81,0.04,0.3,0.24,0.37,30.43,0.96,0,18944,277752672,15308,78226160,0,6,41204,34923,0,29,32,16.4,34941.4,33.0,5344.0,51.68,65.6,145.77,0.129658723098181,2.1248,big_data
28.61,0.0,0.65,0.05,0.28,0.13,0.0,0.0,82.58736842105263,0.0,0.0,0.0,0.0,0.0,0.0,0.0,0.0,0.0,0.0,0.0,0.0,1.28,8.47,13.8,16.0,0.0,0.0,0.0,32.41006557810473,86844.3,29.6428544,1.554,56.44,3.78,0.04,0.34,0.23,0.36,29.46,1.35,0,18944,277572992,15316,78234960,0,6,41451,32415,0,30,32,15.4,32162.6,33.0,5343.0,50.1,65.04,145.16,0.129658723098181,2.1248,big_data
28.05,0.0,0.52,0.04,0.27,0.12,0.0,0.0,79.42487179487176,0.0,15.4,0.0,1.75,0.0,45.0,0.0,116.21,0.0,1.97,0.4,0.03,0.7,6.17,7.0,8.6,0.0,0.0,0.0,32.44234568089851,85077.28,29.03971157333333,1.581,56.35,3.65,0.04,0.29,0.22,0.35,27.98,0.76,0,18944,277568640,15332,78234976,0,1792,41030,37046,0,29,32,16.2,37300.6,34.0,5343.0,48.73,64.51,144.56,0.129658723098181,2.1248,big_data
31.72,0.0,0.53,0.02,0.18,0.11,0.0,0.0,85.13405405405405,0.0,0.4,0.0,0.01,0.0,71.43,0.0,14.0,0.0,0.0,0.0,0.0,0.59,7.64,6.0,8.0,0.0,0.0,0.0,32.44275284055465,87456.74,29.85190058666667,1.3780000000000001,56.22,3.81,0.04,0.3,0.29,0.4,33.75,1.24,0,18944,277471520,15348,78235008,0,8,41190,33872,0,33,32,20.6,33873.6,33.0,5344.0,47.63,64.02,143.97,0.129658723098181,2.1248,big_data
28.76,0.0,0.86,0.11,0.2,0.11,0.0,0.0,77.72951219512196,0.0,0.0,0.0,0.0,0.0,0.0,0.0,0.0,0.0,0.0,0.0,0.0,0.72,6.28,7.2,9.0,0.0,0.0,0.0,32.46116146120881,85657.8,29.237862400000004,1.5390000000000001,57.43,3.65,0.03,0.29,0.22,0.34,27.21,1.24,0,18944,277436864,15356,78235040,0,2,42293,47332,0,30,32,9.4,47331.8,34.0,5343.0,46.38,63.49,143.37,0.129658723098181,2.1248,big_data
31.51,0.0,0.68,0.1,0.18,0.11,0.0,0.0,82.87157894736845,0.0,0.0,0.0,0.0,0.0,0.0,0.0,0.0,0.0,0.0,0.0,0.0,0.58,7.33,5.8,7.6,0.0,0.0,0.0,32.46802934233594,88503.8,30.20929706666667,1.4280000000000002,55.44,3.77,0.03,0.3,0.28,0.4,33.98,1.52,0,18944,277368960,15364,78235056,0,2,41717,42530,0,33,32,20.6,42527.0,33.0,5343.0,45.23,62.97,142.77,0.129658723098181,2.1248,big_data
27.82,0.0,0.54,0.08,0.2,0.12,0.0,0.0,75.49292682926828,0.0,0.0,0.0,0.0,0.0,0.0,0.0,0.0,0.0,0.0,0.0,0.0,0.71,6.49,7.2,9.0,0.0,0.0,0.0,32.4876564091119,86368.1,29.48031146666667,1.538,56.95,3.77,0.04,0.3,0.23,0.35,28.3,0.87,0,18944,277304352,15372,78235072,0,46,40959,32827,0,29,32,16.2,32826.8,33.0,5344.0,44.17,62.45,142.17,0.129658723098181,2.1248,big_data
32.16,0.0,0.75,0.1,0.17,0.11,0.0,0.0,86.37944444444445,0.0,0.0,0.0,0.0,0.0,0.0,0.0,0.0,0.0,0.0,0.0,0.0,0.6,7.43,6.0,8.0,0.0,0.0,0.0,32.49373575012286,89011.7,30.382660266666665,1.382,55.91,3.84,0.04,0.31,0.3,0.42,35.65,1.59,0,18944,277199776,15440,78235512,96,26,41514,31115,3,33,32,18.4,31112.4,33.0,5343.0,43.2,61.95,141.58,0.129658723098181,2.1248,big_data
27.36,0.0,1.14,0.13,0.26,0.13,0.0,0.0,76.3665,0.0,0.0,0.0,0.0,0.0,0.0,0.0,0.0,0.0,0.0,0.0,0.0,1.37,9.12,15.0,17.4,0.0,0.0,0.0,32.511808483016004,83047.76,28.34696874666667,1.5090000000000001,56.42,3.75,0.04,0.31,0.23,0.35,28.7,0.74,0,18944,277076800,15464,78235584,0,34,41850,34355,0,30,28,22.8,33831.4,90.0,5345.0,48.31,62.69,141.4,0.129658723098181,2.1248,big_data
19.69,0.0,0.55,0.03,0.18,0.1,0.0,0.0,62.42181818181819,0.0,0.8,0.0,0.0,0.0,20.0,0.0,5.0,0.0,0.25,0.0,0.0,3.72,19.91,43.2,49.4,0.0,0.0,0.0,32.535210685598095,34307.2,11.710190933333333,0.9259999999999999,45.99,3.39,0.03,0.28,0.65,0.61,54.87,1.98,0,18944,276932768,15480,78235600,0,49,38348,19186,0,20,7,20.6,19733.0,8.0,5333.0,51.24,63.07,141.09,0.1297072571513714,2.1248,big_data
4.15,0.0,0.11,0.0,0.12,0.09,0.0,0.0,64.68833333333335,0.0,0.0,0.0,0.0,0.0,0.0,0.0,0.0,0.0,0.0,0.0,0.0,1.73,7.67,19.2,22.8,0.0,0.0,0.0,32.563391896211144,10093.22,3.4451524266666667,1.046,51.06,3.65,0.06,0.35,0.34,0.36,31.79,0.37,0,18944,277006784,15488,78235616,0,10,36026,8126,0,4,1,9.4,8128.4,2.0,5317.0,47.62,62.12,140.37,0.12919764959287208,2.1248,big_data
1.75,0.0,0.12,0.0,0.08,0.05,0.0,0.0,0.0,0.0,0.0,0.0,0.0,0.0,0.0,0.0,0.0,0.0,0.0,0.0,0.0,124.31,65.85,117.0,138.4,0.0,0.0,0.0,32.549362706048285,8455.76,2.886232746666667,1.209,50.86,3.61,0.07,0.59,0.32,0.38,30.13,3.19,0,18944,276970880,15604,78257800,0,6,38805,13244,0,2,0,27.0,13248.8,1.0,5344.0,43.89,61.1,139.62,0.12902778040670568,2.1248,big_data
30.26,0.0,2.17,0.24,0.27,0.13,0.0,0.0,65.7591489361702,0.2,20.8,0.0,4.3,0.0,59.69,4.0,211.5,3.0,2.2,0.96,0.04,72.52,30.33,87.2,103.6,0.0,0.0,0.0,32.57303104091958,86373.44,29.48213418666667,1.226,55.99,3.51,0.03,0.25,0.34,0.41,33.78,2.38,0,18944,276192704,15624,78257880,1,4405,44453,47904,0,34,186,29.2,45711.8,171.0,5409.0,43.02,60.64,139.04,0.13123607982686933,2.1248,big_data
30.8,0.0,1.63,0.22,0.28,0.14,0.0,0.0,78.72300000000001,0.0,0.4,0.0,0.01,0.0,81.82,0.0,22.0,0.0,0.0,0.0,0.0,0.6,6.69,6.0,7.8,0.0,0.0,0.0,32.71397879562553,82817.01999999999,28.26820949333333,1.3530000000000002,57.05,3.6,0.03,0.25,0.24,0.33,26.67,2.21,0,18944,275795072,15640,78257888,0,57,41858,47671,0,32,32,15.6,49831.2,32.0,5408.0,42.21,60.18,138.47,0.13123607982686933,2.1248,big_data
27.73,0.0,1.9,0.19,0.25,0.12,0.0,0.0,82.3084210526316,0.0,0.0,0.0,0.0,0.0,0.0,0.0,0.0,0.0,0.0,0.0,0.0,0.9,8.52,10.2,15.2,0.0,0.0,0.0,32.804818617007534,83929.0,28.647765333333336,1.3880000000000001,59.69,3.86,0.04,0.26,0.24,0.34,28.05,2.27,30,18944,275264704,15648,78257920,0,6,42090,45880,0,30,51,16.2,45795.4,33.0,5392.0,41.39,59.71,137.9,0.13084780740134605,2.1248,big_data
27.88,0.0,2.0,0.18,0.2,0.11,0.0,0.0,94.76727272727274,0.0,0.0,0.0,0.0,0.0,0.0,0.0,0.0,0.0,0.0,0.0,0.0,0.59,6.89,6.0,7.8,0.0,0.0,0.0,32.89241329252689,85129.5,29.057536,1.3869999999999998,59.85,3.89,0.04,0.26,0.25,0.35,29.04,2.82,0,18944,274729632,15656,78257944,0,27,43435,39257,0,30,36,20.4,39346.2,33.0,5392.0,40.64,59.25,137.33,0.13084780740134605,2.1248,big_data
31.74,0.0,2.21,0.22,0.2,0.12,0.0,0.0,95.6957575757576,0.0,0.0,0.0,0.0,0.0,0.0,0.0,0.0,0.0,0.0,0.0,0.0,0.72,8.22,7.2,9.2,0.0,0.0,0.0,32.98531620780898,87857.36,29.988645546666664,1.307,59.03,3.86,0.03,0.26,0.33,0.43,36.76,3.43,0,18944,274085632,15664,78257952,0,2,42003,38033,0,35,33,9.6,38028.2,32.0,5392.0,40.03,58.81,136.77,0.13084780740134605,2.1248,big_data
29.19,0.0,1.44,0.08,0.26,0.13,0.0,0.0,79.6802564102564,0.0,0.0,0.0,0.0,0.0,0.0,0.0,0.0,0.0,0.0,0.0,0.0,0.58,6.58,5.8,7.4,0.0,0.0,0.0,33.11909355493939,85289.26,29.11206741333333,1.411,59.33,3.6,0.03,0.25,0.25,0.35,28.78,2.18,0,18944,273466432,15696,78257968,0,27,41287,49253,0,31,32,20.6,49248.4,34.0,5392.0,39.39,58.37,136.21,0.13084780740134605,2.1248,big_data
29.31,0.0,2.22,0.26,0.22,0.11,0.0,0.0,86.58,0.0,12.8,0.0,0.1,0.0,50.39,0.0,8.06,0.0,0.34,0.0,0.0,0.71,8.42,7.2,9.2,0.0,0.0,0.0,33.2200433704646,87159.8,29.75054506666667,1.308,59.92,3.97,0.04,0.27,0.28,0.37,30.9,3.29,0,18944,272670912,15704,78257992,0,106,42818,31309,0,32,33,16.0,31306.2,33.0,5392.0,38.88,57.95,135.66,0.13084780740134605,2.1248,big_data
28.94,0.0,1.6,0.14,0.22,0.14,0.0,0.0,83.58447368421052,0.0,0.0,0.0,0.0,0.0,0.0,0.0,0.0,0.0,0.0,0.0,0.0,0.71,6.84,7.2,9.0,0.0,0.0,0.0,33.37872190460947,85869.62,29.310163626666665,1.381,60.04,3.77,0.03,0.26,0.27,0.37,30.29,2.95,0,18944,272119680,15712,78258032,0,3,41625,43686,0,31,35,14.0,43426.4,33.0,5392.0,38.32,57.51,135.1,0.13084780740134605,2.1248,big_data
28.51,0.0,2.35,0.19,0.22,0.1,0.0,0.0,88.85388888888893,0.0,0.4,0.0,0.01,0.0,75.0,0.0,16.0,0.0,0.5,0.0,0.0,0.7,8.11,7.0,8.8,0.0,0.0,0.0,33.50295867454595,87328.9,29.80826453333333,1.446,60.17,3.77,0.03,0.25,0.26,0.37,30.53,3.58,0,18944,271342624,15728,78258048,0,70,42396,54468,0,31,93,16.2,54663.2,34.0,5392.0,37.82,57.09,134.54,0.13084780740134605,2.0992,big_data
28.58,0.0,1.93,0.18,0.22,0.13,0.0,0.0,92.91970588235296,0.0,0.0,0.0,0.0,0.0,0.0,0.0,0.0,0.0,0.0,0.0,0.0,0.7,7.05,7.2,9.0,0.0,0.0,0.0,33.635062648564464,86287.2,29.452697600000004,1.4140000000000001,60.04,3.86,0.04,0.26,0.25,0.36,29.69,3.11,0,18944,270772992,15736,78258064,0,3,42813,40319,0,31,33,20.4,40381.8,33.0,5392.0,40.88,57.4,134.23,0.13084780740134605,2.0992,big_data
36.5,0.0,1.5,0.05,0.27,0.12,0.0,0.0,67.25346153846154,0.4,0.4,0.0,0.03,0.0,95.35,4.0,86.0,0.5,0.0,0.0,0.0,1.86,9.94,20.4,22.4,0.0,0.0,0.0,33.73650226881568,89958.16,30.70571861333333,1.253,57.98,3.68,0.03,0.27,0.37,0.46,39.88,2.83,0,18944,269879168,15780,78258160,2,46,42057,49881,0,39,32,9.6,49871.4,35.0,5392.0,40.16,56.98,133.68,0.13084780740134605,2.0992,big_data
28.75,0.0,2.2,0.1,0.27,0.12,0.0,0.0,81.8472222222222,0.0,0.0,0.0,0.0,0.0,0.0,0.0,0.0,0.0,0.0,0.0,0.0,0.58,6.58,5.8,7.4,0.0,0.0,0.0,33.91022296388801,87482.64,29.86074112,1.449,60.04,3.69,0.03,0.25,0.26,0.38,31.38,3.81,0,18944,269256480,15788,78258216,0,2,40913,46968,0,32,130,20.6,46659.6,36.0,5360.0,39.51,56.57,133.13,0.13087207442794124,2.0992,big_data
29.74,0.0,2.2,0.15,0.24,0.12,0.0,0.0,75.3288372093023,0.0,0.4,0.0,0.01,0.0,71.43,0.0,14.0,0.0,0.5,0.0,0.0,1.02,8.91,10.8,13.0,0.0,0.0,0.0,34.043608315595286,87343.45999999999,29.81323434666666,1.3980000000000001,60.13,3.83,0.04,0.26,0.27,0.38,31.88,4.27,0,18944,268336160,15816,78258272,7,9,42247,51073,0,33,32,16.2,51372.4,33.0,5344.0,38.91,56.16,132.59,0.129658723098181,2.0992,big_data
28.63,0.0,2.22,0.18,0.28,0.13,0.0,0.0,78.44000000000003,0.0,0.6,0.0,0.01,0.0,82.35,0.0,22.67,0.0,0.0,0.0,0.0,0.6,6.69,6.0,7.8,0.0,0.0,0.0,34.20063773940106,87749.74,29.951911253333336,1.3840000000000001,60.13,3.76,0.03,0.25,0.27,0.37,30.44,4.1,0,18944,267443744,15832,78258304,0,16,41794,39972,0,32,113,15.6,39331.0,114.0,5343.0,38.36,55.76,132.05,0.129658723098181,2.0992,big_data
29.08,0.0,2.53,0.2,0.25,0.13,0.0,0.0,84.20868421052633,0.0,4.6,0.0,0.04,0.0,57.41,0.0,9.39,0.0,0.26,0.0,0.0,0.7,8.1,7.0,8.6,0.0,0.0,0.0,34.396222225617315,87889.04000000001,29.99945898666667,1.423,60.43,3.81,0.03,0.26,0.25,0.36,29.81,3.82,0,18944,266507728,15848,78258312,0,50,42327,47306,0,32,32,16.0,47941.0,33.0,5344.0,38.01,55.4,131.52,0.129780058231157,2.1248,big_data
35.5,0.0,2.19,0.15,0.23,0.11,0.0,0.0,86.22657894736845,0.0,0.2,0.0,0.0,0.0,50.0,0.0,8.0,0.0,1.0,0.0,0.0,0.9,7.36,9.6,11.4,0.0,0.0,0.0,34.559359044265115,92051.28,31.42017024,1.225,58.72,3.86,0.03,0.26,0.37,0.46,39.71,3.73,0,18944,265591328,15856,78258344,0,54,42301,44589,0,39,33,20.6,44018.6,35.0,5344.0,37.68,55.04,131.0,0.1297072571513714,2.1248,big_data
27.82,0.0,2.18,0.11,0.2,0.11,0.0,0.0,84.9472972972973,0.0,0.6,0.0,0.02,0.0,88.89,0.0,36.0,0.0,0.0,0.0,0.0,1.03,8.67,10.8,12.6,0.0,0.0,0.0,34.74045789690513,86901.54000000001,29.66239232,1.4240000000000002,60.57,3.85,0.04,0.25,0.25,0.35,29.17,3.21,0,18944,264803408,15872,78258352,0,37,41695,40808,0,30,32,9.2,41344.4,35.0,5343.0,37.23,54.66,130.47,0.129658723098181,2.1248,big_data
32.8,0.0,1.4,0.12,0.19,0.12,0.0,0.0,84.42842105263159,0.0,0.0,0.0,0.0,0.0,0.0,0.0,0.0,0.0,0.0,0.0,0.0,0.58,6.58,5.8,7.4,0.0,0.0,0.0,34.870372155677984,88370.88,30.16392704,1.249,58.76,3.8,0.03,0.26,0.36,0.45,38.63,3.2,0,18944,264047456,15880,78258376,0,8,40857,47345,0,35,34,21.0,46835.8,117.0,5343.0,36.81,54.28,129.94,0.12982859228434745,2.1504,big_data
30.75,0.0,1.65,0.06,0.2,0.12,0.0,0.0,89.39399999999999,0.0,0.4,0.0,0.0,0.0,66.67,0.0,12.0,0.0,0.5,0.0,0.0,0.87,8.64,9.0,10.8,0.0,0.0,0.0,35.03131243517527,89494.66,30.54751061333333,1.3090000000000002,59.62,3.78,0.03,0.26,0.34,0.44,37.6,2.75,0,18944,263344160,15896,78258384,0,10,41081,38523,0,33,32,14.4,37773.2,36.0,5346.0,36.43,53.91,129.41,0.129658723098181,2.1504,big_data
38.08,0.0,1.18,0.09,0.21,0.11,0.0,0.0,77.83340909090913,0.0,0.2,0.0,0.0,0.0,83.33,0.0,24.0,0.0,0.0,0.0,0.0,0.65,6.76,6.6,8.4,0.0,0.0,0.0,35.164475630869056,91320.32,31.170669226666664,1.4269999999999998,59.89,3.8,0.03,0.26,0.27,0.39,32.27,2.3,0,18944,263756848,15904,78258432,0,9,41373,57076,0,39,32,15.6,58264.2,36.0,5343.0,44.24,55.24,129.44,0.1297072571513714,2.176,big_data
28.86,0.0,1.06,0.12,0.18,0.11,0.0,0.0,92.42764705882355,0.0,0.4,0.0,0.0,0.0,66.67,0.0,12.0,0.0,0.0,0.0,0.0,0.7,8.1,7.0,8.6,0.0,0.0,0.0,35.069814422770236,86363.18000000001,29.47863210666667,1.469,60.76,3.92,0.04,0.26,0.25,0.37,30.57,2.75,0,18944,263368448,15920,78258448,0,7,41094,40044,0,30,32,15.8,40097.2,33.0,5343.0,43.26,54.86,128.91,0.129780058231157,2.176,big_data
28.87,0.0,1.38,0.12,0.18,0.12,0.0,0.0,96.97424242424243,0.0,0.6,0.0,0.0,0.0,40.0,0.0,6.67,0.0,0.33,0.0,0.0,0.59,6.89,6.0,7.8,0.0,0.0,0.0,35.14230931327671,86867.1,29.6506368,1.469,60.68,3.9,0.04,0.26,0.25,0.37,31.12,2.27,0,18944,262902000,15928,78258464,0,6,41375,35759,0,31,32,19.6,34760.6,86.0,5343.0,42.36,54.48,128.39,0.1297072571513714,2.176,big_data
28.2,0.0,1.27,0.13,0.18,0.12,0.0,0.0,90.58257142857146,0.0,0.0,0.0,0.0,0.0,0.0,0.0,0.0,0.0,0.0,0.0,0.0,0.72,8.2,7.2,9.0,0.0,0.0,0.0,35.222738888702075,87573.28,29.89167957333333,1.464,60.94,3.97,0.04,0.26,0.25,0.36,30.25,2.98,0,18944,262397312,15936,78258480,0,48,41154,30444,0,30,33,10.4,31436.8,35.0,5343.0,45.61,54.95,128.15,0.129658723098181,2.2016,big_data
28.45,0.0,1.7,0.08,0.27,0.12,0.0,0.0,88.66333333333334,0.0,0.0,0.0,0.0,0.0,0.0,0.0,0.0,0.0,0.0,0.0,0.0,0.8,7.39,8.4,10.2,0.0,0.0,0.0,35.34641609844074,87598.64,29.900335786666666,1.454,60.5,3.91,0.04,0.26,0.26,0.37,30.97,3.26,0,18944,261669712,15944,78258496,0,3,41086,33295,0,31,31,21.0,33050.0,35.0,5343.0,47.64,55.22,127.84,0.12980432525775226,2.2016,big_data
22.42,0.0,1.13,0.09,0.23,0.13,0.0,0.0,75.63290322580643,0.0,0.0,0.0,0.0,0.0,0.0,0.0,0.0,0.0,0.0,0.0,0.0,3.36,19.04,38.6,43.6,0.0,0.0,0.0,35.457814070505115,62263.34,21.252553386666666,1.4080000000000001,57.91,3.65,0.03,0.24,0.28,0.39,32.25,4.29,0,18944,261241600,15952,78258464,0,10,39711,27187,0,23,16,14.6,27451.2,16.0,5338.0,46.07,54.76,127.3,0.129658723098181,2.2016,big_data
8.99,0.0,0.65,0.03,0.12,0.08,0.0,0.0,52.65333333333335,0.0,0.0,0.0,0.0,0.0,0.0,0.0,0.0,0.0,0.0,0.0,0.0,2.12,10.52,24.0,27.6,0.0,0.0,0.0,35.539738839304576,24842.620000000006,8.479614293333334,1.499,58.92,3.65,0.04,0.23,0.25,0.38,31.93,5.97,0,18944,260957696,15960,78258488,0,6,36744,12049,0,10,6,17.2,12067.8,7.0,5325.0,43.5,54.09,126.7,0.12951312093860975,2.2016,big_data
5.99,0.0,0.77,0.06,0.06,0.08,0.0,0.0,83.9914285714286,0.0,0.0,0.0,0.0,0.0,0.0,0.0,0.0,0.0,0.0,0.0,0.0,0.7,3.54,7.0,8.6,0.0,0.0,0.0,35.60290393545586,16466.48,5.620558506666668,0.997,53.31,3.97,0.03,0.25,0.56,0.56,51.29,4.52,0,18944,260589008,15968,78258496,0,2,36553,11203,0,7,6,15.8,11203.2,7.0,5317.0,40.58,53.31,126.05,0.12914911553968167,2.2016,big_data
10.02,0.0,0.36,0.07,0.08,0.08,0.0,0.0,63.69250000000002,0.0,0.0,0.0,0.0,0.0,0.0,0.0,0.0,0.0,0.0,0.0,0.0,0.93,4.47,10.0,12.2,0.0,0.0,0.0,35.65638363598804,15780.1,5.386274133333332,1.146,52.9,3.08,0.03,0.18,0.41,0.46,42.28,3.96,0,18944,260290976,15976,78258528,0,3,36410,11639,0,11,5,19.6,11588.4,5.0,5317.0,37.81,52.52,125.41,0.12902778040670568,2.2016,big_data
3.56,0.0,0.69,0.12,0.06,0.07,0.0,0.0,96.0,0.0,0.0,0.0,0.0,0.0,0.0,0.0,0.0,0.0,0.0,0.0,0.0,0.89,3.74,9.2,11.2,0.0,0.0,0.0,35.71279458275973,9371.56,3.1988258133333334,1.2229999999999999,55.19,3.34,0.04,0.23,0.27,0.33,29.39,4.85,0,18944,260222816,15984,78258544,0,3,36189,8604,0,5,3,10.4,8678.0,4.0,5315.0,39.19,52.56,125.03,0.12902778040670568,2.176,big_data
7.86,0.0,0.49,0.01,0.12,0.07,0.0,0.0,0.0,0.0,0.0,0.0,0.0,0.0,0.0,0.0,0.0,0.0,0.0,0.0,0.0,185.57,43.47,164.4,173.2,0.01,0.0,0.0,35.725870700878346,19656.72,6.70949376,0.795,33.69,4.07,0.45,1.62,0.45,0.36,32.62,1.0,0,18944,260005696,16104,78258080,1,46,69662,74643,0,9,33,65.8,73884.4,27.0,5535.0,36.05,51.69,124.36,0.12900351338011046,2.176,big_data
61.94,0.0,2.03,0.26,0.38,0.06,0.0,0.0,64.40773437499999,0.0,1.0,0.0,0.18,0.0,97.83,0.0,184.0,0.0,1.2,0.0,0.0,0.71,13.97,7.2,9.0,0.0,0.0,0.0,35.79235448942237,131879.08000000002,45.01472597333334,0.818,56.26,4.4,0.13,0.21,0.84,0.69,53.8,2.91,0,18944,259052768,16120,78258112,0,205,98701,230580,0,65,129,14.4,230264.2,139.0,5535.0,39.65,52.17,124.12,0.1343179922044604,2.176,big_data
54.61,0.0,0.76,0.09,0.29,0.06,0.0,0.0,81.77177215189872,0.0,0.0,0.0,0.0,0.0,0.0,0.0,0.0,0.0,0.0,0.0,0.0,0.6,11.01,6.0,7.8,0.0,0.0,0.0,35.86945551570353,118142.06,40.32582314666667,0.8,59.48,4.78,0.15,0.16,0.87,0.69,53.98,1.56,0,18944,259490448,16128,78258120,0,17,40713,80151,0,55,65,15.6,81163.0,66.0,5535.0,41.76,52.4,123.81,0.1343179922044604,2.176,big_data
44.32,0.0,0.76,0.07,0.28,0.07,0.0,0.0,67.77466666666669,0.2,50.8,0.0,9.73,0.0,34.03,4.0,196.22,5.0,2.78,2.32,0.14,7.0,47.09,21.2,32.8,0.0,0.0,0.0,35.86320178601304,103170.44,35.215510186666656,0.8690000000000001,55.17,4.51,0.14,0.3,0.75,0.65,51.53,2.53,0,18944,257993536,16340,78622768,1,9974,41805,78793,0,45,15,15.8,78702.4,17.0,5535.0,43.54,52.6,123.49,0.1344393273374364,2.176,big_data
44.63,0.0,1.74,0.29,0.3,0.12,0.0,0.0,49.07192982456139,0.2,104.8,0.0,24.84,0.0,28.32,4.0,242.7,6.0,5.21,5.84,0.54,66.61,36.63,85.8,99.0,0.0,0.0,0.0,35.98107943483965,89284.5,30.475776,1.421,58.15,3.27,0.05,0.47,0.26,0.38,29.64,1.59,0,18944,258881664,16424,78719832,1,25445,45940,171991,0,47,34,31.4,172053.4,33.0,5594.0,47.26,53.22,123.31,0.1343179922044604,2.176,big_data
31.42,0.0,1.31,0.11,0.19,0.09,0.0,0.0,75.73761904761906,0.0,0.4,0.0,0.02,0.0,93.33,0.0,60.0,0.0,0.0,0.0,0.0,0.75,9.63,7.6,9.8,0.0,0.0,0.0,35.90392533374297,82923.24,28.30446592,1.2819999999999998,57.2,3.62,0.05,0.51,0.29,0.37,30.56,1.28,0,18944,258980592,16456,78733808,0,35,42599,58929,0,33,30,10.4,57934.6,31.0,5594.0,46.04,52.87,122.82,0.13574974677357748,2.176,big_data
25.23,0.0,1.23,0.13,0.23,0.12,0.0,0.0,79.4836111111111,0.0,0.0,0.0,0.0,0.0,0.0,0.0,0.0,0.0,0.0,0.0,0.0,0.79,8.3,9.0,13.8,0.0,0.0,0.0,35.869876323169365,74162.16,25.31401728,1.386,57.79,3.58,0.04,0.57,0.21,0.29,24.46,1.01,0,18944,258968384,16464,78741520,0,6,41985,40749,0,27,29,21.0,40678.6,93.0,5579.0,44.75,52.49,122.32,0.13577401380017268,2.176,big_data
25.03,0.0,1.51,0.17,0.26,0.14,0.0,0.0,81.53600000000003,0.0,40.6,0.0,9.61,0.0,7.31,0.0,242.38,0.0,4.46,2.4,0.18,0.71,8.54,7.2,9.0,0.0,0.0,0.0,35.879766435934016,73063.68000000001,24.939069440000004,1.358,57.67,3.66,0.04,0.58,0.22,0.3,25.24,1.08,0,18944,258799392,16484,78741536,0,9903,42617,37792,0,27,30,14.6,38834.2,30.0,5579.0,43.49,52.1,121.82,0.1353857413746494,2.176,big_data
29.31,0.0,1.05,0.21,0.24,0.12,0.0,0.0,84.92454545454547,0.4,139.6,0.0,33.01,0.0,1.83,4.0,242.15,5.5,4.94,8.72,0.7,0.6,7.1,6.0,7.8,0.0,0.0,0.0,35.904045131183686,75815.72,25.878432426666667,1.286,57.19,3.55,0.04,0.54,0.3,0.38,32.51,1.82,22,18944,258567744,16508,78741576,2,37129,41587,40665,0,30,89,17.2,40184.2,30.0,5579.0,42.33,51.71,121.32,0.1353857413746494,2.176,big_data
25.62,0.0,1.38,0.27,0.23,0.12,0.0,0.0,88.94375000000002,0.0,81.6,0.0,15.13,0.0,21.84,0.0,189.86,0.0,5.5,4.0,0.43,0.7,8.22,7.0,8.6,0.0,0.0,0.0,35.955726353681705,73691.4,25.1533312,1.505,58.1,3.52,0.04,0.55,0.21,0.32,26.48,1.2,0,18944,258392304,16516,78741584,0,12176,41483,46395,0,28,61,15.8,46884.8,30.0,5579.0,41.26,51.33,120.82,0.13541000840124462,2.2016,big_data
25.63,0.0,0.85,0.1,0.17,0.1,0.0,0.0,93.00483870967743,0.0,0.4,0.0,0.01,0.0,88.24,0.0,34.0,0.0,0.0,0.0,0.0,0.59,7.31,6.0,7.8,0.0,0.0,0.0,35.985198040523294,74191.34,25.323977386666666,1.485,57.64,3.44,0.04,0.54,0.22,0.33,26.79,1.22,0,18944,258225328,16532,78741616,0,34,41323,38162,0,27,29,19.6,37846.6,30.0,5579.0,40.68,51.05,120.36,0.1353857413746494,2.2016,big_data
26.53,0.0,1.59,0.19,0.17,0.12,0.0,0.0,96.41966666666666,0.0,0.0,0.0,0.0,0.0,0.0,0.0,0.0,0.0,0.0,0.0,0.0,0.72,8.33,7.2,9.0,0.0,0.0,0.0,36.024176943246225,74667.4,25.48647253333333,1.464,57.91,3.65,0.04,0.57,0.24,0.35,29.76,1.8,0,18944,257948784,16540,78741632,0,3,42667,40960,0,29,29,10.4,41131.2,30.0,5579.0,46.31,52.04,120.31,0.1353857413746494,2.2016,big_data
26.52,0.0,0.8,0.05,0.16,0.1,0.0,0.0,82.33028571428571,0.0,0.0,0.0,0.0,0.0,0.0,0.0,0.0,0.0,0.0,0.0,0.0,0.58,7.0,5.8,7.4,0.0,0.0,0.0,36.072334756205954,74263.9,25.34874453333333,1.4569999999999999,58.17,3.63,0.04,0.57,0.23,0.34,28.67,1.83,0,18944,257716544,16548,78741640,0,2,40079,35590,0,27,29,21.0,35733.8,30.0,5387.0,44.93,51.66,119.82,0.13541000840124462,2.2016,big_data
25.62,0.0,1.34,0.11,0.27,0.13,0.0,0.0,86.5339393939394,0.0,0.0,0.0,0.0,0.0,0.0,0.0,0.0,0.0,0.0,0.0,0.0,0.71,8.54,7.2,9.0,0.0,0.0,0.0,36.12320999971984,75048.74,25.61663658666667,1.442,57.8,3.59,0.04,0.56,0.22,0.32,27.1,1.45,0,18944,257441472,16556,78741648,0,2,41426,38840,0,28,29,13.8,36808.2,30.0,5388.0,43.65,51.28,119.33,0.13072647226837006,2.2016,big_data
25.74,0.0,1.61,0.17,0.25,0.13,0.0,0.0,87.47151515151512,0.0,0.0,0.0,0.0,0.0,0.0,0.0,0.0,0.0,0.0,0.0,0.0,1.17,7.97,12.6,14.4,0.0,0.0,0.0,36.16376067519353,75328.22,25.712032426666664,1.43,58.23,3.62,0.04,0.56,0.22,0.32,26.63,1.81,0,18944,257230432,16564,78741880,0,53,42604,41070,0,28,29,16.2,42376.4,57.0,5387.0,49.2,52.31,119.29,0.13072647226837006,2.2016,big_data
26.57,0.0,1.06,0.09,0.26,0.13,0.0,0.0,81.74828571428574,0.0,0.4,0.0,0.03,0.0,93.94,0.0,66.0,0.0,0.5,0.0,0.0,1.11,8.85,11.8,13.4,0.0,0.0,0.0,36.212518991780186,74665.45999999999,25.485810346666664,1.4780000000000002,58.26,3.59,0.04,0.56,0.23,0.34,28.16,1.55,0,18944,256964640,16584,78742096,0,36,41228,45532,0,28,29,15.8,43766.0,29.0,5364.0,47.59,51.92,118.81,0.13072647226837006,2.2016,big_data
26.06,0.0,1.59,0.1,0.17,0.1,0.0,0.0,95.345,0.0,4.8,0.0,0.04,0.0,52.94,0.0,8.5,0.0,0.29,0.0,0.0,0.9,7.78,9.6,11.4,0.0,0.0,0.0,36.25880553838733,75032.51999999999,25.61110016,1.385,58.2,3.54,0.04,0.55,0.24,0.33,27.69,1.84,0,18944,256690032,16600,78742224,0,46,40771,35337,0,28,85,19.0,37720.2,30.0,5341.0,46.1,51.54,118.33,0.1300955295768947,2.2016,big_data
26.66,0.0,1.49,0.19,0.18,0.12,0.0,0.0,91.76645161290324,0.0,0.4,0.0,0.01,0.0,88.24,0.0,34.0,0.0,0.0,0.0,0.0,0.93,8.64,9.6,11.4,0.0,0.0,0.0,36.304525700891794,74684.64,25.49235712,1.4680000000000002,58.38,3.55,0.04,0.55,0.22,0.33,27.14,1.65,0,18944,256450752,16616,78742360,0,18,42167,47161,0,29,29,11.0,47210.2,30.0,5337.0,44.73,51.17,117.85,0.1295859220183954,2.2016,big_data
25.91,0.0,1.03,0.06,0.24,0.12,0.0,0.0,87.28848484848484,0.0,0.0,0.0,0.0,0.0,0.0,0.0,0.0,0.0,0.0,0.0,0.0,0.58,7.0,5.8,7.4,0.0,0.0,0.0,36.348357158175716,74680.31999999999,25.49088256,1.4780000000000002,56.97,3.55,0.04,0.57,0.24,0.35,29.4,1.79,0,18944,256213296,16624,78742392,0,2,40486,40662,0,27,29,21.0,39819.8,30.0,5336.0,43.47,50.8,117.37,0.12951312093860975,2.2016,big_data
27.52,0.0,0.99,0.08,0.25,0.13,0.0,0.0,88.0509090909091,0.0,0.0,0.0,0.0,0.0,0.0,0.0,0.0,0.0,0.0,0.0,0.0,0.87,8.77,9.0,10.8,0.0,0.0,0.0,36.40192784410593,75165.95999999999,25.65664768,1.4909999999999999,58.01,3.55,0.04,0.56,0.24,0.35,29.42,2.02,0,18944,255923456,16632,78742408,0,5,40141,43085,0,28,29,13.8,43902.0,31.0,5341.0,42.39,50.45,116.9,0.12948885391201456,2.2016,big_data
25.65,0.0,1.59,0.18,0.26,0.12,0.0,0.0,87.04484848484846,0.0,0.4,0.0,0.01,0.0,50.0,0.0,28.0,0.0,0.0,0.0,0.0,1.02,7.72,10.8,12.6,0.0,0.0,0.0,36.463934392855776,75912.76,25.911555413333332,1.455,58.63,3.67,0.04,0.56,0.24,0.35,29.45,2.72,0,18944,255514400,16640,78742480,0,17,41892,33340,0,28,30,17.8,33369.6,30.0,5336.0,41.32,50.1,116.43,0.12948885391201456,2.2272,big_data
29.28,0.0,1.31,0.1,0.25,0.12,0.0,0.0,85.74735294117647,0.0,1.4,0.0,0.06,0.0,74.07,0.0,47.43,0.0,0.57,0.0,0.0,0.75,8.3,7.6,9.2,0.0,0.0,0.0,36.54198849118118,78103.44,26.65930752,1.347,57.24,3.57,0.04,0.55,0.29,0.39,33.08,2.11,0,18944,255129792,16656,78742496,0,122,40825,48529,0,31,115,15.8,48101.8,30.0,5336.0,40.33,49.74,115.96,0.12948885391201456,2.2272,big_data
25.92,0.0,1.38,0.25,0.24,0.14,0.0,0.0,93.23354838709676,0.0,0.8,0.0,0.02,0.0,60.0,0.0,26.0,0.0,0.25,0.0,0.0,0.64,7.39,6.6,8.4,0.0,0.0,0.0,36.61369711620643,76280.42,26.037050026666666,1.2770000000000001,57.41,3.78,0.04,0.57,0.31,0.4,34.76,2.58,0,18944,254770464,16672,78742672,0,30,42290,36179,0,28,29,19.6,36522.4,31.0,5342.0,39.42,49.4,115.49,0.12951312093860975,2.2272,big_data
29.46,0.0,1.54,0.16,0.26,0.12,0.0,0.0,90.64125,0.0,3.8,0.0,0.05,0.0,48.65,0.0,14.53,0.0,0.37,0.0,0.0,0.88,8.56,9.0,10.8,0.0,0.0,0.0,36.69032805126451,77265.51999999999,26.37329749333333,1.364,57.52,3.65,0.04,0.57,0.24,0.33,27.53,2.21,0,18944,254390656,16688,78742688,0,68,41832,39803,0,31,29,11.0,39852.6,30.0,5337.0,38.67,49.08,115.03,0.12951312093860975,2.2272,big_data
25.63,0.0,1.6,0.14,0.25,0.13,0.0,0.0,95.94933333333331,0.0,0.4,0.0,0.0,0.0,66.67,0.0,12.0,0.0,0.0,0.0,0.0,0.58,7.0,5.8,7.4,0.0,0.0,0.0,36.74852079541407,75119.44,25.64076885333333,1.5030000000000001,57.5,3.35,0.04,0.53,0.22,0.33,26.6,2.59,0,18944,254004864,16704,78742704,0,11,41538,45669,0,28,112,21.0,39245.2,30.0,5337.0,37.89,48.74,114.57,0.12951312093860975,2.2272,big_data
26.52,0.0,1.13,0.05,0.25,0.11,0.0,0.0,92.8883870967742,0.0,0.0,0.0,0.0,0.0,0.0,0.0,0.0,0.0,0.0,0.0,0.0,0.71,8.54,7.2,9.0,0.0,0.0,0.0,36.82702223861307,74923.92,25.57403136,1.527,58.63,3.56,0.04,0.55,0.22,0.33,27.62,1.9,0,18944,253723120,16712,78742720,0,2,40035,47343,0,27,29,13.0,53514.4,31.0,5342.0,37.18,48.42,114.11,0.12951312093860975,2.2272,big_data
35.91,0.0,1.28,0.06,0.26,0.14,0.0,0.0,84.75714285714288,0.0,0.0,0.0,0.0,0.0,0.0,0.0,0.0,0.0,0.0,0.0,0.0,0.6,7.1,6.0,7.8,0.0,0.0,0.0,36.87371746129964,80787.68000000001,27.57552810666667,1.166,55.66,3.82,0.04,0.57,0.42,0.48,43.25,2.18,0,18944,253190528,16720,78742736,0,2,41276,41212,0,38,29,17.0,40647.0,30.0,5337.0,36.77,48.14,113.67,0.12951312093860975,2.2272,big_data
25.53,0.0,0.95,0.12,0.18,0.09,0.0,0.0,88.64125,0.0,0.2,0.0,0.01,0.0,50.0,0.0,40.0,0.0,1.0,0.0,0.0,0.7,8.22,7.0,8.6,0.0,0.0,0.0,36.95470128944128,74131.3,25.30348373333333,1.432,58.15,3.69,0.04,0.57,0.25,0.35,29.29,2.11,0,18944,253026560,16728,78742752,0,11,40882,27194,0,27,30,15.8,27175.4,30.0,5337.0,39.43,48.51,113.43,0.12951312093860975,2.2272,big_data
26.82,0.0,1.35,0.16,0.17,0.1,0.0,0.0,91.029375,0.0,0.4,0.0,0.0,0.0,60.0,0.0,10.0,0.0,0.0,0.0,0.0,1.53,8.7,16.8,18.6,0.0,0.0,0.0,37.00625285774709,79316.48000000001,27.07335850666667,1.2890000000000001,57.67,4.12,0.06,0.49,0.31,0.4,30.6,1.44,0,18944,252772640,16744,78742784,0,55,42392,36222,0,29,123,17.2,36937.2,32.0,5341.0,38.59,48.18,112.98,0.12951312093860975,2.2272,big_data
28.81,0.0,1.17,0.2,0.25,0.1,0.0,0.0,74.38388888888889,0.0,17.8,0.0,4.12,0.0,0.0,0.0,236.76,0.0,4.26,1.04,0.07,2.17,12.27,24.2,26.8,0.0,0.0,0.0,37.06174712663375,78478.95999999999,26.78748501333333,1.216,55.12,4.14,0.07,0.39,0.39,0.47,34.57,2.32,0,18944,252417408,16772,78771624,0,4228,42218,36216,0,30,26,12.8,35680.4,105.0,5329.0,38.14,47.93,112.55,0.12941605283222896,2.2016,big_data
19.65,0.0,0.45,0.09,0.19,0.11,0.0,0.0,79.38461538461537,0.2,33.8,0.0,6.9,0.0,20.66,4.0,209.18,4.0,3.75,1.92,0.12,1.29,11.73,14.4,17.4,0.0,0.0,0.0,37.10964108193922,61749.52,21.07716949333333,1.4269999999999998,49.55,3.76,0.09,0.35,0.3,0.43,26.48,1.6,0,18944,252289184,16812,78821736,1,7074,39106,37577,0,20,44,21.0,38170.6,19.0,5321.0,37.01,47.53,112.07,0.12924618364606252,2.2272,big_data
12.27,0.0,0.36,0.06,0.15,0.1,0.0,0.0,86.29866666666668,0.0,0.4,0.0,0.04,0.0,96.08,0.0,102.0,0.0,0.5,0.0,0.0,0.96,8.84,10.4,13.6,0.0,0.0,0.0,37.12498804395004,33070.16,11.287947946666666,1.51,42.21,2.75,0.05,0.45,0.25,0.38,27.93,1.96,0,18944,252144640,16840,78872672,0,46,37763,19524,0,13,14,12.2,19071.8,13.0,5318.0,35.17,46.97,111.55,0.12907631445989606,2.2272,big_data
8.65,0.0,0.27,0.03,0.11,0.08,0.0,0.0,96.38000000000002,0.0,40.6,0.0,9.61,0.0,9.78,0.0,242.5,0.0,4.59,2.4,0.18,0.77,6.0,8.0,10.0,0.0,0.0,0.0,37.14219262450376,24408.68,8.331496106666666,1.5319999999999998,41.79,2.79,0.05,0.45,0.24,0.37,28.01,2.99,0,18944,251992240,16856,78879920,0,9850,36689,12076,0,10,10,19.6,11841.2,11.0,5317.0,33.15,46.36,111.0,0.12905204743330087,2.2272,big_data
8.52,0.0,0.51,0.01,0.08,0.07,0.0,0.0,76.28416666666666,0.0,32.8,0.0,5.53,0.0,12.3,0.0,172.76,0.0,3.42,1.44,0.11,1.35,5.22,14.6,16.6,0.0,0.0,0.0,37.16911444556588,24516.04,8.368141653333334,1.381,53.3,3.86,0.07,0.4,0.31,0.43,29.05,3.96,0,18944,251799120,16888,78894352,0,5671,36677,12111,0,10,8,15.8,12626.6,9.0,5316.0,31.3,45.76,110.46,0.12900351338011046,2.2272,big_data
7.88,0.0,0.33,0.03,0.12,0.07,0.0,0.0,75.62800000000001,0.0,0.4,0.0,0.01,0.0,84.62,0.0,26.0,0.0,0.0,0.0,0.0,1.23,6.16,13.4,15.4,0.0,0.0,0.0,37.202989067459946,29475.18,10.06086144,1.286,50.51,4.95,0.14,0.18,0.43,0.55,28.01,3.16,0,18944,251672896,16904,78901168,0,22,36568,12599,0,9,9,17.2,12858.6,8.0,5310.0,29.51,45.15,109.91,0.12897924635351524,2.2272,big_data
4.42,0.0,0.18,0.04,0.13,0.09,0.0,0.0,52.84200000000001,4.6,42.4,0.02,9.63,0.0,18.77,4.0,232.62,4.7,4.98,2.64,0.22,226.75,104.9,122.6,152.0,0.01,0.0,0.0,37.23124685744965,12998.72,4.436896426666666,0.504,22.33,9.05,0.21,1.27,1.27,0.64,59.18,0.33,0,18944,251361376,17160,78951456,18,9922,39226,14750,0,5,15,19.8,14583.0,22.0,5342.0,27.55,44.48,109.35,0.1288093771673488,2.2016,big_data
25.38,0.0,0.36,0.01,0.19,0.09,0.0,0.0,47.92924528301886,0.0,11.8,0.0,2.74,0.0,0.0,0.0,237.76,0.0,4.24,0.64,0.05,15855.0,1672.64,772.6,628.4,0.52,0.0,0.0,37.306205935819115,91376.54,31.18985898666667,0.337,16.34,16.08,0.02,0.64,2.19,0.74,69.59,0.05,0,18944,251222864,17536,78952288,0,2828,43035,19633,0,26,0,22.4,19871.0,1.0,5351.0,30.95,44.9,109.14,0.12985285931094265,2.2016,big_data
11.58,0.0,1.47,0.2,0.15,0.08,0.0,0.0,52.962222222222245,0.0,14.4,0.0,1.67,0.0,82.57,0.0,119.0,0.0,2.51,0.4,0.04,52.0,20.61,68.2,78.0,0.0,0.0,0.0,37.30116534476888,37773.68,12.893416106666667,1.3019999999999998,53.15,3.41,0.04,0.62,0.23,0.3,24.1,0.59,0,18944,251215632,17552,78952336,0,1719,41181,25376,0,14,23,23.2,25320.2,23.0,5405.0,28.47,44.16,108.55,0.12985285931094265,2.2016,big_data
19.65,0.0,0.93,0.12,0.2,0.12,0.0,0.0,87.82521739130434,0.0,0.4,0.0,0.01,0.0,77.78,0.0,18.0,0.0,0.0,0.0,0.0,0.6,5.78,6.0,7.8,0.0,0.0,0.0,37.301943269921935,55997.0,19.113642666666667,1.415,55.82,3.44,0.04,0.6,0.2,0.28,23.0,0.65,0,18944,251132704,17696,78958448,495,16,39827,48829,0,21,24,20.0,48807.0,23.0,5406.0,27.95,43.79,108.08,0.13116327874708372,2.2016,big_data
19.27,0.0,1.01,0.21,0.22,0.11,0.0,0.0,87.19041666666666,0.0,0.0,0.0,0.0,0.0,0.0,0.0,0.0,0.0,0.0,0.0,0.0,0.9,7.15,10.2,15.0,0.0,0.0,0.0,37.316718540348546,56045.28000000001,19.13012224,1.374,56.17,3.54,0.04,0.61,0.21,0.29,24.1,0.78,0,18944,251143072,17716,78958472,1,806,41134,41831,0,20,22,16.2,41879.8,23.0,5390.0,27.47,43.43,107.62,0.13118754577367892,2.2016,big_data
18.56,0.0,1.23,0.17,0.22,0.13,0.0,0.0,80.34777777777778,0.0,0.0,0.0,0.0,0.0,0.0,0.0,0.0,0.0,0.0,0.0,0.0,0.59,5.99,6.0,7.8,0.0,0.0,0.0,37.31466985246983,56878.48,19.414521173333334,1.386,56.67,3.51,0.04,0.6,0.21,0.3,24.25,1.25,0,18944,251012544,17728,78958488,0,18,41373,28277,0,21,23,16.8,26585.2,24.0,5390.0,27.04,43.07,107.16,0.13079927334815564,2.2016,big_data
19.38,0.0,0.94,0.2,0.22,0.11,0.0,0.0,95.04391304347826,0.0,0.0,0.0,0.0,0.0,0.0,0.0,0.0,0.0,0.0,0.0,0.0,0.72,6.85,7.2,9.0,0.0,0.0,0.0,37.3403466900024,56783.16,19.38198528,1.381,56.67,3.6,0.04,0.62,0.22,0.3,25.38,0.68,0,18944,251015968,17736,78958512,0,2,41521,36882,0,20,22,13.2,38568.2,23.0,5390.0,26.63,42.72,106.7,0.13079927334815564,2.2016,big_data
19.31,0.0,0.84,0.21,0.23,0.12,0.0,0.0,91.62375,0.0,0.0,0.0,0.0,0.0,0.0,0.0,0.0,0.0,0.0,0.0,0.0,0.58,5.68,5.8,7.4,0.0,0.0,0.0,37.33898039260882,56442.31999999999,19.265645226666663,1.4069999999999998,57.07,3.68,0.04,0.63,0.21,0.3,24.66,0.86,0,18944,250998400,17744,78958528,0,77,40557,31309,0,20,23,20.6,31278.8,23.0,5390.0,26.34,42.39,106.26,0.13079927334815564,2.2016,big_data
19.17,0.0,0.87,0.06,0.23,0.12,0.0,0.0,95.38130434782607,0.0,0.0,0.0,0.0,0.0,0.0,0.0,0.0,0.0,0.0,0.0,0.0,0.71,7.05,7.2,9.0,0.0,0.0,0.0,37.34627666331828,57169.04,19.513698986666668,1.435,56.92,3.65,0.04,0.62,0.23,0.34,28.38,1.6,0,18944,250870976,17752,78958544,0,10,39466,27661,0,20,23,12.6,27708.6,23.0,5390.0,25.99,42.06,105.8,0.13079927334815564,2.2016,big_data
20.4,0.0,1.07,0.13,0.24,0.12,0.0,0.0,98.45727272727272,0.0,1.4,0.0,0.01,0.0,0.0,0.0,4.0,0.0,0.14,0.0,0.0,0.6,5.78,6.0,7.8,0.0,0.0,0.0,37.37805407178801,57625.6,19.669538133333333,1.3259999999999998,57.28,3.65,0.04,0.61,0.25,0.33,28.13,1.35,0,18944,250746496,17760,78958560,0,8,40888,33631,0,21,22,19.2,33650.8,23.0,5390.0,32.24,43.08,105.79,0.13079927334815564,2.2016,big_data
23.44,0.0,1.18,0.25,0.21,0.11,0.0,0.0,87.14479999999998,0.0,0.0,0.0,0.0,0.0,0.0,0.0,0.0,0.0,0.0,0.0,0.0,0.7,6.74,7.0,8.6,0.0,0.0,0.0,37.38988672280036,59594.46,20.34157568,1.263,55.93,3.6,0.03,0.59,0.31,0.39,33.24,1.41,43,18944,250705584,17768,78958576,0,14,42211,41634,0,25,62,16.2,41283.6,27.0,5390.0,31.42,42.73,105.34,0.13082354037475086,2.2016,big_data
20.05,0.0,0.79,0.2,0.23,0.13,0.0,0.0,98.62136363636364,0.0,0.0,0.0,0.0,0.0,0.0,0.0,0.0,0.0,0.0,0.0,0.0,0.7,6.15,7.2,9.0,0.0,0.0,0.0,37.39733615226316,57480.24000000001,19.619921920000003,1.3840000000000001,57.18,3.71,0.04,0.62,0.24,0.33,28.05,1.08,0,18944,250677408,17776,78958672,0,3,41207,29200,0,21,23,16.8,29209.0,23.0,5390.0,30.67,42.39,104.89,0.13079927334815564,2.2016,big_data
19.95,0.0,0.6,0.17,0.23,0.11,0.0,0.0,89.85041666666666,0.0,0.4,0.0,0.01,0.0,86.67,0.0,30.0,0.0,0.0,0.0,0.0,1.39,7.88,15.0,16.8,0.0,0.0,0.0,37.396599170539204,57561.5,19.647658666666672,1.4080000000000001,57.48,3.63,0.04,0.61,0.22,0.31,25.47,0.77,0,18944,250553200,17796,79015344,0,15,40003,32254,0,21,22,13.2,32598.8,23.0,5390.0,29.97,42.05,104.45,0.13084780740134605,2.2016,big_data
20.26,0.0,0.83,0.17,0.21,0.12,0.0,0.0,99.5290909090909,0.0,34.8,0.0,8.25,0.0,4.4,0.0,242.85,0.0,4.64,2.16,0.16,1.36,6.86,14.8,16.4,0.0,0.0,0.0,37.41628386140058,58156.81999999999,19.850861226666666,1.411,57.27,3.66,0.04,0.61,0.23,0.33,27.67,1.06,0,18944,250494160,17804,79074200,0,8498,41448,42661,0,21,75,20.6,42643.2,23.0,5339.0,29.33,41.72,104.01,0.1305808701087988,2.2016,big_data
20.85,0.0,0.8,0.25,0.23,0.11,0.0,0.0,85.36538461538461,0.0,33.6,0.0,8.28,0.0,28.21,0.0,252.19,0.0,5.03,2.32,0.17,1.07,7.61,11.4,13.2,0.0,0.0,0.0,37.421618638571076,58504.0,19.96936533333333,1.436,57.39,3.3,0.03,0.55,0.23,0.33,26.66,0.96,0,18944,250422576,17820,79103088,0,8483,41363,51109,0,23,106,12.4,35218.8,105.0,5323.0,28.75,41.39,103.57,0.12956165499180014,2.2016,big_data
22.01,0.0,0.9,0.12,0.19,0.11,0.0,0.0,88.94291666666666,0.0,0.4,0.0,0.02,0.0,93.55,0.0,62.0,0.0,0.0,0.0,0.0,0.91,6.26,9.6,11.4,0.0,0.0,0.0,37.424009279904034,58181.74000000001,19.859367253333332,1.3330000000000002,57.14,3.63,0.04,0.6,0.27,0.36,30.07,1.23,0,18944,250371856,17836,79131952,0,30,40387,28434,0,22,23,17.6,44295.4,23.0,5323.0,28.37,41.1,103.14,0.12924618364606252,2.2016,big_data
21.83,0.0,1.32,0.15,0.25,0.12,0.0,0.0,91.91583333333334,0.2,63.8,0.0,13.78,0.0,13.78,4.0,221.14,5.0,4.0,3.68,0.25,0.7,6.74,7.0,8.6,0.0,0.0,0.0,37.43131995663485,59739.44,20.391062186666666,1.351,57.18,3.77,0.04,0.62,0.27,0.36,31.0,2.02,0,18944,250259696,17856,79131968,1,14112,41999,50847,0,24,22,16.2,50908.0,23.0,5323.0,27.86,40.78,102.7,0.1291733825662769,2.2016,big_data
26.15,0.0,0.88,0.09,0.22,0.11,0.0,0.0,85.73307692307692,0.2,11.0,0.0,2.74,0.0,0.0,4.0,254.91,5.0,3.47,0.72,0.04,1.71,7.51,19.0,20.6,0.0,0.0,0.0,37.46191000566043,61923.78000000001,21.13665024,1.198,55.61,3.87,0.04,0.62,0.39,0.47,41.64,2.9,0,18944,249892048,17868,79218616,1,2809,39997,24878,0,27,22,16.8,24881.6,23.0,5324.0,27.55,40.51,102.28,0.12919764959287208,2.2016,big_data
25.16,0.0,0.91,0.06,0.24,0.12,0.0,0.0,90.55416666666666,0.0,0.6,0.0,0.06,0.0,96.34,0.0,109.33,0.0,0.67,0.0,0.0,2.28,9.22,25.2,27.0,0.0,0.0,0.0,37.5095818049524,62002.81999999999,21.163629226666664,1.242,56.04,3.74,0.04,0.6,0.37,0.46,40.61,2.12,0,18944,249480800,17892,79334176,0,81,39570,28868,0,26,66,13.2,28859.0,23.0,5323.0,29.91,40.78,102.04,0.1291733825662769,2.2016,big_data
20.88,0.0,1.12,0.11,0.21,0.1,0.0,0.0,88.164,0.0,57.2,0.0,11.08,0.0,22.07,0.0,198.36,0.0,4.16,2.88,0.23,0.63,5.75,6.4,8.0,0.0,0.0,0.0,37.559559325872506,59216.36,20.212517546666668,1.364,57.13,3.44,0.03,0.57,0.26,0.35,29.45,2.35,0,18944,249395584,17912,79334200,0,11356,40347,28465,0,23,22,20.6,28223.4,92.0,5323.0,29.35,40.48,101.61,0.1291733825662769,2.2016,big_data
21.99,0.0,1.91,0.19,0.23,0.13,0.0,0.0,95.3395652173913,0.2,111.6,0.0,27.46,0.0,9.12,4.0,252.0,11.0,5.41,7.28,0.6,1.44,8.16,15.6,17.4,0.0,0.0,0.0,37.576073933824574,59018.24000000001,20.144892586666668,1.296,57.06,3.68,0.04,0.61,0.26,0.34,28.7,1.65,0,18944,249144224,17932,79391968,1,28130,41987,49926,0,24,22,11.6,49640.4,24.0,5324.0,28.76,40.18,101.18,0.1291733825662769,2.2016,big_data
24.82,0.0,1.08,0.11,0.23,0.11,0.0,0.0,99.56318181818182,0.0,0.4,0.0,0.03,0.0,94.29,0.0,70.0,0.0,0.5,0.0,0.0,1.07,6.49,11.4,13.2,0.0,0.0,0.0,37.61292529465715,60913.31999999999,20.79174656,1.206,55.87,3.82,0.04,0.6,0.36,0.44,38.54,2.54,0,18944,248981168,17948,79420848,0,77,41102,30754,0,26,24,20.2,31275.8,22.0,5323.0,28.3,39.89,100.76,0.1291733825662769,2.2016,big_data
20.65,0.0,0.75,0.18,0.23,0.12,0.0,0.0,91.52217391304347,0.0,0.0,0.0,0.0,0.0,0.0,0.0,0.0,0.0,0.0,0.0,0.0,0.7,6.74,7.0,8.6,0.0,0.0,0.0,37.630051779410906,58284.72,19.89451776,1.3459999999999999,56.66,3.61,0.04,0.6,0.27,0.36,30.3,2.02,0,18944,248953424,17956,79420864,0,10,40331,24183,0,22,22,16.2,24219.6,23.0,5323.0,27.8,39.59,100.34,0.1291733825662769,2.2016,big_data
22.36,0.0,1.12,0.16,0.23,0.11,0.0,0.0,99.39181818181818,0.0,21.4,0.0,5.25,0.0,4.46,0.0,251.1,0.0,4.49,1.28,0.09,0.59,5.99,6.0,7.8,0.0,0.0,0.0,37.65997687681931,58681.94,20.030102186666667,1.3230000000000002,56.29,3.57,0.04,0.59,0.29,0.39,33.05,1.46,0,18944,248822704,17964,79420896,0,8434,40761,39101,0,24,22,15.2,38351.6,24.0,5325.0,27.65,39.37,99.94,0.1291733825662769,2.2016,big_data
22.92,0.0,1.09,0.14,0.19,0.12,0.0,0.0,90.80875,0.0,12.2,0.0,2.99,0.0,0.0,0.0,250.62,0.0,4.85,0.88,0.06,0.72,6.85,7.2,9.0,0.0,0.0,0.0,37.66849235186222,58013.24000000001,19.801852586666673,1.347,55.74,3.35,0.03,0.55,0.3,0.4,34.23,2.08,39,18944,248718752,17976,79420896,1,2266,40536,53141,0,24,66,14.8,53603.2,24.0,5323.0,32.57,40.19,99.88,0.1291733825662769,2.2016,big_data
25.4,0.0,0.96,0.07,0.25,0.1,0.0,0.0,88.25119999999998,0.2,40.6,0.0,8.27,0.0,11.74,4.0,208.63,6.0,2.66,2.16,0.1,0.58,5.68,5.8,7.4,0.0,0.0,0.0,37.685471743555844,60807.88000000001,20.755756373333334,1.307,51.33,3.49,0.03,0.57,0.31,0.4,34.53,2.16,0,18944,248588704,17992,79420928,0,6226,40026,36877,0,26,23,20.6,37176.6,24.0,5323.0,31.8,39.91,99.47,0.12924618364606252,2.2016,big_data
19.98,0.0,0.76,0.04,0.21,0.13,0.0,0.0,89.13391304347826,0.0,0.4,0.0,0.01,0.0,81.82,0.0,22.0,0.0,0.0,0.0,0.0,1.22,8.84,13.2,15.6,0.0,0.0,0.0,37.71223282374813,59168.86,20.196304213333327,1.375,48.24,3.52,0.04,0.62,0.3,0.41,35.32,2.91,0,18944,248365600,18008,79420944,0,14,38484,24350,0,21,20,9.4,23612.8,21.0,5326.0,31.01,39.61,99.05,0.1291733825662769,2.2016,big_data
17.26,0.0,0.68,0.02,0.19,0.1,0.0,0.0,83.1685,0.0,0.0,0.0,0.0,0.0,0.0,0.0,0.0,0.0,0.0,0.0,0.0,2.0,10.69,22.6,26.0,0.0,0.0,0.0,37.752832024767436,56795.98,19.386361173333334,1.287,25.14,3.48,0.04,0.64,0.33,0.43,38.06,2.12,0,18944,248150144,18016,79420976,0,10,38299,17887,0,18,11,20.6,18321.2,13.0,5320.0,30.13,39.28,98.63,0.12912484851308648,2.2016,big_data
9.73,0.0,0.39,0.0,0.13,0.09,0.0,0.0,82.97,0.0,0.4,0.0,0.0,0.0,60.0,0.0,10.0,0.0,0.5,0.0,0.0,1.14,5.38,12.2,14.2,0.0,0.0,0.0,37.79506972116275,28974.06,9.889812479999998,1.3530000000000002,39.12,2.7,0.03,0.59,0.3,0.41,35.45,2.34,0,18944,248072912,18032,79420992,0,52,36549,12121,0,10,9,16.2,12449.4,10.0,5310.0,28.52,38.8,98.15,0.12900351338011046,2.2016,big_data
12.83,0.0,0.63,0.06,0.15,0.1,0.0,0.0,97.72625000000002,0.0,0.0,0.0,0.0,0.0,0.0,0.0,0.0,0.0,0.0,0.0,0.0,0.77,5.72,8.2,10.4,0.0,0.0,0.0,37.818153474851776,26351.840000000004,8.994761386666667,0.929,38.57,3.31,0.03,0.63,0.63,0.59,54.23,3.31,0,18944,247817472,18040,79421008,0,6,36860,11656,0,14,7,13.8,11632.8,8.0,5309.0,27.04,38.32,97.68,0.12885791122053925,2.2016,big_data
7.41,0.0,0.5,0.04,0.13,0.09,0.0,0.0,87.65,0.0,0.4,0.0,0.0,0.0,33.33,0.0,6.0,0.0,0.0,0.0,0.0,0.72,3.42,7.2,9.0,0.0,0.0,0.0,37.864025279686274,18028.44,6.153707519999998,1.354,44.22,2.76,0.04,0.63,0.29,0.4,35.04,3.1,0,18944,247683696,18056,79421024,0,5,36582,11976,0,8,7,16.2,11994.4,8.0,5308.0,25.43,37.8,97.19,0.128833644193944,2.2016,big_data
