0.12,0.0,0.14,0.44,0.08,0.05,0.0,0.0,0.0,0.0,0.0,0.0,0.0,0.0,0.0,0.0,0.0,0.0,0.0,0.0,0.0,1.26,1.33,4.8,6.6,0.0,0.0,0.0,1.156905873217383,437.22,0.14923775999999994,0.6920000000000001,23.82,2.7,0.39,1.68,0.69,0.47,49.33,0.26,1,20224,520458368,11232,353772,8300,37,35345,6287,0,0,0,31.6,6226.0,2.0,2961.0,5.64,26.56,43.04,0.07158772845585512,1.3056,big_data
0.2,0.0,0.15,0.15,0.1,0.07,0.0,0.0,0.0,1.2,0.0,0.0,0.0,0.0,0.0,4.0,0.0,0.0,0.0,0.0,0.0,42793.76,33.77,938.8,484.0,1.4,0.0,0.0,1.1671568947275062,1172.48,0.4002065066666667,0.8540000000000001,26.63,3.27,0.2,1.62,0.48,0.41,38.47,0.61,0,20224,520190784,11440,574876,847,38,36281,6368,0,0,0,23.8,6370.6,4.0,2962.0,5.26,26.14,42.81,0.07185466574840238,1.408,big_data
0.57,0.0,0.23,0.19,0.09,0.07,0.0,0.0,0.0,1.4,0.4,0.01,0.04,0.0,96.3,4.0,108.0,0.14,0.5,0.0,0.0,1.37,1.09,4.6,6.8,0.0,0.0,0.0,1.175909690016919,1851.98,0.6321425066666666,0.92,27.63,3.53,0.44,1.57,0.37,0.34,34.86,0.74,1,20224,519871264,11848,808396,3006,78,37118,10393,3,1,2,53.0,10392.8,2.0,3080.0,4.84,25.7,42.58,0.07187893277499759,1.408,big_data
1.99,0.0,0.13,0.16,0.1,0.06,0.0,0.0,47.1,0.2,102.8,0.0,25.62,0.0,4.28,4.0,255.2,7.0,4.74,6.08,0.48,0.74,1.79,6.4,10.6,0.0,0.0,0.0,1.192352267862225,3455.42,1.1794500266666663,1.146,17.49,1.4,0.24,1.26,0.32,0.37,33.02,1.28,0,20224,519561824,11888,829580,3845,26252,40273,21674,0,2,3,50.6,21875.2,4.0,3209.0,4.61,25.31,42.36,0.07474244191323179,1.3824,big_data
3.74,0.0,0.42,0.08,0.11,0.08,0.0,0.0,32.800000000000004,0.8,201.8,0.0,46.62,0.0,6.31,4.0,236.57,3.0,5.01,11.28,1.01,2.99,4.9,22.8,26.0,0.0,0.0,0.0,1.249141562247338,9277.38,3.1666790400000004,1.034,22.75,2.35,0.38,1.47,0.27,0.27,26.55,1.42,1,20224,517837920,12028,853684,1630,45667,57770,58911,0,5,3,266.6,59087.6,6.0,3845.0,4.73,24.99,42.17,0.07787288834401325,1.408,big_data
6.42,0.0,0.5,0.03,0.13,0.07,0.0,0.0,32.85,0.0,51.2,0.0,11.13,0.0,35.84,0.0,222.67,0.0,8.34,3.76,0.41,5.18,7.97,40.2,44.8,0.0,0.0,0.0,1.5755562269098486,12081.26,4.123736746666666,1.143,24.13,2.01,0.3,1.29,0.24,0.28,25.52,1.61,1,20224,515025792,12132,862976,0,13510,65444,88040,0,7,9,289.6,88095.0,10.0,4269.0,4.59,24.62,41.96,0.09330671725856372,1.6128,big_data
5.52,0.0,0.47,0.02,0.11,0.09,0.0,0.0,34.63,0.2,0.4,0.0,0.04,0.0,96.15,4.0,104.0,0.0,0.5,0.0,0.0,3.23,5.82,24.6,27.6,0.0,0.0,0.0,2.1040926786362757,11527.66,3.934774613333333,1.0859999999999999,24.78,2.18,0.35,1.32,0.26,0.28,26.32,1.5,1,20224,512575104,12284,881548,42,82,66068,73328,0,7,9,356.6,72955.4,5.0,5248.0,4.86,24.35,41.77,0.1036444705881211,1.7919999999999998,big_data
4.33,0.0,0.52,0.16,0.12,0.09,0.0,0.0,35.673333333333346,473.4,69.8,117.02,17.31,0.0,9.35,253.12,253.94,5.42,3.98,30.32,2.8,17726.77,26.17,590.6,319.0,0.58,0.0,0.0,2.5698196354753438,8744.8,2.9848917333333334,1.054,26.2,2.85,0.29,1.42,0.33,0.35,31.36,2.4,2,20224,509745152,12424,1660076,118677,17738,58818,62822,0,5,2,118.6,62817.6,4.0,5168.0,4.63,23.97,41.56,0.13045953497582274,1.9968,big_data
0.69,0.0,0.33,0.19,0.08,0.08,0.0,0.0,34.6,792.4,0.0,196.39,0.0,0.0,0.0,253.78,0.0,5.46,0.0,43.44,4.32,3.65,3.74,9.2,11.6,0.0,0.0,0.0,2.948541047247238,2979.42,1.01697536,0.843,47.14,5.93,0.13,0.6,0.66,0.56,50.38,7.05,1,20224,507886688,12508,2675196,203146,28,37231,9073,0,2,0,14.0,9030.8,2.0,5159.0,4.42,23.61,41.35,0.1254119934440201,2.0224,big_data
3.52,0.0,1.52,9.21,0.15,0.15,0.0,0.0,0.0,1271.8,120.2,314.32,29.97,2.62,2.91,253.08,255.28,29.36,33.53,77.52,22.93,265722.45,306.23,6937.8,4410.0,8.71,0.0,0.0,3.1080475485140777,12624.38,4.3091217066666685,0.9309999999999999,35.49,3.97,0.27,0.65,0.44,0.41,40.09,4.65,19,20224,502797888,12720,5647940,323094,32798,165644,245930,0,6,0,33.8,245932.8,3.0,5241.0,5.67,23.55,41.23,0.12519359020466325,2.0224,big_data
0.88,0.0,0.65,11.95,0.11,0.12,0.0,0.0,0.0,1572.2,165.8,391.06,41.35,0.05,7.27,254.7,255.41,35.04,35.79,100.0,31.5,0.83,3.82,8.4,10.2,0.0,0.0,0.0,3.5092681327927333,6693.8600000000015,2.2848375466666666,0.557,45.24,8.24,0.15,0.43,0.9,0.5,45.59,9.85,20,20224,499273024,12776,7651708,400543,42867,39378,13607,0,2,0,20.6,13605.2,4.0,5241.0,6.82,23.49,41.12,0.12718348638547008,2.0224,big_data
0.9,0.0,0.45,12.2,0.12,0.1,0.0,0.0,0.0,1620.0,146.4,403.21,36.17,0.01,8.16,254.87,252.97,34.92,41.14,100.0,31.91,1.16,2.05,5.8,8.0,0.0,0.0,0.0,3.7978245315512527,5969.0,2.0374186666666665,0.616,53.62,8.23,0.13,0.34,0.81,0.5,44.79,9.18,19,20224,496616640,12848,9718700,412890,37151,39070,13154,0,2,2,9.6,13167.2,5.0,5241.0,7.95,23.45,41.01,0.12718348638547008,2.0224,big_data
4.67,0.0,1.02,10.35,0.13,0.11,0.0,0.0,36.76000000000001,1533.2,242.4,380.77,59.16,2.08,11.66,254.31,249.91,28.79,24.79,100.0,30.07,13.47,8.52,19.2,23.8,0.0,0.0,0.0,3.90977069063869,10812.24,3.69057792,1.2919999999999998,47.58,1.92,0.03,0.08,0.33,0.42,32.01,5.54,20,20224,491968064,12864,11676168,390778,59566,40534,20729,0,6,0,22.2,20728.0,5.0,5241.0,9.0,23.41,40.9,0.12718348638547008,2.0224,big_data
0.91,0.0,0.5,10.33,0.12,0.11,0.0,0.0,0.0,1601.4,146.2,398.7,36.3,0.0,6.88,254.95,254.27,34.95,40.97,100.08,32.02,0.48,2.07,4.8,6.6,0.0,0.0,0.0,4.420041065501184,5556.68,1.8966801066666668,0.5710000000000001,39.82,6.95,0.16,0.38,0.87,0.49,44.68,7.78,21,20224,489519008,12884,13719712,407810,37785,39227,12741,0,2,0,16.2,12736.6,4.0,5241.0,9.88,23.35,40.79,0.12718348638547008,2.048,big_data
1.22,0.0,1.19,9.08,0.15,0.13,0.0,0.0,0.0,1610.0,151.2,400.92,37.8,0.0,0.0,255.0,256.0,34.26,39.83,100.0,31.83,1.52,3.8,9.4,11.6,0.0,0.0,0.0,4.4968683773766465,7250.08,2.4746939733333333,0.551,39.99,6.19,0.12,0.35,0.86,0.47,42.27,8.43,21,20224,486315904,12912,15775236,410398,38718,39626,13536,0,2,0,14.0,13504.2,2.0,5241.0,10.93,23.35,40.69,0.12718348638547008,2.048,big_data
17.96,0.0,1.59,6.2,0.21,0.13,0.0,0.0,34.792,1577.6,149.6,391.44,36.2,0.97,19.14,254.08,247.8,33.84,39.39,100.0,31.84,45.41,24.84,115.0,124.2,0.0,0.0,0.0,4.7146775634823115,33160.58,11.318811306666667,1.218,32.61,2.08,0.18,1.0,0.31,0.38,30.94,1.59,13,20224,478563392,13204,19159752,403623,34830,72752,164973,0,20,117,47.6,165767.4,45.0,5356.0,11.74,23.31,40.59,0.12718348638547008,2.048,big_data
11.1,0.0,0.94,30.77,0.19,0.1,0.0,0.0,42.72000000000001,1801.4,0.8,436.72,0.11,0.42,97.22,248.25,144.0,137.64,50.75,100.12,32.03,46.13,21.12,38.6,52.6,0.0,0.0,0.0,5.545474331332199,13709.179999999997,4.679400106666666,1.1440000000000001,37.08,1.54,0.06,0.5,0.39,0.45,29.15,2.41,68,20224,471419744,13220,21475396,462606,121,56306,49141,0,12,2,45.8,48382.6,6.0,5395.0,17.68,24.35,40.83,0.13094487550772688,2.048,big_data
1.35,0.0,0.56,35.57,0.15,0.13,0.0,0.0,0.0,1841.08,0.0,457.27,0.0,0.18,100.0,254.33,0.0,137.49,0.0,100.28,32.09,0.49,7.44,5.0,7.0,0.0,0.0,0.0,6.462831574010612,7286.8600000000015,2.4872482133333333,0.862,36.77,4.93,0.26,0.83,0.45,0.39,34.43,4.89,68,20224,468253216,13232,23822056,469150,6,42819,21154,0,2,3,9.4,21141.6,3.0,5384.0,22.27,25.19,41.02,0.13092060848113166,2.0992,big_data
1.42,0.0,0.72,32.82,0.15,0.12,0.0,0.0,0.0,1846.6,0.4,460.35,0.0,0.15,0.0,255.28,10.0,136.94,64.0,100.08,32.03,1.02,15.06,11.2,15.8,0.0,0.0,0.0,6.6123713831361375,8129.1399999999985,2.774746453333333,0.84,39.53,4.87,0.18,0.59,0.48,0.41,34.84,6.85,68,20224,463993152,13244,26181076,470378,3,41910,19843,0,2,0,22.4,19830.8,4.0,5362.0,26.02,25.92,41.17,0.13060513713539398,2.0992,big_data
1.14,0.0,0.68,35.31,0.15,0.13,0.0,0.0,0.0,1821.4,16.4,448.0,4.01,0.07,8.89,251.87,250.24,138.32,47.74,100.16,32.05,0.48,7.58,4.8,6.6,0.0,0.0,0.0,6.966331118837204,7841.92,2.676708693333333,0.7170000000000001,42.53,6.35,0.16,0.37,0.61,0.44,38.14,7.52,68,20224,459463008,13260,28481400,459270,4106,42270,20155,0,2,0,19.0,20163.0,5.0,5370.0,29.54,26.65,41.32,0.13011979660348988,2.1248,big_data
1.4,0.0,0.66,36.45,0.15,0.11,0.0,0.0,0.0,1814.2,13.4,451.82,3.27,0.0,23.86,255.03,249.73,138.32,43.54,100.0,32.0,0.81,14.66,8.2,9.8,0.0,0.0,0.0,7.3970969364875305,7853.460000000001,2.6806476800000003,0.856,44.02,5.27,0.12,0.34,0.57,0.49,42.24,8.87,66,20224,454559872,13276,30800648,462792,3534,41607,19449,0,2,5,13.8,19450.4,4.0,5370.0,32.62,27.33,41.47,0.13031393281625153,2.1248,big_data
0.98,0.0,0.55,37.09,0.16,0.13,0.0,0.0,0.0,1788.2,23.8,445.16,5.86,0.0,8.46,254.92,252.13,141.31,44.42,100.0,32.0,0.48,7.43,4.8,6.6,0.0,0.0,0.0,7.886706802094894,6857.5,2.3406933333333333,0.657,42.76,6.57,0.15,0.36,0.66,0.43,37.63,7.18,69,20224,450998112,13292,33088376,456162,5957,40852,17025,0,2,1,16.2,17013.8,5.0,5370.0,35.61,28.04,41.62,0.13031393281625153,2.1248,big_data
0.84,0.0,0.57,36.14,0.15,0.12,0.0,0.0,0.0,1765.8,29.2,438.13,7.21,0.0,7.59,254.07,252.88,142.44,45.87,100.0,32.0,0.83,14.85,8.4,10.2,0.0,0.0,0.0,8.124530501129755,7126.02,2.43234816,0.606,43.47,7.49,0.19,0.45,0.6,0.36,31.64,4.69,68,20224,448403296,13312,35324704,446152,7610,41018,17782,0,2,2,20.6,17778.4,2.0,5371.0,38.45,28.76,41.78,0.13031393281625153,2.1248,big_data
0.93,0.0,0.63,39.5,0.16,0.11,0.0,0.0,0.0,1732.6,50.4,428.77,12.52,0.03,8.03,253.41,254.35,143.77,44.78,100.0,32.0,0.46,7.39,4.6,6.2,0.0,0.0,0.0,8.190325833495432,6852.7,2.3390549333333333,0.667,44.81,6.43,0.13,0.33,0.63,0.42,36.43,6.83,69,20224,444557184,13328,37534656,441702,12720,41184,17898,0,2,2,9.4,17898.0,3.0,5370.0,41.05,29.46,41.93,0.13031393281625153,2.1248,big_data
0.79,0.0,0.61,41.87,0.15,0.13,0.0,0.0,0.0,1736.0,46.4,431.73,11.51,0.02,4.92,254.66,254.03,144.67,42.89,100.16,32.05,0.84,14.7,8.4,10.2,0.0,0.0,0.0,8.497710143950652,6742.6399999999985,2.3014877866666663,0.728,45.47,7.57,0.16,0.4,0.66,0.48,42.69,7.84,67,20224,441256320,13348,39752656,441771,11687,40711,16699,0,2,1,20.6,16694.8,2.0,5370.0,43.29,30.12,42.08,0.13031393281625153,2.1248,big_data
0.57,0.0,0.51,42.3,0.15,0.12,0.0,0.0,0.0,1755.4,37.8,437.7,6.54,0.0,56.55,255.33,177.21,143.52,42.83,100.0,32.0,0.48,7.58,4.8,6.6,0.0,0.0,0.0,8.71042869703716,6511.06,2.222441813333333,0.6579999999999999,46.95,8.25,0.17,0.39,0.63,0.42,36.48,5.68,68,20224,438631008,13364,41994924,447878,6803,40409,15947,0,2,2,16.2,15946.0,4.0,5371.0,45.35,30.76,42.22,0.13031393281625153,2.1248,big_data
4.82,0.0,1.05,33.81,0.16,0.13,0.0,0.0,0.0,1747.8,46.0,432.43,11.43,0.02,12.21,253.35,254.37,142.98,46.34,100.32,32.1,0.81,14.66,8.2,9.8,0.0,0.0,0.0,8.780787705325137,12261.32,4.185197226666667,1.171,48.19,2.3,0.03,0.1,0.4,0.47,38.47,7.11,68,20224,431028928,13392,44213740,443235,11703,42016,25659,0,6,1,13.8,25655.2,3.0,5370.0,47.24,31.4,42.37,0.13031393281625153,2.1248,big_data
2.21,0.0,0.64,36.99,0.15,0.11,0.0,0.0,0.0,1740.2,45.8,432.98,11.45,0.0,0.0,254.78,256.0,144.62,44.72,100.0,32.0,0.48,7.43,4.8,6.6,0.0,0.0,0.0,9.803501489639476,9292.84,3.171956053333333,1.216,44.82,2.63,0.05,0.18,0.43,0.52,43.33,6.78,67,20224,426833120,13412,46439332,443945,11714,40722,16860,0,3,5,16.2,16860.8,5.0,5353.0,48.99,32.02,42.51,0.13031393281625153,2.1248,big_data
1.81,0.0,0.54,32.65,0.16,0.11,0.0,0.0,0.0,1762.8,29.0,438.95,7.16,0.01,7.05,254.98,252.83,143.12,45.1,100.0,32.0,0.83,14.85,8.4,10.2,0.0,0.0,0.0,10.176489304912883,6896.460000000001,2.3539916800000005,0.563,42.72,7.27,0.2,0.59,0.6,0.34,29.13,4.18,69,20224,423870176,13424,48689408,449131,7390,40891,17170,0,3,5,20.6,17167.8,6.0,5340.0,50.67,32.65,42.66,0.12980432525775226,2.1248,big_data
0.96,0.0,0.65,29.56,0.16,0.13,0.0,0.0,0.0,1762.4,31.6,436.42,7.82,0.05,12.22,253.57,253.37,141.05,46.03,100.0,32.0,0.44,7.17,4.4,5.8,0.0,0.0,0.0,10.311588214949516,6874.4,2.3464618666666666,0.653,45.41,7.67,0.17,0.42,0.64,0.42,36.65,5.64,68,20224,420352640,13444,50926560,445923,8021,40360,16548,0,2,1,9.4,16550.0,3.0,5339.0,52.22,33.27,42.81,0.12956165499180014,2.1248,big_data
4.34,0.0,0.87,26.93,0.15,0.12,0.0,0.0,0.0,1773.0,30.6,440.77,7.57,0.0,14.04,254.57,253.36,142.16,45.6,100.08,32.03,0.84,14.7,8.4,10.2,0.0,0.0,0.0,10.561565288524745,11295.86,3.855653546666667,1.109,45.45,2.43,0.04,0.15,0.44,0.49,40.58,7.5,69,20224,414413184,13460,53191760,452267,7809,41274,20430,0,5,0,22.2,20428.0,6.0,5339.0,60.45,35.29,43.41,0.12956165499180014,2.1248,big_data
0.58,0.0,0.47,34.01,0.14,0.12,0.0,0.0,0.0,1769.6,27.6,440.17,6.81,0.01,10.97,254.71,252.84,142.58,44.87,100.08,32.03,0.49,7.61,5.0,7.0,0.0,0.0,0.0,11.260562125227828,5824.96,1.9882530133333332,0.62,41.93,7.85,0.18,0.39,0.6,0.37,32.39,3.77,69,20224,412126752,13476,55452236,450876,6776,39993,15642,0,2,0,16.2,15635.2,2.0,5340.0,61.21,35.87,43.55,0.12956165499180014,2.1248,big_data
2.02,0.0,0.7,33.47,0.14,0.12,0.0,0.0,0.0,1768.8,27.4,439.9,6.76,0.0,9.27,254.67,252.73,142.39,44.01,100.0,32.0,0.81,14.66,8.2,9.8,0.0,0.0,0.0,11.256028777771537,8257.939999999999,2.8187101866666664,0.9329999999999999,45.46,3.59,0.06,0.17,0.49,0.46,38.73,7.54,69,20224,408157568,13492,57716348,451174,7183,40302,16416,0,3,3,13.8,16414.0,3.0,5339.0,62.0,36.45,43.7,0.12956165499180014,2.1248,big_data
1.13,0.0,0.73,28.07,0.16,0.12,0.0,0.0,0.0,1790.8,24.4,444.03,6.02,0.0,15.28,253.9,252.59,140.48,46.89,100.0,32.0,0.68,7.82,7.8,12.6,0.0,0.0,0.0,11.572752739333394,8084.039999999999,2.75935232,0.623,43.71,7.97,0.16,0.35,0.88,0.55,49.31,9.5,70,20224,403358368,13516,59990860,454069,5963,40174,16868,0,2,2,16.2,16865.4,3.0,5339.0,62.64,37.01,43.84,0.12956165499180014,2.1248,big_data
2.08,0.0,0.8,27.26,0.15,0.12,0.0,0.0,0.0,1777.2,22.6,442.08,5.57,0.02,13.74,254.72,252.18,141.52,45.12,100.08,32.05,0.83,14.85,8.4,10.2,0.0,0.0,0.0,12.058231109659053,9752.5,3.328853333333333,0.6829999999999999,45.09,4.82,0.08,0.24,0.71,0.49,42.75,9.07,70,20224,398049344,13544,62257596,452023,5790,40424,17311,0,3,3,20.6,17308.4,4.0,5340.0,63.23,37.56,43.98,0.12956165499180014,2.1248,big_data
1.62,0.0,0.82,33.63,0.16,0.12,0.0,0.0,0.0,1792.6,25.6,446.17,5.41,0.02,31.91,254.87,216.44,139.67,44.2,100.08,32.02,0.46,7.39,4.6,6.2,0.0,0.0,0.0,12.63312765452268,8745.460000000001,2.985117013333334,0.642,42.88,5.89,0.12,0.33,0.75,0.48,43.25,7.75,70,20224,393759776,13564,64548320,457884,5395,40769,17345,0,3,1,10.0,17339.8,2.0,5340.0,63.77,38.1,44.12,0.12956165499180014,2.1248,big_data
2.63,0.0,0.72,34.25,0.16,0.12,0.0,0.0,0.0,1785.8,27.6,443.16,6.62,0.01,13.75,254.11,245.77,141.45,44.04,100.16,32.05,0.84,14.7,8.4,10.2,0.0,0.0,0.0,13.013802977717033,8962.6,3.0592341333333337,0.982,43.51,3.29,0.06,0.18,0.49,0.48,40.53,7.46,69,20224,389849664,13596,66820364,453380,6993,41101,19542,0,4,2,20.6,19536.4,3.0,5340.0,64.27,38.63,44.26,0.1295859220183954,2.1248,big_data
0.73,0.0,0.47,34.76,0.14,0.12,0.0,0.0,0.0,1784.4,31.8,442.87,7.87,0.01,11.67,254.15,253.36,141.56,44.84,100.0,32.0,0.48,7.58,4.8,6.6,0.0,0.0,0.0,13.324924513395874,5966.38,2.036524373333333,0.737,42.62,6.54,0.14,0.34,0.56,0.41,35.48,5.1,70,20224,387341280,13612,69098760,453987,8008,40271,16434,0,2,3,16.2,16435.6,2.0,5341.0,64.65,39.13,44.4,0.1295859220183954,2.1248,big_data
3.53,0.0,0.88,31.83,0.15,0.12,0.0,0.0,0.0,1788.2,22.0,444.56,5.42,0.02,18.52,254.58,252.33,140.42,46.75,100.08,32.03,0.81,14.66,8.2,9.8,0.0,0.0,0.0,13.362678904303793,10736.44,3.6647048533333333,0.799,44.37,3.42,0.05,0.15,0.66,0.53,46.79,8.32,70,20224,382229504,13652,71377696,454899,5554,40639,17374,0,5,3,13.8,17378.8,3.0,5338.0,65.0,39.63,44.53,0.1295859220183954,2.1248,big_data
1.05,0.0,0.6,27.65,0.15,0.11,0.0,0.0,0.0,1772.4,20.4,440.2,5.02,0.01,16.39,254.32,251.84,142.16,44.63,100.0,32.0,0.48,7.43,4.8,6.6,0.0,0.0,0.0,13.892420154342322,8355.34,2.8519560533333337,0.523,43.74,8.26,0.14,0.31,1.08,0.56,51.13,11.13,68,20224,378667296,13672,73643536,452145,5140,39687,16169,0,2,7,16.2,16165.8,10.0,5338.0,65.32,40.12,44.66,0.12953738796520495,2.1248,big_data
1.02,0.0,0.68,31.79,0.16,0.13,0.0,0.0,0.0,1779.8,26.8,441.49,6.62,0.0,18.29,254.01,253.13,141.13,43.83,100.08,32.02,0.83,14.85,8.4,10.2,0.0,0.0,0.0,14.29567653690165,6267.24,2.13921792,0.735,40.34,6.42,0.14,0.35,0.56,0.41,35.6,4.78,70,20224,375630656,13692,75906384,451587,6786,40177,16516,0,2,3,20.8,16518.0,3.0,5339.0,65.69,40.61,44.8,0.12953738796520495,2.1248,big_data
2.47,0.0,0.7,31.25,0.15,0.12,0.0,0.0,0.0,1760.2,32.0,437.41,7.92,0.01,14.89,254.47,253.55,142.71,44.21,100.0,32.0,0.46,7.39,4.6,6.2,0.0,0.0,0.0,14.293203250498838,8929.76,3.048024746666667,1.034,42.27,3.05,0.06,0.24,0.46,0.47,39.61,6.6,70,20224,371288000,13724,78145968,446896,8256,40421,16693,0,3,4,9.4,16689.8,7.0,5340.0,65.96,41.08,44.93,0.12953738796520495,2.1248,big_data
2.64,0.0,0.88,31.97,0.15,0.12,0.0,0.0,0.0,1784.0,26.2,444.09,6.47,0.0,14.94,254.9,252.85,141.21,44.25,100.0,32.0,0.84,14.7,8.4,10.2,0.0,0.0,0.0,14.696313298209686,10228.74,3.49140992,0.6459999999999999,40.21,4.71,0.1,0.59,0.8,0.52,45.89,8.68,68,20224,366495104,13744,80419704,453754,6577,40455,16658,0,4,6,22.2,16655.0,2.0,5338.0,66.28,41.56,45.06,0.12953738796520495,2.1248,big_data
1.31,0.0,0.77,33.45,0.16,0.12,0.0,0.0,0.0,1771.0,33.2,439.95,8.22,0.01,14.43,254.38,253.64,142.2,45.31,100.08,32.02,0.48,7.58,4.8,6.6,0.0,0.0,0.0,15.170070474635565,8345.119999999999,2.8484676266666664,0.564,41.94,7.6,0.16,0.43,0.81,0.46,40.74,7.69,70,20224,362098592,13760,82681360,451294,8628,40284,16138,0,2,3,16.0,16141.0,4.0,5340.0,66.5,42.02,45.19,0.12953738796520495,2.1248,big_data
1.23,0.0,0.8,33.98,0.14,0.11,0.0,0.0,0.0,1779.8,32.0,440.87,6.91,0.03,25.93,253.65,221.18,140.01,44.42,100.0,32.0,1.5,14.81,9.2,11.2,0.0,0.0,0.0,15.579333409887436,8782.24,2.997671253333333,0.5920000000000001,43.09,6.28,0.12,0.33,0.82,0.49,43.51,9.07,68,20224,358461440,13780,84952320,453158,6825,40432,16901,0,2,1,14.4,16899.0,2.0,5340.0,66.7,42.47,45.32,0.12953738796520495,2.1248,big_data
1.16,0.0,0.73,33.9,0.15,0.12,0.0,0.0,0.0,1783.4,25.8,442.98,6.37,0.01,15.13,254.35,252.81,142.17,45.32,100.08,32.02,0.48,7.43,4.8,6.6,0.0,0.0,0.0,15.830882256213439,5962.5,2.0352,0.613,41.21,6.83,0.15,0.33,0.65,0.4,34.4,4.96,70,20224,355386272,13796,87222672,452912,6575,40305,16465,0,2,1,16.2,16460.4,2.0,5342.0,67.04,42.94,45.46,0.1295859220183954,2.1248,big_data
1.21,0.0,0.72,33.0,0.15,0.13,0.0,0.0,0.0,1776.8,26.6,441.45,6.65,0.02,0.0,254.42,256.0,141.52,44.49,100.0,32.0,0.84,14.88,8.6,10.6,0.0,0.0,0.0,15.985162404575748,8451.48,2.88477184,0.635,44.2,7.72,0.14,0.32,0.9,0.57,51.42,9.97,69,20224,351103488,13804,89487904,452511,6761,40250,16581,0,2,3,20.4,16582.4,5.0,5339.0,67.2,43.37,45.58,0.1295859220183954,2.1248,big_data
1.02,0.0,0.66,33.58,0.16,0.12,0.0,0.0,0.0,1807.0,22.2,447.77,5.47,0.01,18.38,253.75,252.36,139.56,42.33,100.0,32.0,0.46,7.39,4.6,6.2,0.0,0.0,0.0,16.367498211283937,7162.92,2.44494336,0.612,42.93,7.63,0.15,0.33,0.83,0.51,44.98,8.67,70,20224,347771424,13820,91782144,457751,5554,40131,15889,0,2,3,9.6,15885.8,4.0,5340.0,67.35,43.8,45.71,0.12956165499180014,2.1248,big_data
1.06,0.0,0.51,34.68,0.15,0.12,0.0,0.0,0.0,1782.4,28.8,443.12,7.13,0.02,18.18,254.58,253.39,141.09,45.39,100.0,32.0,0.84,14.7,8.4,10.2,0.0,0.0,0.0,16.561302416545633,6891.8600000000015,2.3524215466666667,0.58,41.7,7.94,0.16,0.36,0.95,0.55,50.09,9.19,69,20224,345077504,13840,94052752,453022,7441,40229,15951,0,2,1,20.6,15949.2,4.0,5338.0,67.64,44.25,45.84,0.12953738796520495,2.1248,big_data
1.18,0.0,0.67,34.61,0.14,0.12,0.0,0.0,0.0,1756.2,36.0,436.02,8.92,0.05,13.46,254.23,253.82,143.05,44.01,100.0,32.0,0.48,7.58,4.8,6.6,0.0,0.0,0.0,16.63823436162882,9051.58,3.089605973333333,0.518,44.96,8.72,0.13,0.3,1.19,0.61,56.13,12.72,68,20224,341769696,13856,96292552,446772,9245,40206,16064,0,2,5,15.8,16063.6,2.0,5339.0,67.75,44.66,45.97,0.12953738796520495,2.1248,big_data
1.47,0.0,1.22,32.06,0.16,0.12,0.0,0.0,0.0,1792.2,25.6,445.56,6.32,0.0,17.95,254.58,252.94,140.27,45.48,100.0,32.0,2.8,15.02,10.4,13.0,0.0,0.0,0.0,17.040305659378948,8569.64,2.9251037866666665,0.494,44.46,7.68,0.13,0.32,0.93,0.46,40.83,8.93,69,20224,335969248,13884,98581568,457182,6382,40358,16571,0,2,1,14.8,16570.4,4.0,5341.0,67.85,45.07,46.09,0.12953738796520495,2.1248,big_data
1.39,0.0,0.89,34.91,0.16,0.12,0.0,0.0,0.0,1785.4,28.8,442.45,7.1,0.03,20.88,253.76,252.28,141.1,43.28,100.0,32.0,7.62,9.44,12.6,17.2,0.0,0.0,0.0,17.51399459675632,8652.560000000001,2.9534071466666667,0.5429999999999999,44.76,6.79,0.12,0.31,0.92,0.5,44.8,8.97,66,20224,331945376,13904,100857312,452842,7269,40789,17105,0,2,1,18.4,17105.0,6.0,5351.0,68.02,45.48,46.22,0.12961018904499058,2.1248,big_data
4.09,0.0,0.8,31.0,0.16,0.13,0.0,0.0,0.0,1756.8,32.4,436.72,7.92,0.0,14.74,254.55,250.17,142.74,43.22,100.16,32.05,3.5,15.37,11.6,14.8,0.0,0.0,0.0,17.844791724756735,10532.46,3.5950796800000004,1.297,43.13,2.12,0.03,0.12,0.36,0.47,37.27,7.65,69,20224,326897056,13924,103090024,446703,8210,40868,20138,0,5,1,22.2,20139.0,3.0,5357.0,68.18,45.89,46.35,0.12987712633753784,2.1248,big_data
1.85,0.0,0.65,33.55,0.16,0.12,0.0,0.0,0.0,1765.6,31.8,439.43,6.49,0.01,26.73,254.86,208.88,142.85,45.62,100.0,32.0,7.02,9.42,12.8,18.2,0.0,0.0,0.0,18.375078887183374,9163.78,3.1279035733333336,0.527,42.79,7.4,0.15,0.43,1.11,0.59,53.99,11.18,70,20224,323259008,13936,105347120,450068,6542,40537,16818,0,3,0,11.2,16813.2,3.0,5359.0,68.65,46.36,46.5,0.12999846147051386,2.1248,big_data
1.11,0.0,0.8,36.49,0.15,0.13,0.0,0.0,0.0,1766.07,33.93,437.13,8.26,0.03,13.27,253.45,249.32,141.46,45.82,99.88,31.96,5.9,16.1,17.2,23.4,0.0,0.0,0.0,18.642108140770635,8030.3,2.741009066666667,0.531,42.21,7.03,0.17,0.47,0.74,0.39,34.31,6.48,66,20224,320728224,13952,107591136,448474,8479,40431,16444,0,2,93,24.8,16436.8,94.0,5367.0,68.91,46.78,46.64,0.13004699552370427,2.1248,big_data
0.92,0.0,0.52,32.96,0.15,0.11,0.0,0.0,0.0,1832.6,6.0,454.76,1.35,0.03,45.45,254.11,230.27,138.21,43.5,100.0,32.0,3.59,8.23,8.2,12.4,0.0,0.0,0.0,18.84576909748437,5680.88,1.9390737066666668,0.6779999999999999,41.96,7.47,0.18,0.45,0.58,0.39,34.06,4.08,67,20224,317568192,13972,109931344,466327,1224,40164,15867,0,2,3,16.0,15870.0,4.0,5363.0,68.84,47.13,46.75,0.13024113173646593,2.1248,big_data
2.16,0.0,0.82,31.99,0.16,0.12,0.0,0.0,0.0,1852.2,0.4,460.74,0.01,0.0,85.71,254.72,28.0,136.88,45.5,100.32,32.1,4.46,15.37,12.2,16.0,0.0,0.0,0.0,18.84644466406466,10159.12,3.4676462933333334,0.529,44.81,7.6,0.12,0.31,1.16,0.61,56.31,12.8,69,20224,312878784,13984,112300592,472016,14,40771,17974,0,3,0,15.0,17975.0,0.0,5365.0,68.77,47.48,46.87,0.1301440636300851,2.1248,big_data
1.51,0.0,0.87,34.21,0.15,0.13,0.0,0.0,0.0,1858.2,0.4,461.48,0.01,0.0,86.67,254.31,30.0,135.91,48.5,100.0,32.0,10.09,10.73,15.2,22.0,0.0,0.0,0.0,19.28553109636381,8748.960000000001,2.98631168,0.531,41.15,6.69,0.15,0.58,0.88,0.47,41.72,7.97,68,20224,309594912,14004,114665104,472191,17,41005,17646,0,3,0,17.2,17640.8,0.0,5364.0,68.87,47.85,46.99,0.1301925976832755,2.1248,big_data
5.0,0.0,1.61,35.69,0.18,0.13,0.0,0.0,39.925,1883.6,0.4,465.85,0.03,0.05,93.94,253.26,66.0,134.07,48.0,100.24,32.07,33.71,28.45,41.4,51.8,0.0,0.0,0.0,19.463556917185734,17488.64,5.969455786666666,0.58,39.32,4.81,0.11,1.38,0.95,0.55,46.66,9.79,69,20224,302783872,14016,117050248,475942,32,44567,24177,0,7,3,26.6,24180.4,3.0,5367.0,69.28,48.29,47.14,0.13016833065668032,2.1248,big_data
4.97,0.0,1.35,34.2,0.17,0.12,0.0,0.0,37.9,1897.8,0.4,470.14,0.02,0.08,90.48,253.68,42.0,133.38,44.0,100.08,32.02,25.75,18.97,30.0,38.6,0.0,0.0,0.0,20.427184784026636,14788.5,5.047808,0.84,41.95,2.81,0.05,0.72,0.57,0.48,38.73,6.1,66,20224,298003360,14032,119469944,482976,22,42808,20919,0,7,5,12.8,20923.0,6.0,5366.0,69.5,48.68,47.27,0.13024113173646593,2.1248,big_data
4.68,0.0,1.3,29.96,0.18,0.14,0.0,0.0,0.0,1917.8,5.0,475.71,0.07,0.29,71.26,254.0,13.92,131.64,44.88,100.08,32.02,2.2,22.68,23.0,29.6,0.0,0.0,0.0,20.85037000159869,13398.079999999998,4.573211306666666,0.517,44.87,6.5,0.1,0.3,1.1,0.57,52.08,9.77,50,20224,293123168,14192,121899368,484703,76,42639,20379,0,7,1,22.4,20370.8,2.0,5348.0,69.22,48.97,47.37,0.1301925976832755,2.1248,big_data
1.74,0.0,1.32,27.35,0.15,0.12,0.0,0.0,0.0,1916.4,0.4,474.35,0.02,0.17,91.67,253.46,48.0,131.74,48.0,100.08,32.02,2.4,10.51,12.4,17.6,0.0,0.0,0.0,21.213025666715406,12380.48,4.225870506666666,0.406,46.52,9.2,0.13,0.28,1.4,0.57,51.7,12.51,39,20224,288484320,14216,124325104,484099,34,41121,17551,0,4,3,15.6,17549.4,0.0,5331.0,67.6,48.97,47.38,0.1297072571513714,2.1248,big_data
1.71,0.0,1.18,19.94,0.15,0.13,0.0,0.0,0.0,1905.6,0.0,473.89,0.0,0.04,100.0,254.65,0.0,132.36,0.0,100.0,32.0,1.54,15.94,17.2,21.2,0.0,0.0,0.0,21.642990812863168,9569.28,3.2663142400000003,0.474,43.55,7.91,0.14,0.32,1.08,0.51,46.24,10.78,30,20224,283947744,14240,126753120,483739,62,40666,16843,0,3,4,14.4,16841.2,4.0,5320.0,65.23,48.79,47.33,0.12934325175244332,2.1504,big_data
2.06,0.0,0.91,16.48,0.16,0.13,0.0,0.0,0.0,1908.2,0.4,474.82,0.01,0.01,0.0,254.8,28.0,132.82,48.0,100.08,32.02,0.72,5.71,7.8,10.8,0.0,0.0,0.0,22.104342888480826,10052.84,3.431369386666667,0.44,42.43,8.54,0.16,0.31,1.31,0.58,53.02,11.86,29,20224,280365728,14256,129181600,484828,10,39921,15186,0,3,2,15.8,15189.6,1.0,5310.0,62.25,48.44,47.22,0.12910058148649128,2.1504,big_data
1.28,0.0,0.67,15.53,0.13,0.13,0.0,0.0,0.0,1908.0,0.4,474.67,0.02,0.0,92.0,254.75,50.0,132.61,48.0,100.08,32.02,0.89,9.36,9.2,11.2,0.0,0.0,0.0,22.399317548857926,6739.160000000002,2.3002999466666667,0.523,40.45,6.83,0.16,0.42,0.95,0.5,45.2,9.63,27,20224,276915456,14276,131614744,486062,36,39520,14153,0,2,1,21.0,14139.0,0.0,5309.0,59.51,48.1,47.12,0.12885791122053925,2.1504,big_data
1.68,0.0,0.77,15.22,0.15,0.11,0.0,0.0,0.0,1910.0,0.4,476.39,0.02,0.0,91.3,255.41,46.0,132.2,50.5,100.0,32.0,0.46,3.82,4.6,6.2,0.0,0.0,0.0,22.447851434796128,8552.58,2.91928064,0.5710000000000001,42.38,6.39,0.12,0.31,0.89,0.51,45.88,9.7,27,20224,272747104,14292,134060456,487506,33,39629,14577,0,3,1,9.2,14571.8,1.0,5309.0,56.98,47.77,47.02,0.128833644193944,2.1504,big_data
4.01,0.0,1.08,13.97,0.16,0.13,0.0,0.0,0.0,1914.6,0.4,476.5,0.01,0.0,88.24,254.85,34.0,131.8,39.5,100.0,32.0,0.84,8.4,8.4,10.2,0.0,0.0,0.0,22.773570061163802,14597.22,4.98251776,0.579,43.75,4.7,0.07,0.21,1.09,0.63,58.09,12.51,27,20224,267613664,14308,136505744,487986,25,41032,15990,0,5,0,22.6,15984.4,1.0,5309.0,54.58,47.42,46.91,0.128833644193944,2.1504,big_data
4.56,0.0,1.06,13.62,0.17,0.12,0.0,0.0,0.0,1913.8,5.4,476.4,0.07,0.0,70.65,254.9,13.63,131.74,40.63,100.0,32.0,0.48,4.02,4.8,6.6,0.0,0.0,0.0,23.28357051267883,13170.679999999997,4.495592106666666,0.6559999999999999,42.96,4.73,0.07,0.19,0.86,0.57,51.4,8.68,26,20224,262764544,14324,138949952,487609,83,40772,15154,0,6,2,15.6,15160.4,3.0,5309.0,52.45,47.1,46.81,0.128833644193944,2.1504,big_data
2.76,0.0,0.83,12.83,0.17,0.12,0.0,0.0,0.0,1912.0,0.4,475.94,0.02,0.0,91.3,254.9,46.0,131.93,46.0,100.08,32.02,0.81,8.35,8.2,9.8,0.0,0.0,0.0,23.738737097654514,11171.2,3.8131029333333335,0.49,43.72,6.93,0.1,0.24,1.28,0.63,58.27,11.51,27,20224,258932896,14340,141390512,487607,21,40431,14455,0,4,0,14.4,14448.0,1.0,5309.0,50.41,46.77,46.7,0.128833644193944,2.1504,big_data
2.6,0.0,0.67,15.13,0.14,0.12,0.0,0.0,0.0,1902.2,0.4,473.73,0.02,0.0,90.0,255.02,40.0,132.61,53.0,100.08,32.03,0.48,3.87,4.8,6.6,0.0,0.0,0.0,24.00122617988063,9357.56,3.1940471466666667,0.787,42.89,3.92,0.06,0.16,0.68,0.53,46.96,9.28,27,20224,255620864,14356,143822640,485114,62,39965,14393,0,4,1,15.8,14362.6,1.0,5308.0,48.62,46.46,46.6,0.128833644193944,2.1504,big_data
3.25,0.0,1.47,15.45,0.15,0.14,0.0,0.0,0.0,1902.6,0.4,473.96,0.02,0.02,91.3,255.09,46.0,132.72,54.0,100.08,32.02,0.83,8.55,8.4,10.2,0.0,0.0,0.0,24.16894259689537,13477.5,4.60032,0.544,44.73,5.42,0.07,0.19,1.05,0.57,52.11,10.79,27,20224,250557904,14372,146255776,485142,22,40698,15560,0,5,0,20.8,15556.8,1.0,5303.0,46.97,46.15,46.5,0.1287851101407536,2.1504,big_data
1.48,0.0,0.79,15.5,0.16,0.12,0.0,0.0,0.0,1907.8,0.4,474.88,0.01,0.01,88.89,254.89,36.0,132.25,41.5,100.08,32.02,1.15,3.98,5.6,7.6,0.0,0.0,0.0,24.67596327662529,7364.44,2.5137288533333333,0.547,43.33,6.9,0.13,0.29,0.9,0.49,44.68,8.58,26,20224,247501824,14388,148695152,486841,17,39678,14095,0,2,2,9.6,14080.2,1.0,5296.0,45.45,45.85,46.4,0.12868804203437278,2.1504,big_data
1.52,0.0,0.77,16.56,0.14,0.12,0.0,0.0,0.0,1909.6,0.4,475.3,0.01,0.0,88.89,254.87,36.0,132.05,41.5,100.0,32.0,3.6,9.01,12.4,15.8,0.0,0.0,0.0,24.78303944228377,8582.539999999999,2.929506986666666,0.495,43.24,8.3,0.16,0.35,1.03,0.51,45.96,8.93,27,20224,244310048,14404,151134736,486656,17,40172,14707,0,3,2,22.6,14695.6,2.0,5288.0,44.05,45.55,46.3,0.12851817284820635,2.1504,big_data
0.9,0.0,0.52,18.09,0.14,0.12,0.0,0.0,0.0,1913.4,0.4,476.41,0.02,0.0,92.31,254.96,52.0,132.07,38.5,100.0,32.0,1.64,4.91,7.4,10.6,0.0,0.0,0.0,24.926949529906878,7047.980000000001,2.405710506666667,0.496,45.23,8.11,0.15,0.34,1.05,0.52,47.5,10.23,24,20224,241727856,14424,153577328,487702,25,39634,13647,0,2,4,16.2,13660.2,2.0,5280.0,42.77,45.26,46.2,0.12834830366203992,2.1504,big_data
2.13,0.0,0.98,15.04,0.15,0.13,0.0,0.0,0.0,1916.4,3.0,476.32,0.08,0.0,85.15,254.51,26.93,131.68,46.6,100.0,32.0,6.85,11.38,19.8,26.4,0.0,0.0,0.0,24.95411549512036,9768.74,3.3343965866666667,0.56,44.8,6.18,0.11,0.28,0.8,0.45,39.4,7.74,23,20224,238123312,14448,156020768,487515,90,40659,15755,0,3,1,17.2,15778.4,3.0,5278.0,41.42,44.94,46.09,0.12808136636949266,2.1504,big_data
1.04,0.0,0.81,8.11,0.14,0.12,0.0,0.0,0.0,1911.2,0.4,475.15,0.02,0.0,92.31,254.58,52.0,102.18,51.5,99.76,31.56,2.98,13.75,19.0,25.4,0.0,0.0,0.0,25.1737322578,9158.26,3.1260194133333337,0.5329999999999999,40.56,6.83,0.26,0.87,0.83,0.44,40.93,6.24,1,20224,235402752,14468,158397184,474034,26,40028,15390,0,2,2,16.0,15418.6,0.0,5262.0,39.39,44.46,45.93,0.12803283231630225,2.1504,big_data
4.67,0.0,2.04,0.27,0.1,0.11,0.0,0.0,0.0,59.2,0.4,14.65,0.04,0.0,95.92,253.47,98.0,6.41,0.5,3.28,0.32,185.71,87.45,131.2,161.0,0.01,0.0,0.0,25.24535975417869,17381.5,5.932885333333332,0.5710000000000001,47.07,4.88,0.07,0.35,0.9,0.51,42.86,9.72,0,20224,230967264,14544,158462704,12647,90,43850,25141,0,7,12,38.2,24433.4,93.0,5324.0,36.23,43.72,45.68,0.12905204743330087,2.1504,big_data
13.25,0.0,4.83,0.45,0.24,0.25,0.0,0.0,40.85,0.0,0.0,0.0,0.0,0.0,0.0,0.0,0.0,0.0,0.0,0.0,0.0,5.34,9.42,13.4,19.0,0.0,0.0,0.0,26.085719087360353,47411.02,16.182961493333334,0.607,43.73,5.54,0.2,0.63,0.81,0.49,42.11,9.13,0,20224,221940064,14556,158462720,0,9,51000,46399,0,18,0,10.0,47141.0,0.0,5317.0,41.18,44.62,45.97,0.1291733825662769,2.1504,big_data
27.86,0.0,2.3,0.07,0.25,0.07,0.0,0.0,46.05784615384616,0.0,51.0,0.0,8.99,0.0,46.76,0.0,180.52,0.0,3.1,2.16,0.15,206.23,105.36,133.2,157.0,0.01,0.0,0.0,27.778189276089467,84448.51999999999,28.825094826666664,0.45,35.93,10.8,0.11,0.39,1.45,0.65,61.96,0.71,0,20224,220224720,15388,158567904,0,9212,55387,46567,0,31,0,29.6,46576.2,0.0,5348.0,43.01,44.94,46.06,0.12902778040670568,2.1504,big_data
2.36,0.0,0.55,0.03,0.09,0.1,0.0,0.0,0.0,0.2,62.2,0.0,11.55,0.0,40.65,4.0,190.11,4.0,2.34,2.72,0.14,6.73,3.59,11.0,15.6,0.0,0.0,0.0,28.08244444706449,10987.56,3.75042048,0.5479999999999999,44.82,7.94,0.22,0.5,0.99,0.54,49.71,9.16,1,20224,218910224,15408,158569056,1,11833,38909,14802,0,3,3,16.6,14731.0,2.0,5343.0,39.56,44.2,45.82,0.129780058231157,2.1504,big_data
19.4,0.0,1.16,0.06,0.2,0.09,0.0,0.0,37.54425531914895,0.2,1.2,0.0,0.24,0.0,98.08,4.0,208.67,0.0,1.5,0.0,0.0,683.47,2113.42,318.4,398.4,0.07,0.0,0.0,28.331773249678825,65310.24000000001,22.29256192,0.467,39.21,11.78,0.08,0.27,1.33,0.62,58.82,0.74,0,20224,217607040,16088,158678752,1,265,50655,36060,0,20,0,73.6,36133.0,0.0,5636.0,41.6,44.54,45.92,0.12961018904499058,2.1504,big_data
1.12,0.0,0.36,0.02,0.1,0.1,0.0,0.0,0.0,0.0,56.8,0.0,8.91,0.0,56.04,0.0,160.65,0.0,2.76,2.08,0.14,42.75,8.18,29.0,32.4,0.0,0.0,0.0,28.557067501194854,12467.6,4.255607466666667,0.518,41.63,10.95,0.14,0.36,1.22,0.63,60.08,1.79,0,20224,216915088,16144,158679536,0,9148,40016,16310,0,2,26,16.6,13341.0,35.0,5636.0,38.43,43.84,45.68,0.13676896189057608,2.1504,big_data
14.01,0.0,0.97,0.02,0.17,0.06,0.0,0.0,33.335454545454546,0.4,67.2,0.0,12.51,0.0,50.22,4.0,190.57,1.5,3.37,3.12,0.22,2636.9,2098.46,292.4,359.2,0.09,0.0,0.0,28.69342959184064,43150.24000000001,14.728615253333334,0.5770000000000001,38.21,10.54,0.07,0.32,0.93,0.54,49.01,0.77,0,20224,216767248,16716,158787376,2,12834,42751,20053,0,15,0,35.8,23023.0,0.0,5711.0,35.43,43.12,45.44,0.13858898888521648,2.1504,big_data
9.76,0.0,0.9,0.03,0.12,0.11,0.0,0.0,0.0,0.2,0.6,0.0,0.1,0.0,97.58,4.0,165.33,0.0,0.67,0.08,0.0,2404.39,2037.71,257.2,297.4,0.08,0.0,0.0,28.737693987976808,43349.84,14.796745386666668,0.607,39.54,9.21,0.08,0.31,0.97,0.59,55.43,1.9,2,20224,215220048,16988,158790848,1,145,44029,24016,0,11,64,25.0,24004.8,65.0,5785.0,32.67,42.43,45.2,0.13861325591181167,2.1504,big_data
33.17,0.0,1.79,0.05,0.26,0.07,0.0,0.0,46.50277777777778,0.0,2.2,0.0,0.46,0.0,98.12,0.0,212.73,0.0,2.55,0.16,0.01,5884.23,5597.61,688.2,822.2,0.19,0.0,0.0,28.992514517573237,107591.9,36.724701866666656,0.623,41.14,9.73,0.09,0.28,1.01,0.63,60.72,1.42,0,20224,213283168,17900,159104768,0,475,57195,61092,0,35,4,54.6,60818.0,7.0,5953.0,35.18,42.78,45.31,0.14038474885326166,2.1504,big_data
34.57,0.0,1.4,0.04,0.27,0.1,0.0,0.0,45.689069767441865,0.6,51.7,0.0,9.87,0.0,80.9,4.0,195.43,0.33,3.37,2.4,0.17,9613.16,5882.56,1266.6,1303.6,0.32,0.0,0.0,29.529323058402888,113624.56,38.78384981333335,0.725,39.74,10.86,0.08,0.25,0.89,0.65,63.28,0.32,0,20224,211167328,18992,158781200,2,10129,56995,55039,0,37,6,218.6,55038.4,9.0,6967.0,37.81,43.2,45.43,0.1585607517730703,2.1504,big_data
34.04,0.0,0.68,0.02,0.22,0.08,0.0,0.0,48.515492957746474,0.0,18.8,0.0,1.32,0.0,94.45,0.0,72.04,0.0,1.73,0.24,0.03,14169.32,7454.95,1418.0,1329.4,0.46,0.0,0.0,29.75714215471392,116085.78,39.62394624,0.72,39.55,10.53,0.09,0.31,0.87,0.63,61.32,0.5,0,20224,210810080,19084,159133632,0,1372,50777,32053,0,35,61,14.4,32078.0,65.0,6962.0,40.07,43.58,45.54,0.16904410726219893,2.1504,big_data
31.41,0.0,1.13,0.06,0.26,0.11,0.0,0.0,43.75611111111114,0.2,46.69,0.0,8.82,0.0,4.51,4.0,193.53,5.0,1.89,2.08,0.08,14031.63,8411.4,1616.0,1658.0,0.46,0.0,0.0,29.760156046023287,111170.34,37.94614272,0.753,40.03,10.26,0.08,0.25,0.81,0.61,59.73,0.75,0,20224,209711488,19136,158896496,1,9024,55628,47282,0,34,107,15.8,44309.2,155.0,6962.0,36.86,42.86,45.29,0.16894703915581807,2.1504,big_data
35.56,0.0,1.14,0.11,0.25,0.09,0.0,0.0,45.41753086419751,0.0,115.37,0.0,13.13,0.0,71.69,0.0,116.52,0.0,3.11,3.11,0.34,9410.52,6357.51,998.4,1059.0,0.31,0.0,0.0,30.012646591218797,108720.82,37.11003989333333,0.797,40.48,10.15,0.07,0.27,0.77,0.61,59.54,0.7,0,20224,206969728,19180,159320592,1,13598,51076,43521,0,36,6,21.0,46724.8,9.0,6963.0,37.27,42.84,45.28,0.16894703915581807,2.1504,big_data
29.32,0.0,0.89,0.02,0.25,0.08,0.0,0.0,45.78072727272729,0.0,2.2,0.0,0.49,0.0,98.23,0.0,226.55,0.0,2.27,0.16,0.0,12118.06,8440.42,1603.6,1764.4,0.4,0.0,0.0,30.456586336290602,106252.12,36.26739029333333,0.8140000000000001,41.32,10.64,0.07,0.18,0.74,0.6,58.8,0.67,0,20224,207040400,19276,158795472,0,617,53846,37575,0,31,151,9.2,36847.0,103.0,6954.0,37.57,42.81,45.25,0.16894703915581807,2.1504,big_data
30.68,0.0,0.93,0.03,0.24,0.1,0.0,0.0,46.456451612903244,0.0,3.2,0.0,0.75,0.0,98.33,0.0,239.25,0.0,2.81,0.24,0.01,17699.13,10420.76,1621.2,1647.2,0.58,0.0,0.0,30.68244773012093,117927.12,40.25245696,0.884,41.24,10.77,0.05,0.17,0.65,0.58,56.33,0.47,0,20224,205124032,19308,159226848,1,814,48294,27554,0,32,66,22.6,28298.8,64.0,6954.0,37.68,42.75,45.22,0.16875290294305645,2.1504,big_data
33.4,0.0,0.97,0.07,0.24,0.08,0.0,0.0,43.273703703703696,0.0,84.0,0.0,10.3,0.0,77.78,0.0,125.6,0.0,3.25,2.4,0.26,14550.29,8481.95,1678.6,1841.4,0.48,0.0,0.0,30.818757504162864,111162.28,37.943391573333344,0.919,41.46,10.8,0.06,0.18,0.64,0.59,57.94,0.61,0,20224,204392368,19356,158754096,0,10557,49450,33973,0,34,32,15.6,33960.4,32.0,6955.0,34.67,42.04,44.97,0.16875290294305645,2.1504,big_data
30.76,0.0,1.12,0.01,0.24,0.11,0.0,0.0,41.44054054054054,0.0,53.4,0.0,1.23,0.0,82.98,0.0,23.51,0.0,0.74,0.32,0.03,17299.81,10443.01,1596.2,1679.0,0.57,0.0,0.0,31.147451353045753,122661.74,41.868540586666654,0.915,42.57,11.06,0.06,0.15,0.64,0.58,57.05,0.78,0,20224,201344352,19388,159235664,0,1286,52226,38105,0,32,64,16.0,38103.2,64.0,6955.0,35.73,42.14,44.99,0.16872863591646126,2.1504,big_data
30.48,0.0,0.81,0.01,0.23,0.08,0.0,0.0,44.95584615384615,0.0,2.4,0.0,0.5,0.0,98.14,0.0,215.0,0.0,2.25,0.16,0.0,14337.59,8502.28,1714.0,1891.0,0.47,0.0,0.0,31.535777790001834,113737.98,38.82256384,0.953,42.28,11.19,0.06,0.14,0.6,0.57,55.84,0.3,21,20224,201718416,19436,158806944,0,522,49732,29962,0,31,40,15.8,29752.6,0.0,6952.0,38.16,42.53,45.1,0.16872863591646126,2.1504,big_data
31.92,0.0,0.94,0.02,0.24,0.11,0.0,0.0,45.53718309859157,0.0,93.41,0.0,10.29,0.0,75.42,0.0,112.84,0.0,2.9,2.48,0.25,17960.37,10436.84,1596.4,1680.6,0.59,0.0,0.0,31.550205041281018,116353.16,39.71521194666667,0.9359999999999999,43.05,11.04,0.04,0.1,0.64,0.6,58.91,0.83,2,20224,199814336,19480,159266176,0,10684,49502,38609,0,34,64,19.6,38706.8,62.0,6954.0,35.26,41.86,44.87,0.16870436888986606,2.1504,big_data
29.59,0.0,0.9,0.11,0.24,0.09,0.0,0.0,42.316153846153846,0.4,326.45,0.0,61.2,0.0,29.94,4.0,191.98,2.0,4.59,14.67,1.48,17176.55,10527.88,2065.2,2169.4,0.56,0.0,0.0,31.81921171085189,118058.88,40.297431040000006,0.955,43.5,11.37,0.07,0.15,0.61,0.59,57.69,0.52,0,20224,199700560,19536,158709104,2,62621,51761,32147,0,31,64,10.4,32250.4,64.0,6951.0,37.4,42.2,44.97,0.16870436888986606,2.1504,big_data
31.78,0.0,0.72,0.0,0.22,0.1,0.0,0.0,44.0476,0.0,3.2,0.0,0.71,0.0,98.23,0.0,226.0,0.0,3.19,0.16,0.01,15001.42,10460.9,1585.8,1626.6,0.49,0.0,0.0,31.943211918753533,120804.78,41.23469824,0.982,44.73,11.81,0.05,0.12,0.6,0.59,57.74,0.33,0,20224,198679424,19592,159247680,0,882,47594,28422,0,32,38,21.0,27753.0,0.0,6953.0,39.69,42.59,45.08,0.16868010186327084,2.1504,big_data
32.0,0.0,0.8,0.01,0.21,0.09,0.0,0.0,47.55970149253733,0.0,2.2,0.0,0.47,0.0,98.16,0.0,217.82,0.0,2.36,0.16,0.01,18899.66,8533.09,2061.0,2101.4,0.62,0.0,0.0,32.03587675557747,116984.48,39.93070250666667,0.995,45.52,11.88,0.05,0.13,0.59,0.59,57.49,0.25,0,20224,198485120,19660,158824112,0,533,45737,23360,0,33,5,15.6,24005.6,11.0,6951.0,43.4,43.31,45.3,0.16868010186327084,2.1504,big_data
31.59,0.0,0.61,0.02,0.23,0.09,0.0,0.0,44.04866666666666,0.0,3.2,0.0,0.71,0.0,98.23,0.0,226.0,0.0,3.06,0.16,0.01,18011.17,10483.91,1563.8,1722.2,0.59,0.0,0.0,32.15951226367538,118723.8,40.5243904,0.995,45.03,11.99,0.03,0.09,0.6,0.6,58.93,0.24,0,20224,197968352,19696,159332112,0,737,44032,20681,0,33,22,15.6,20691.6,30.0,6953.0,39.93,42.59,45.06,0.16868010186327084,2.1504,big_data
32.21,0.0,0.76,0.02,0.22,0.09,0.0,0.0,45.968611111111095,0.0,100.6,0.0,10.04,0.0,67.55,0.0,102.17,0.0,1.91,2.48,0.19,15418.68,10529.47,1960.4,2107.2,0.51,0.0,0.0,32.15417369544662,121873.54,41.59950165333333,0.998,45.84,11.87,0.04,0.14,0.6,0.6,58.93,0.4,0,20224,197755200,19728,158893840,0,10316,46550,25817,0,33,33,16.4,25833.8,33.0,6951.0,37.85,42.12,44.89,0.16868010186327084,2.1504,big_data
30.85,0.0,0.69,0.02,0.23,0.08,0.0,0.0,45.45318840579712,0.0,78.04,0.0,15.11,0.0,71.27,0.0,198.3,0.0,3.93,3.67,0.3,17962.11,10449.73,1726.2,1740.2,0.59,0.0,0.0,32.27725950009817,123600.5,42.188970666666656,0.988,46.24,12.19,0.04,0.13,0.6,0.59,58.17,0.34,0,20224,196689712,19756,159390336,0,15513,43707,24931,0,32,61,18.8,24845.0,59.0,6952.0,37.62,42.0,44.83,0.16868010186327084,2.1504,big_data
30.36,0.0,0.78,0.02,0.2,0.1,0.0,0.0,44.62545454545455,0.0,2.4,0.0,0.5,0.0,98.14,0.0,214.67,0.0,2.5,0.08,0.0,17630.0,10538.54,2168.6,2239.2,0.58,0.0,0.0,32.386884773324475,121009.63999999998,41.30462378666665,1.004,46.33,12.18,0.04,0.1,0.59,0.59,57.83,0.17,0,20224,197142032,19780,158843872,0,722,45457,23273,0,31,64,12.0,23350.0,64.0,6951.0,37.89,41.98,44.81,0.16865583483667562,2.1504,big_data
30.75,0.0,0.54,0.02,0.23,0.09,0.0,0.0,46.89257142857142,0.0,3.4,0.0,0.77,0.0,98.27,0.0,231.06,0.0,2.94,0.16,0.01,18455.78,10498.76,1831.2,1847.4,0.6,0.0,0.0,32.403037714319424,121999.63999999998,41.64254378666666,1.02,46.34,12.51,0.03,0.09,0.58,0.59,57.92,0.18,0,20224,196691952,19808,159381808,0,949,42935,15766,0,32,64,22.2,15768.0,64.0,6951.0,39.58,42.27,44.89,0.16868010186327084,2.1504,big_data
29.78,0.0,0.66,0.02,0.23,0.09,0.0,0.0,46.5065671641791,0.0,101.0,0.0,10.46,0.0,72.33,0.0,106.08,0.0,1.99,2.56,0.2,18953.47,10539.81,2262.8,2265.4,0.62,0.0,0.0,32.38848535811796,119048.8,40.635323733333344,0.997,47.17,12.5,0.04,0.13,0.6,0.6,58.39,0.19,0,20224,196947296,19836,159063408,0,10719,44981,23267,0,31,64,14.6,23252.2,65.0,6956.0,41.54,42.63,44.99,0.16872863591646126,2.1504,big_data
31.2,0.0,0.61,0.1,0.25,0.08,0.0,0.0,46.96015151515151,0.0,283.2,0.0,53.17,0.0,34.29,0.0,192.26,0.0,4.65,12.8,1.3,18669.88,10493.91,1644.0,1777.0,0.61,0.0,0.0,32.39987976279652,122167.48,41.699833173333346,1.018,47.33,12.47,0.04,0.15,0.58,0.6,58.32,0.28,0,20224,196426720,19860,159602416,0,54511,43594,17196,0,32,65,15.8,17212.4,65.0,6951.0,43.34,42.98,45.1,0.16868010186327084,2.1504,big_data
33.48,0.0,0.88,0.01,0.23,0.1,0.0,0.0,46.80493150684931,0.0,3.2,0.0,0.72,0.0,98.25,0.0,229.0,0.0,3.0,0.16,0.01,15043.6,8511.32,1862.8,1967.2,0.49,0.0,0.0,32.39765668623826,116151.86000000002,39.64650154666668,1.112,48.88,7.87,0.05,0.39,0.5,0.56,48.53,2.44,0,20224,195649024,19888,159174592,0,767,44631,29144,0,34,2,16.4,28941.8,12.0,6949.0,44.99,43.33,45.2,0.16870436888986606,2.1504,big_data
50.06,0.0,13.84,0.03,0.42,1.09,0.0,0.0,65.41273437500001,0.0,1.6,0.0,0.35,0.0,98.21,0.0,224.0,0.0,1.62,0.08,0.0,3703.63,2045.03,276.85,326.15,0.12,0.0,0.0,32.631044088908055,174371.82,59.51891456,0.885,57.54,6.4,0.12,0.38,0.7,0.62,46.94,9.02,0,20224,191218864,19908,159186304,0,365,108757,275926,0,67,72,55.4,273045.6,92.0,7054.0,53.32,45.08,45.76,0.17105827046960095,2.1504,big_data
